﻿<?xml version="1.0" encoding="utf-8" standalone="yes"?>
<window>
	<id>49853</id>
	<defaultcontrol>11</defaultcontrol>
	<allowoverlay>yes</allowoverlay>
<controls>
  
	<control>
		<description>default background</description>
		<type>image</type>
		<id>1</id>
		<posX>0</posX>
        <posY>0</posY>
		<width>1920</width>
		<height>1080</height>
		<texture>background.png</texture>
	</control>

	<!--            :: Count Background ::            -->

	<control>
		<description>RSS background</description>
		<type>image</type>
		<id>0</id>
		<posX>0</posX>
		<posY>900</posY>
		<width>1865</width>
		<height>96</height>
		<texture>basichome_rss_bg.png</texture>
		<animation effect="fade" start="0" end="100" time="300" delay="350">WindowOpen</animation>
		<animation effect="fade" start="100" end="0" time="0" delay="0">WindowClose</animation>
	</control>
	
	<control>
		<animation effect="fade" start="0" end="100" time="300" delay="350">WindowOpen</animation>
		<animation effect="fade" start="100" end="0" time="0" delay="0">WindowClose</animation>
		<type>label</type>
		<id>1</id>
		<posX>185</posX>
		<posY>38</posY>
		<width>800</width>
		<label>TV/Manual Schedule</label>
		<textcolor>6aa5cb</textcolor>
		<font>font22</font>
	</control>

	<control>
		<description>Number of Files Label</description>
		<type>label</type>
		<id>1</id>
		<label>#currentmodule: #itemcount</label>
		<posX>948</posX>
		<posY>944</posY>
		<align>left</align>
		<font>AvalonLight12</font>
		<textcolor>6aa5cb</textcolor>
		<visible>Control.IsVisible(10)</visible>
		<animation effect="fade" start="0" end="100" time="300" delay="350">WindowOpen</animation>
		<animation effect="fade" start="100" end="0" time="0" delay="0">WindowClose</animation>
	</control>	
	
    <import>common.time.xml</import>

    <control>
      <type>group</type>
      <layout>StackLayout</layout>
      <description>group element</description>
      <animation effect="fade" time="250">WindowOpen</animation>
      <animation effect="fade" time="250">WindowClose</animation>
      <posX>281</posX>
      <posY>253</posY>
      <width>394</width>
		  
		<control>
			<description>Record</description>
			<type>button</type>
			<id>11</id>
			<label>682</label>
			<onup>17</onup>
			<ondown>22</ondown>
			<onright></onright>
			<textalign>right</textalign>
			<width>394</width>
			<textXOff>32</textXOff>
			<height>64</height>
			<textYOff>14</textYOff>
			<textureFocus>listcontrol_item_selected_small.png</textureFocus>
			<textureNoFocus>listcontrol_item_small.png</textureNoFocus>		
		</control>
	  
		<control>
			<description>Alert me</description>
			<type>button</type>
			<id>22</id>
			<label>1040</label>
			<onup>11</onup>
			<ondown>10</ondown>
			<onright></onright>
			<textalign>right</textalign>
			<width>394</width>
			<textXOff>32</textXOff>
			<height>64</height>
			<textYOff>14</textYOff>
			<textureFocus>listcontrol_item_selected_small.png</textureFocus>
			<textureNoFocus>listcontrol_item_small.png</textureNoFocus>		
		</control>
	  
		<control>
			<description>Priority</description>
			<type>button</type>
			<id>10</id>
			<label>991</label>
			<onup>22</onup>
			<ondown>21</ondown>
			<onright></onright>
			<textalign>right</textalign>
			<width>394</width>
			<textXOff>32</textXOff>
			<height>64</height>
			<textYOff>14</textYOff>
			<textureFocus>listcontrol_item_selected_small.png</textureFocus>
			<textureNoFocus>listcontrol_item_small.png</textureNoFocus>		
		</control>
	  
		<control>
			<description>Keep</description>
			<type>button</type>
			<id>21</id>
			<label>1042</label>
			<onup>10</onup>
			<ondown>25</ondown>
			<onright></onright>
			<textalign>right</textalign>
			<width>394</width>
			<textXOff>32</textXOff>
			<height>64</height>
			<textYOff>14</textYOff>
			<textureFocus>listcontrol_item_selected_small.png</textureFocus>
			<textureNoFocus>listcontrol_item_small.png</textureNoFocus>		
		</control>
	  
			<control>
			<description>ReName</description>
			<type>button</type>
			<id>25</id>
			<label>118</label>
			<onup>21</onup>
			<ondown>11</ondown>
			<onright></onright>
			<textalign>right</textalign>
			<width>394</width>
			<textXOff>32</textXOff>
			<height>64</height>
			<textYOff>14</textYOff>
			<textureFocus>listcontrol_item_selected_small.png</textureFocus>
			<textureNoFocus>listcontrol_item_small.png</textureNoFocus>	
		</control>
	  
    </control>


	<control>
		<type>group</type>
		<description>group element</description>
		<animation effect="fade" time="250">WindowOpen</animation>
		<animation effect="fade" time="250">WindowClose</animation>
        <dimColor>ffffffff</dimColor>
		
			<control>
				<description>Episoden listcontrol</description>
				<type>listcontrol</type>
				<id>26</id>
				<posX>918</posX>
				<posY>219</posY>
				<height>800</height>
				<width>943</width>
				<onleft>11</onleft>
				<onright>5</onright>
				<scrollOffset>1</scrollOffset>
				<PinIconHeight>45</PinIconHeight>
				<PinIconWidth>44</PinIconWidth>
				<PinIconXOff>35</PinIconXOff>
				<PinIconYOff>5</PinIconYOff>
				<itemWidth>40</itemWidth>
				<itemHeight>30</itemHeight>
				<textureFocus>listcontrol_item_selected_tv.png</textureFocus>
				<textureNoFocus>-</textureNoFocus>
				<IconXOff>-2000</IconXOff>
				<IconYOff>13</IconYOff>				
				<textXOff>50</textXOff>
                <textXOff2>914</textXOff2>
				<keepaspectratio>no</keepaspectratio>
				<spinCanFocus>no</spinCanFocus>
				<dimColor>ffffffff</dimColor>
                <spinPosX>1832</spinPosX>
                <spinPosY>950</spinPosY>
			</control>
	</control>

    <control>
      <description>Group</description>
      <type>label</type>
      <id>0</id>
      <posX>480</posX>
      <posY>121</posY>
      <label>971</label>
      <font>font13</font>
      <textcolor>FFFFFFFF</textcolor>
    </control>
	
    <control>
      <description>Channel</description>
      <type>label</type>
      <id>0</id>
      <posX>820</posX>
      <posY>121</posY>
      <label>602</label>
      <font>font13</font>
      <textcolor>FFFFFFFF</textcolor>
    </control>

    <control>
      <description>Group Select</description>
      <type>spincontrol</type>
      <id>12</id>
      <posX>480</posX>
      <posY>171</posY>
      <showrange>no</showrange>
      <digits>6</digits>
      <orientation>vertical</orientation>
      <onup></onup>
      <ondown>16</ondown>
      <onleft>11</onleft>
      <onright>13</onright>
      <textcolor>FFFFFFFF</textcolor>
    </control>
	
    <control>
      <description>Channel Select</description>
      <type>spincontrol</type>
      <id>13</id>
      <posX>820</posX>
      <posY>171</posY>
      <showrange>no</showrange>
      <digits>6</digits>
      <orientation>vertical</orientation>
      <onup></onup>
      <ondown>15</ondown>
      <onleft>12</onleft>
      <onright>16</onright>
      <textcolor>FFFFFFFF</textcolor>
    </control>

    <control>
      <description>Day Select</description>
      <type>spincontrol</type>
      <id>16</id>
      <posX>480</posX>
      <posY>271</posY>
      <showrange>no</showrange>
      <digits>3</digits>
      <orientation>vertical</orientation>
      <onup>12</onup>
      <ondown></ondown>
      <onleft>11</onleft>
      <onright>17</onright>
      <textcolor>FFFFFFFF</textcolor>
    </control>
	
    <control>
      <description>Month Select</description>
      <type>spincontrol</type>
      <id>17</id>
      <posX>560</posX>
      <posY>271</posY>
      <showrange>no</showrange>
      <digits>3</digits>
      <orientation>vertical</orientation>
      <onup>12</onup>
      <ondown></ondown>
      <onleft>16</onleft>
      <onright>18</onright>
      <textcolor>FFFFFFFF</textcolor>
    </control>
	
    <control>
      <description>Year Select</description>
      <type>spincontrol</type>
      <id>18</id>
      <posX>640</posX>
      <posY>271</posY>
      <showrange>no</showrange>
      <digits>3</digits>
      <orientation>vertical</orientation>
      <onup>12</onup>
      <ondown></ondown>
      <onleft>17</onleft>
      <onright>15</onright>
      <textcolor>FFFFFFFF</textcolor>
    </control>

    <control>
      <description>Hours Select</description>
      <type>spincontrol</type>
      <id>15</id>
      <posX>820</posX>
      <posY>271</posY>
      <showrange>no</showrange>
      <digits>2</digits>
      <orientation>vertical</orientation>
      <onup>13</onup>
      <ondown></ondown>
      <onleft>18</onleft>
      <onright>14</onright>
      <textcolor>FFFFFFFF</textcolor>
    </control>
	
    <control>
      <description>Minutes Select</description>
      <type>spincontrol</type>
      <id>14</id>
      <posX>900</posX>
      <posY>271</posY>
      <showrange>no</showrange>
      <digits>2</digits>
      <orientation>vertical</orientation>
      <onup>13</onup>
      <ondown></ondown>
      <onleft>15</onleft>
      <onright>20</onright>
      <textcolor>FFFFFFFF</textcolor>
    </control>
	
    <control>
      <description>Duration Hours</description>
      <type>spincontrol</type>
      <id>20</id>
      <posX>1050</posX>
      <posY>271</posY>
      <showrange>no</showrange>
      <digits>2</digits>
      <orientation>vertical</orientation>	
      <onup>13</onup>
      <ondown></ondown>
      <onleft>14</onleft>
      <onright>19</onright>
      <textcolor>FFFFFFFF</textcolor>
    </control>
	
    <control>
      <description>Duration Minutes</description>
      <type>spincontrol</type>
      <id>19</id>
      <posX>1130</posX>
      <posY>271</posY>
      <showrange>no</showrange>
      <digits>2</digits>
      <orientation>vertical</orientation>
      <onup>13</onup>
      <ondown></ondown>
      <onleft>20</onleft>
      <onright>3</onright>
      <textcolor>FFFFFFFF</textcolor>
    </control>

    <control>
      <description>monday</description>
      <type>togglebutton</type>
      <id>3</id>
      <posX>480</posX>
      <posY>361</posY>
      <width>90</width>
      <label>657</label>
      <font>font12</font>
      <textcolor>White</textcolor>
      <colordiffuse>White</colordiffuse>
      <!--<disabledcolor>#60ffffff</disabledcolor>-->
      <onleft>11</onleft>
      <onup>16</onup>
      <ondown>11</ondown>
      <onright>4</onright>
    </control>
	
    <control>
      <description>tuesday</description>
      <type>togglebutton</type>
      <id>4</id>
      <posX>583</posX>
      <posY>361</posY>
      <width>90</width>
      <label>658</label>
      <font>font12</font>
      <textcolor>White</textcolor>
      <colordiffuse>White</colordiffuse>
      <!--<disabledcolor>#60ffffff</disabledcolor>-->
      <onleft>3</onleft>
      <onup>17</onup>
      <ondown>11</ondown>
      <onright>5</onright>
    </control>
	
    <control>
      <description>wednesday</description>
      <type>togglebutton</type>
      <id>5</id>
      <posX>686</posX>
      <posY>361</posY>
      <width>90</width>
      <label>659</label>
      <font>font12</font>
      <textcolor>White</textcolor>
      <colordiffuse>White</colordiffuse>
      <!--<disabledcolor>#60ffffff</disabledcolor>-->
      <onleft>4</onleft>
      <onup>18</onup>
      <ondown>11</ondown>
      <onright>6</onright>
    </control>
	
    <control>
      <description>thursday</description>
      <type>togglebutton</type>
      <id>6</id>
      <posX>789</posX>
      <posY>361</posY>
      <width>90</width>
      <label>660</label>
      <font>font12</font>
      <textcolor>White</textcolor>
      <colordiffuse>White</colordiffuse>
      <!--<disabledcolor>#60ffffff</disabledcolor>-->
      <onleft>5</onleft>
      <onup></onup>
      <ondown>11</ondown>
      <onright>7</onright>
    </control>
	
    <control>
      <description>friday</description>
      <type>togglebutton</type>
      <id>7</id>
      <posX>892</posX>
      <posY>361</posY>
      <width>90</width>
      <label>661</label>
      <font>font12</font>
      <textcolor>White</textcolor>
      <colordiffuse>White</colordiffuse>
      <!--<disabledcolor>#60ffffff</disabledcolor>-->
      <onleft>6</onleft>
      <onup></onup>
      <ondown>11</ondown>
      <onright>8</onright>
    </control>
	
    <control>
      <description>saturday</description>
      <type>togglebutton</type>
      <id>8</id>
      <posX>995</posX>
      <posY>361</posY>
      <width>90</width>
      <label>662</label>
      <font>font12</font>
      <textcolor>White</textcolor>
      <colordiffuse>White</colordiffuse>
      <!--<disabledcolor>#60ffffff</disabledcolor>-->
      <onleft>7</onleft>
      <onup></onup>
      <ondown>11</ondown>
      <onright>9</onright>
    </control>
	
    <control>
      <description>sunday</description>
      <type>togglebutton</type>
      <id>9</id>
      <posX>1098</posX>
      <posY>361</posY>
      <width>90</width>
      <label>663</label>
      <font>font12</font>
      <textcolor>White</textcolor>
      <colordiffuse>White</colordiffuse>
      <!--<disabledcolor>#60ffffff</disabledcolor>-->
      <onleft>8</onleft>
      <onup></onup>
      <ondown>11</ondown>
      <onright>11</onright>
    </control>
	
    <control>
      <description>starttime</description>
      <type>label</type>
      <id>0</id>
      <posX>820</posX>
      <posY>221</posY>
      <label>635</label>
      <font>font13</font>
      <textcolor>FFFFFFFF</textcolor> 
    </control>
	
    <control>
      <description>date</description>
      <type>label</type>
      <id>23</id>
      <posX>480</posX>
      <posY>221</posY>
      <label>636</label>
      <font>font13</font>
      <textcolor>FFFFFFFF</textcolor>
    </control> 
	
    <control>
      <description>duration</description>
      <type>label</type>
      <id>0</id>
      <posX>1050</posX>
      <posY>221</posY>
      <label>180</label>
      <font>font13</font>
      <textcolor>FFFFFFFF</textcolor> 
    </control>
	
    <control>
      <description>select days</description>
      <type>label</type>
      <id>24</id>
      <posX>480</posX>
      <posY>321</posY>
      <label>3015</label>
      <font>font13</font>
      <textcolor>FFFFFFFF</textcolor> 
    </control>
	
    <control>
      <description>Scheduled recordings</description>
      <type>label</type>
      <id>27</id>
      <posX>480</posX>
      <posY>431</posY>
      <label>646</label>
      <align>left</align>
      <font>font13</font>
      <textcolor>FFFFFFFF</textcolor>
      <animation effect="fade" time="250">WindowOpen</animation>
      <animation effect="fade" time="250">WindowClose</animation>
    </control>
	
	
	<import>common.overlay.xml</import>

</controls>
</window>
