<?xml version="1.0" encoding="utf-8" standalone="yes"?>
<window>
<controls>
	<control>
		<type>actiongroup</type>
		<description>action menu</description>
		<defaultcontrol>2</defaultcontrol>
		<onexit>50</onexit>
		<dimColor>00ffffff</dimColor>
		<buttonX>0</buttonX>
		<buttonY>0</buttonY>
		<buttonwidth>521</buttonwidth>
		<buttonheight>1080</buttonheight>
		
		<control>
			<type>image</type>
			<id>0</id>
			<width>1920</width>
			<height>1080</height>
			<texture>semi_trans_back_hidden_menu.png</texture>
			<visible>!Control.HasFocus(50)+control.isvisible(50)</visible>
			<animation effect="fade" time="450">visible</animation>
			<animation effect="fade" time="400">hidden</animation>
		</control>
		
	<control>
		<type>group</type>
		<animation effect="fade" time="250">WindowOpen</animation>
		<animation effect="fade" time="0">WindowClose</animation>
		<animation effect="slide" start="-150,0" end="0,0" tween="quadratic" easing="in" time="200" delay="0">visible</animation>
		<animation effect="fade" time="250">visible</animation>
		<animation effect="fade" time="0">hidden</animation>
		<control>
			<type>image</type>
			<id>0</id>
			<posY>15</posY>
			<posX>0</posX>
			<width>631</width>
			<height>1044</height>
			<texture>menu_bg.png</texture>
			<visible>!Control.HasFocus(50)+control.isvisible(50)</visible>
		</control>
	
		<control>
			<description>Heading text label</description>
			<type>label</type>
			<id>1</id>
			<posX>136</posX>
			<posY>128</posY>
			<label>924</label>
			<font>font22</font>
			<textcolor>ffffff</textcolor>
		</control>	
				
			<control>
				<type>button</type>
				<description>View-As button</description>
				<id>2</id>
				<onleft>50</onleft>
				<onright>50</onright>
				<onup>7</onup>
				<ondown>5</ondown>
				<label>100</label>
				<textureFocus>hiddenmenu_item_selected.png</textureFocus>
				<textureNoFocus>-</textureNoFocus>
				<posX>69</posX>
				<posY>215</posY>
				<width>497</width>
				<height>70</height>
				<textXOff>66</textXOff>
				<textYOff>17</textYOff>
			</control>

			<control>
				<type>button</type>
				<description>All,Genre,Channel button</description>
				<id>5</id>
				<onleft>50</onleft>
				<onright>50</onright>
				<onup>2</onup>
				<ondown>3</ondown>
				<label>457</label>
				<textureFocus>hiddenmenu_item_selected.png</textureFocus>
				<textureNoFocus>-</textureNoFocus>
				<posX>69</posX>
				<posY>285</posY>
				<width>497</width>
				<height>70</height>
				<textXOff>66</textXOff>
				<textYOff>17</textYOff>
			</control>
			
			<control>
				<type>sortbutton</type>
				<id>3</id>
				<onleft>50</onleft>
				<onright>50</onright>
				<onup>5</onup>
				<ondown>6</ondown>
				<label>620</label>
				<textureFocus>hiddenmenu_item_selected.png</textureFocus>
				<textureNoFocus>-</textureNoFocus>
				<posX>69</posX>
				<posY>355</posY>
				<width>497</width>
				<height>70</height>
				<textXOff>66</textXOff>
				<textYOff>17</textYOff>
				<offsetSortButtonX>360</offsetSortButtonX>
				<offsetSortButtonY>27</offsetSortButtonY>
			</control>

			<control>
				<type>button</type>
				<description>newbutton</description>
				<id>6</id>
				<onleft>50</onleft>
				<onright>50</onright>
				<onup>3</onup>
				<ondown>7</ondown>
				<label>624</label>
				<textureFocus>hiddenmenu_item_selected.png</textureFocus>
				<textureNoFocus>-</textureNoFocus>
				<posX>69</posX>
				<posY>425</posY>
				<width>497</width>
				<height>70</height>
				<textXOff>66</textXOff>
				<textYOff>17</textYOff>
			</control>

			<control>
				<type>button</type>
				<description>tvguide button</description>
				<id>7</id>
				<onleft>50</onleft>
				<onright>50</onright>
				<onup>6</onup>
				<ondown>2</ondown>
				<hyperlink>600</hyperlink>
				<label>600</label>
				<textureFocus>hiddenmenu_item_selected.png</textureFocus>
				<textureNoFocus>-</textureNoFocus>
				<posX>69</posX>
				<posY>495</posY>
				<width>497</width>
				<height>70</height>
				<textXOff>66</textXOff>
				<textYOff>17</textYOff>			
			</control>
		
	</control>
</control>

</controls>
</window>