<?xml version="1.0" encoding="utf-8" standalone="yes"?>
<window>
<id>748</id>
<defaultcontrol>2</defaultcontrol>
<allowoverlay>yes</allowoverlay>
<controls>

	<control>
		<description>BG</description>
		<type>image</type>
		<id>1</id>
		<width>1920</width>
		<height>1080</height>
		<texture>background.png</texture>
	</control>
		
	<control>
		<description>Viewport listview</description>
		<type>image</type>
		<id>1</id>
		<posX>0</posX>
		<posY>92</posY>
		<width>1893</width>
		<height>866</height>
		<texture>viewport_tv_recordings.png</texture>
		<animation effect="fade" time="250">WindowOpen</animation>
		<animation effect="fade" time="250">WindowClose</animation>
		<animation effect="slide" time="250" start="-1890,0">WindowOpen</animation>
		<animation effect="slide" time="250" end="-1890,0">WindowClose</animation>
	</control>

	<!--            :: Count Background ::            -->

	<control>
		<description>RSS background</description>
		<type>image</type>
		<id>0</id>
		<posX>0</posX>
		<posY>900</posY>
		<width>1865</width>
		<height>96</height>
		<texture>basichome_rss_bg.png</texture>
		<animation effect="fade" start="0" end="100" time="300" delay="350">WindowOpen</animation>
		<animation effect="fade" start="100" end="0" time="0" delay="0">WindowClose</animation>
	</control>
	
	<control>
		<animation effect="fade" time="250">WindowOpen</animation>
		<animation effect="fade" time="250">WindowClose</animation>
		<type>label</type>
		<id>1</id>
		<posX>185</posX>
		<posY>38</posY>
		<width>500</width>
		<label>100748</label>
		<textcolor>6aa5cb</textcolor>
		<font>font22</font>
	</control>

	<control>
		<description>Number of Files Label</description>
		<type>label</type>
		<id>1</id>
		<label>#currentmodule: #itemcount</label>
		<posX>948</posX>
		<posY>944</posY>
		<align>left</align>
		<font>AvalonLight12</font>
		<textcolor>6aa5cb</textcolor>
		<visible>Control.IsVisible(10)</visible>
		<animation effect="fade" start="0" end="100" time="300" delay="350">WindowOpen</animation>
		<animation effect="fade" start="100" end="0" time="0" delay="0">WindowClose</animation>
	</control>	
	
	<import>common.time.xml</import>

	<control>
		<type>group</type>
		<description>group element</description>
		<animation effect="fade" start="0" end="100" time="300" delay="350">WindowOpen</animation>
		<animation effect="fade" start="100" end="0" time="0" delay="0">WindowClose</animation>
		
		<control>
			<description>Record</description>
			<type>button</type>
			<id>2</id>
			<posX>72</posX>
			<posY>228</posY>
			<onup>5</onup>
			<ondown>3</ondown>
			<onright>6</onright>
			<onleft>10</onleft>
			<textcolorNoFocus>ffffffff</textcolorNoFocus>
		</control>

		<control>
			<description>Reminder</description>
			<type>button</type>
			<id>6</id>
			<posX>462</posX>
			<posY>228</posY>
			<onup>9</onup>
			<ondown>4</ondown>
			<onleft>2</onleft>
			<textcolorNoFocus>ffffffff</textcolorNoFocus>
		</control>

		<control>
			<description>Priority</description>
			<type>button</type>
			<id>3</id>
			<posX>72</posX>
			<posY>292</posY>
			<label>991</label>
			<onup>2</onup>
			<ondown>8</ondown>
			<onleft>10</onleft>
			<textalign>left</textalign>			
			<textcolorNoFocus>ffffffff</textcolorNoFocus>
		</control>

		<control>
			<description>Keep</description>
			<type>button</type>
			<id>4</id>
			<posX>462</posX>
			<posY>292</posY>
			<label>1042</label>
			<onup>2</onup>
			<ondown>9</ondown>
			<onleft>3</onleft>
			<textcolorNoFocus>ffffffff</textcolorNoFocus>
		</control>

		<control>
			<description>Only new episodes</description>
			<type>togglebutton</type>
			<id>5</id>
			<posX>72</posX>
			<posY>420</posY>	
			<label>Only new episodes</label>				
			<colordiffuse>ffffffff</colordiffuse>			
			<onup>8</onup>
			<ondown>2</ondown>
			<onleft>10</onleft>
			<textalign>left</textalign>
		</control>

		<control>
			<description>PreRecord</description>
			<type>button</type>
			<id>8</id>
			<posX>72</posX>
			<posY>356</posY>
			<label>1444</label>
			<onup>3</onup>
			<ondown>5</ondown>
			<onright>9</onright>
			<onleft>10</onleft>
			<textcolorNoFocus>ffffffff</textcolorNoFocus>
		</control>

		<control>
			<description>PostRecord</description>
			<type>button</type>
			<id>9</id>
			<posX>462</posX>
			<posY>356</posY>
			<label>1445</label>
			<onup>4</onup>
			<ondown>6</ondown>
			<onleft>8</onleft>
			<textalign>left</textalign>			
			<textcolorNoFocus>ffffffff</textcolorNoFocus>
		</control>
	</control>
	

		<control>
			<description>Current program title</description>
			<type>fadelabel</type>
			<id>13</id>
			<posX>270</posX>
			<posY>514</posY>
			<width>580</width>
			<font>fontB20</font>
			<animation effect="fade" start="0" end="100" time="300" delay="350">WindowOpen</animation>
			<animation effect="fade" start="100" end="0" time="0" delay="0">WindowClose</animation>
		</control>
		
		<control>
			<description>Current program channel</description>
			<type>fadelabel</type>
			<id>16</id>
			<posX>-2000</posX>
			<posY>242</posY>
			<font>AvalonLight14</font>
			<textcolor>85cffe</textcolor>
			<animation effect="fade" start="0" end="100" time="300" delay="350">WindowOpen</animation>
			<animation effect="fade" start="100" end="0" time="0" delay="0">WindowClose</animation>
		</control>
		
		<control>
			<type>label</type>
			<description>Current program time</description>
			<id>14</id>
			<posX>270</posX>
			<posY>570</posY>
			<textcolor>6aa5cb</textcolor>
			<font>AvalonLight12</font>
			<animation effect="fade" start="0" end="100" time="300" delay="350">WindowOpen</animation>
			<animation effect="fade" start="100" end="0" time="0" delay="0">WindowClose</animation>
		</control>

		<control>
			<type>textboxscrollup</type>
			<description>Description1</description>
			<id>15</id>
			<posX>74</posX>
			<posY>634</posY>
			<width>780</width>
			<height>275</height>
			<animation effect="fade" start="0" end="100" time="300" delay="350">WindowOpen</animation>
			<animation effect="fade" start="100" end="0" time="0" delay="0">WindowClose</animation>
		</control>

    <control>
		<description>upcoming episodes label</description>
		<type>label</type>
		<id>11</id>
		<posX>1030</posX>
		<posY>168</posY>
		<width>800</width>
		<label>1041</label>
		<textcolor>85cffe</textcolor>
		<font>AvalonLight16</font>
		<animation effect="fade" start="0" end="100" time="300" delay="350">WindowOpen</animation>
		<animation effect="fade" start="100" end="0" time="0" delay="0">WindowClose</animation>
    </control>


    <control>
        <type>group</type>
        <description>group element</description>
		<animation effect="fade" start="0" end="100" time="300" delay="350">WindowOpen</animation>
		<animation effect="fade" start="100" end="0" time="0" delay="0">WindowClose</animation>

    <control>
        <description>listcontrol</description>
        <type>listcontrol</type>
        <id>10</id>
        <posX>918</posX>
        <posY>279</posY>
        <height>700</height>
        <width>919</width>
        <onleft>2</onleft>
        <onright>5</onright>
        <scrollOffset>1</scrollOffset>
        <PinIconHeight>56</PinIconHeight>
        <PinIconWidth>35</PinIconWidth>
        <PinIconXOff>5</PinIconXOff>
        <PinIconYOff>5</PinIconYOff>
        <itemWidth>64</itemWidth>
        <itemHeight>53</itemHeight>
        <textureFocus>listcontrol_item_selected_tv.png</textureFocus>
        <textureNoFocus>-</textureNoFocus>
        <IconXOff>45</IconXOff>
        <IconYOff>0</IconYOff>
        <textXOff>40</textXOff>
        <keepaspectratio>yes</keepaspectratio>
        <dimColor>ffffffff</dimColor>
        <spinPosX>1832</spinPosX>
        <spinPosY>950</spinPosY>
      </control>
    </control>

		<control>
			<description>genre</description>
			<type>label</type>
			<id>17</id>
			<posX>-2000</posX>
		</control>

	<control>
			<id>0</id>
			<type>image</type>
			<posX>70</posX>
			<posY>500</posY>
			<width>187</width>
			<height>119</height>
			<texture>tv_logo_bg.png</texture>
			<animation effect="fade" start="0" end="100" time="300" delay="350">WindowOpen</animation>
			<animation effect="fade" start="100" end="0" time="0" delay="0">WindowClose</animation>
		</control>
	
		<control>
			<id>0</id>
			<type>image</type>
			<posX>121</posX>
			<posY>514</posY>
			<width>90</width>
			<height>90</height>
			<texture>#selectedthumb</texture>
			<animation effect="fade" start="0" end="100" time="300" delay="350">WindowOpen</animation>
			<animation effect="fade" start="100" end="0" time="0" delay="0">WindowClose</animation>
		</control>
	
	<import>common.overlay.xml</import>

</controls>
</window>

