﻿<?xml version="1.0" encoding="utf-8" standalone="yes"?>
<window>
<id>49848</id>
<defaultcontrol>2</defaultcontrol>
<allowoverlay>yes</allowoverlay>
<controls>

	<control>
		<description>default background</description>
		<type>image</type>
		<id>1</id>
		<posX>0</posX>
        <posY>0</posY>
		<width>1920</width>
		<height>1080</height>
		<texture>background.png</texture>
	</control>

		<!--            :: Overlays ::            -->	


	<control>
		<description>Viewport listview</description>
		<type>image</type>
		<id>1</id>
		<posX>0</posX>
		<posY>92</posY>
		<width>1893</width>
		<height>866</height>
		<texture>viewport_tv_recordings.png</texture>
		<animation effect="fade" time="250">WindowOpen</animation>
		<animation effect="fade" time="250">WindowClose</animation>
		<animation effect="slide" time="250" start="-1890,0">WindowOpen</animation>
		<animation effect="slide" time="250" end="-1890,0">WindowClose</animation>
	</control>
	
	<!--            :: Count Background ::            -->

	<control>
		<description>RSS background</description>
		<type>image</type>
		<id>0</id>
		<posX>0</posX>
		<posY>900</posY>
		<width>1865</width>
		<height>96</height>
		<texture>basichome_rss_bg.png</texture>
		<animation effect="fade" start="0" end="100" time="300" delay="350">WindowOpen</animation>
		<animation effect="fade" start="100" end="0" time="0" delay="0">WindowClose</animation>
	</control>
	<control>
		<animation effect="fade" start="0" end="100" time="300" delay="350">WindowOpen</animation>
		<animation effect="fade" start="100" end="0" time="0" delay="0">WindowClose</animation>
		<type>label</type>
		<id>1</id>
		<posX>185</posX>
		<posY>38</posY>
		<width>800</width>
		<label>646</label>
		<textcolor>6aa5cb</textcolor>
		<font>font22</font>
	</control>

	<control>
		<animation effect="fade" start="0" end="100" time="300" delay="350">WindowOpen</animation>
		<animation effect="fade" start="100" end="0" time="0" delay="0">WindowClose</animation>
		<description>Selected item Label</description>
		<type>fadelabel</type>
		<id>1</id>
		<posX>270</posX>
		<posY>472</posY>
		<width>580</width>
		<label>#selecteditem</label>
		<font>fontB16</font>
		<visible>string.equals(#TV.Scheduled.Title,)</visible>
	</control>
	
	<control>
		<animation effect="fade" start="0" end="100" time="300" delay="350">WindowOpen</animation>
		<animation effect="fade" start="100" end="0" time="0" delay="0">WindowClose</animation>
		<description>Selected item Label</description>
		<type>fadelabel</type>
		<id>1</id>
		<posX>270</posX>
		<posY>472</posY>
		<width>580</width>
		<label>#TV.Scheduled.Title</label>
		<font>fontB16</font>
		<visible>!string.equals(#TV.Scheduled.Title,)</visible>
	</control>

	<control>
		<description>Number of Files Label</description>
		<type>label</type>
		<id>1</id>
		<label>#currentmodule: #itemcount</label>
		<posX>948</posX>
		<posY>944</posY>
		<align>left</align>
		<font>AvalonLight12</font>
		<textcolor>6aa5cb</textcolor>
		<visible>Control.IsVisible(10)</visible>
		<animation effect="fade" start="0" end="100" time="300" delay="350">WindowOpen</animation>
		<animation effect="fade" start="100" end="0" time="0" delay="0">WindowClose</animation>
	</control>	
	
<import>common.time.xml</import>

	<control>
		<type>group</type>
		<description>group element</description>
		<animation effect="fade" time="250">WindowOpen</animation>
		<animation effect="fade" time="250">WindowClose</animation>
        <dimColor>ffffffff</dimColor>
		<posX>99</posX>
		<posY>216</posY>
		<layout>GridLayout(2, 0, 4, 0, 1)</layout>
		
		<control>
			<description>Programm Type Button</description>		
			<type>button</type>
			<id>2</id>
			<posX>72</posX>
			<posY>156</posY>				
			<label>Type:</label>		
			<onleft>10</onleft>
			<onright>10</onright>
			<onup>9</onup>
			<ondown>9</ondown>
			<textalign>left</textalign>	
			<textcolorNoFocus>ffffffff</textcolorNoFocus>	
		</control>
		
		<control>
			<description>Sort button</description>		
			<type>sortbutton</type>
			<id>9</id>
			<posX>72</posX>
			<posY>220</posY>				
			<onleft>10</onleft>
			<onright>10</onright>
			<onup>2</onup>
			<ondown>2</ondown>
			<label>sort</label>
			<font>AvalonLight12</font>
			<textalign>left</textalign>	
			<textcolorNoFocus>ffffffff</textcolorNoFocus>		
		</control>

		<control>
			<description>empty button</description>
			<type>button</type>
			<posX>72</posX>
			<posY>284</posY>			
			<textcolorNoFocus>ffffffff</textcolorNoFocus>	
		</control>
		
		<control>
			<type>button</type>
			<description>empty button</description>
			<posX>462</posX>
			<posY>156</posY>			
			<textcolorNoFocus>ffffffff</textcolorNoFocus>		
		</control>
		
		<control>
			<description>empty button</description>		
			<type>button</type>
			<posX>462</posX>
			<posY>220</posY>				
			<textcolorNoFocus>ffffffff</textcolorNoFocus>		
		</control>
		
		<control>
			<description>empty button</description>
			<type>button</type>
			<posX>462</posX>
			<posY>284</posY>				
			<font>AvalonLight12</font>
			<textcolorNoFocus>ffffffff</textcolorNoFocus>	
		</control>
	
	</control>	
	
	<control>
		<type>group</type>
		<description>group element</description>
		<animation effect="fade" time="250">WindowOpen</animation>
		<animation effect="fade" time="250">WindowClose</animation>
		
			<control>
				<description>listcontrol</description>
				<type>listcontrol</type>
				<id>10</id>
				<posX>918</posX>
				<posY>279</posY>
				<height>700</height>
				<width>919</width>
				<onleft>2</onleft>
				<onright>5</onright>
				<scrollOffset>1</scrollOffset>
				<PinIconHeight>53</PinIconHeight>
				<PinIconWidth>34</PinIconWidth>
				<PinIconXOff>0</PinIconXOff>
				<PinIconYOff>0</PinIconYOff>
				<itemWidth>64</itemWidth>
				<itemHeight>53</itemHeight>
				<textureFocus>listcontrol_item_selected_tv.png</textureFocus>
				<textureNoFocus>-</textureNoFocus>
				<IconXOff>45</IconXOff>
				<IconYOff>0</IconYOff>				
				<textXOff>40</textXOff>
				<keepaspectratio>yes</keepaspectratio>
				<dimColor>ffffffff</dimColor>
                <spinPosX>1832</spinPosX>
                <spinPosY>950</spinPosY>
			</control>
	   
</control>

		<control>
			<description>scheduled recordings label</description>
			<type>label</type>
			<id>1</id>
			<posX>1030</posX>
			<posY>168</posY>
			<width>800</width>
			<label>Scheduled recordings</label>
			<textcolor>85cffe</textcolor>
			<font>AvalonLight16</font>
			<animation effect="fade" start="0" end="100" time="300" delay="350">WindowOpen</animation>
			<animation effect="fade" start="100" end="0" time="0" delay="0">WindowClose</animation>
		</control>
				
		<control>
			<animation effect="fade" start="0" end="100" time="300" delay="350">WindowOpen</animation>
			<animation effect="fade" start="100" end="0" time="0" delay="0">WindowClose</animation>
			<type>label</type>
			<description>Current program time</description>
			<id>14</id>
			<posX>270</posX>
			<posY>528</posY>
			<textcolor>6aa5cb</textcolor>
			<font>AvalonLight14</font>
			<label>#TV.Upcoming.Time</label>
			<visible>true</visible>
		</control>

		<control>
			<animation effect="fade" start="0" end="100" time="300" delay="350">WindowOpen</animation>
			<animation effect="fade" start="100" end="0" time="0" delay="0">WindowClose</animation>
			<type>textboxscrollup</type>
			<description>Description1</description>
			<id>15</id>
			<posX>74</posX>
			<posY>592</posY>
			<width>780</width>
			<height>325</height>
			<label>#TV.Upcoming.Description</label>
		</control>
		
	<control>
		<id>0</id>
		<type>image</type>
		<posX>70</posX>
		<posY>458</posY>
		<width>187</width>
		<height>119</height>
		<texture>tv_logo_bg.png</texture>
		<visible>Control.IsVisible(10)</visible>
		<animation effect="fade" start="0" end="100" time="300" delay="350">WindowOpen</animation>
		<animation effect="fade" start="100" end="0" time="0" delay="0">WindowClose</animation>
	</control>
	
	<control>
		<id>0</id>
		<type>image</type>
		<posX>121</posX>
		<posY>472</posY>
		<width>90</width>
		<height>90</height>
		<texture>#selectedthumb</texture>
		<animation effect="fade" start="0" end="100" time="300" delay="350">WindowOpen</animation>
		<animation effect="fade" start="100" end="0" time="0" delay="0">WindowClose</animation>
	</control>

<import>common.overlay.xml</import>

</controls>
</window>
