﻿<?xml version="1.0" encoding="utf-8" standalone="yes"?>
<window>
		<id>49851</id>
		<defaultcontrol>2</defaultcontrol>
		<allowoverlay>yes</allowoverlay>
	<controls>

	<control>
		<description>default background</description>
		<type>image</type>
		<id>1</id>
		<posX>0</posX>
        <posY>0</posY>
		<width>1920</width>
		<height>1080</height>
		<texture>background.png</texture>
	</control>
	
		<!--            :: Overlays ::            -->	


	<control>
		<description>Viewport listview</description>
		<type>image</type>
		<id>1</id>
		<posX>0</posX>
		<posY>92</posY>
		<width>1893</width>
		<height>866</height>
		<texture>viewport_tv_recordings.png</texture>
		<animation effect="fade" time="250">WindowOpen</animation>
		<animation effect="fade" time="250">WindowClose</animation>
		<animation effect="slide" time="250" start="-1890,0">WindowOpen</animation>
		<animation effect="slide" time="250" end="-1890,0">WindowClose</animation>
	</control>

	<!--            :: Count Background ::            -->

	<control>
		<description>RSS background</description>
		<type>image</type>
		<id>0</id>
		<posX>0</posX>
		<posY>900</posY>
		<width>1865</width>
		<height>96</height>
		<texture>basichome_rss_bg.png</texture>
		<animation effect="fade" start="0" end="100" time="300" delay="350">WindowOpen</animation>
		<animation effect="fade" start="100" end="0" time="0" delay="0">WindowClose</animation>
	</control>

	<control>
		<animation effect="fade" time="250">WindowOpen</animation>
		<animation effect="fade" time="250">WindowClose</animation>
		<type>label</type>
		<id>1</id>
		<posX>185</posX>
		<posY>38</posY>
		<width>800</width>
		<label>724</label>
		<textcolor>6aa5cb</textcolor>
		<font>font22</font>
	</control>
	
	<control>
		<description>Number of Files Label</description>
		<type>label</type>
		<id>12</id>
		<posX>-2000</posX>
		<label>#itemcount</label>
	</control>
	
	<control>
		<description>Number of Files Label</description>
		<type>label</type>
		<id>1</id>
		<label>#itemcount</label>
		<posX>948</posX>
		<posY>944</posY>
		<align>left</align>
		<font>AvalonLight12</font>
		<textcolor>6aa5cb</textcolor>
		<animation effect="fade" start="0" end="100" time="300" delay="350">WindowOpen</animation>
		<animation effect="fade" start="100" end="0" time="0" delay="0">WindowClose</animation>
	</control>
	
	<control>
		<description>Selected item Label</description>
		<type>fadelabel</type>
		<id>1</id>
		<posX>270</posX>
		<posY>472</posY>
		<width>580</width>
		<label>#selecteditem</label>
		<font>fontB16</font>
		<animation effect="fade" start="0" end="100" time="300" delay="350">WindowOpen</animation>
		<animation effect="fade" start="100" end="0" time="0" delay="0">WindowClose</animation>
	</control>
	
<import>common.time.xml</import>
		
	<control>
		<type>group</type>
		<description>group element</description>
		<animation effect="fade" start="0" end="100" time="300" delay="350">WindowOpen</animation>
		<animation effect="fade" start="100" end="0" time="0" delay="0">WindowClose</animation>

    <control>
      <type>button</type>
      <description>Search</description>
      <id>2</id>
      <posX>72</posX>
      <posY>156</posY>
      <label>137</label>
      <onleft>10</onleft>
      <onright>6</onright>
      <onup>3</onup>
      <ondown>7</ondown>
      <textalign>left</textalign>
      <textcolorNoFocus>ffffffff</textcolorNoFocus>
    </control>

    <control>
      <type>button</type>
      <description>channels</description>
      <id>7</id>
      <posX>72</posX>
      <posY>220</posY>
      <label>channels</label>
      <onleft>10</onleft>
      <onright>8</onright>
      <onup>2</onup>
      <ondown>3</ondown>
      <textalign>left</textalign>
      <textcolorNoFocus>ffffffff</textcolorNoFocus>
    </control>

    <control>
      <type>button</type>
      <description>categories</description>
      <id>8</id>
      <posX>462</posX>
      <posY>220</posY>
      <label>categaries</label>
      <onleft>7</onleft>
      <onright>10</onright>
      <onup>6</onup>
      <ondown>4</ondown>
      <textalign>left</textalign>
      <textcolorNoFocus>ffffffff</textcolorNoFocus>
    </control>

    <control>
      <type>button</type>
      <description>search mode</description>
      <id>6</id>
      <posX>462</posX>
      <posY>156</posY>
      <label>192</label>
      <onleft>2</onleft>
      <onright>10</onright>
      <onup>4</onup>
      <ondown>8</ondown>
      <textalign>left</textalign>
      <textcolorNoFocus>ffffffff</textcolorNoFocus>
    </control>

    <control>
      <type>button</type>
      <description>empty</description>
      <id>3</id>
      <posX>72</posX>
      <posY>284</posY>
      <label>192</label>
      <onleft>10</onleft>
      <onright>4</onright>
      <onup>7</onup>
      <ondown>2</ondown>
      <textalign>left</textalign>
      <textcolorNoFocus>ffffffff</textcolorNoFocus>
    </control>

    <control>
      <type>sortbutton</type>
      <id>4</id>
      <onleft>3</onleft>
      <onright>10</onright>
      <onup>8</onup>
      <ondown>6</ondown>
      <label>620</label>
      <posX>462</posX>
      <posY>284</posY>
      <textalign>left</textalign>
      <textcolorNoFocus>ffffffff</textcolorNoFocus>
    </control>
	  
    </control>
	
			<control>
				<description>listcontrol</description>
				<type>listcontrol</type>
				<id>10</id>
				<posX>918</posX>
				<posY>160</posY>
				<height>800</height>
				<width>919</width>
				<onleft>2</onleft>
				<onright>2</onright>
				<scrollOffset>1</scrollOffset>
				<PinIconHeight>46</PinIconHeight>
				<PinIconWidth>45</PinIconWidth>
				<PinIconXOff>40</PinIconXOff>
				<PinIconYOff>6</PinIconYOff>
				<itemWidth>64</itemWidth>
				<itemHeight>53</itemHeight>
				<textureFocus>listcontrol_item_selected_tv.png</textureFocus>
				<textureNoFocus>-</textureNoFocus>
				<IconXOff>-2000</IconXOff>
				<IconYOff>0</IconYOff>
				<textXOff>40</textXOff>
                <textXOff2>2000</textXOff2>
				<keepaspectratio>yes</keepaspectratio>
				<spinCanFocus>no</spinCanFocus>
                <spinPosX>1832</spinPosX>
                <spinPosY>950</spinPosY>
				<dimColor>ffffffff</dimColor>
				<animation effect="fade" start="0" end="100" time="300" delay="350">WindowOpen</animation>
				<animation effect="fade" start="100" end="0" time="0" delay="0">WindowClose</animation>				
			</control>
	
	<control>
		<id>0</id>
		<type>image</type>
		<posX>70</posX>
		<posY>458</posY>
		<width>187</width>
		<height>119</height>
		<texture>tv_logo_bg.png</texture>
		<visible>Control.HasThumb(60)+!string.equals(#selecteditem,..)</visible>
		<animation effect="fade" start="0" end="100" time="300" delay="350">WindowOpen</animation>
		<animation effect="fade" start="100" end="0" time="0" delay="0">WindowClose</animation>
	</control>
	
	<control>
		<description>Current program title</description>
		<type>fadelabel</type>
		<id>13</id>
		<posX>-2000</posX>
		<posY>545</posY>
		<width>424</width>
		<label>#Radio.Search.Title</label>
		<font>font13</font>
		<animation effect="fade" start="0" end="100" time="300" delay="350">WindowOpen</animation>
		<animation effect="fade" start="100" end="0" time="0" delay="0">WindowClose</animation>
	</control>
	
	<control>
		<description>Current channel</description>
		<type>label</type>
		<id>16</id>
		<posX>-2000</posX>
		<posY>540</posY>
		<label>#Radio.Search.Channel</label>
		<font>AvalonLight12</font>
		<animation effect="fade" start="0" end="100" time="300" delay="350">WindowOpen</animation>
		<animation effect="fade" start="100" end="0" time="0" delay="0">WindowClose</animation>
		<textcolor>6aa5cb</textcolor>
	</control>

	<control>
		<description>Current program time</description>
		<type>label</type>
		<id>14</id>
		<posX>270</posX>
		<posY>528</posY>
		<textcolor>6aa5cb</textcolor>
		<font>AvalonLight14</font>
		<animation effect="fade" start="0" end="100" time="300" delay="350">WindowOpen</animation>
		<animation effect="fade" start="100" end="0" time="0" delay="0">WindowClose</animation>
		<label>#Radio.Search.Time</label>
	</control>

	<control>
		<description>Description1</description>
		<type>textboxscrollup</type>
		<id>15</id>
		<posX>74</posX>
		<posY>592</posY>
		<width>780</width>
		<height>325</height>
		<animation effect="fade" start="0" end="100" time="300" delay="350">WindowOpen</animation>
		<animation effect="fade" start="100" end="0" time="0" delay="0">WindowClose</animation>
		<label>#Radio.Search.Description</label>
        <lineSpacing>0.85</lineSpacing>
	</control>

	<control>
		<description>genre</description>
		<type>label</type>
		<id>17</id>
		<posX>-2000</posX>
		<posY>520</posY>
		<label>#Radio.Search.Genre</label>
		<align>right</align>
		<font>font13</font>
		<textcolor>FFB2D4F5</textcolor>
		<animation effect="fade" start="0" end="100" time="300" delay="350">WindowOpen</animation>
		<animation effect="fade" start="100" end="0" time="0" delay="0">WindowClose</animation>
	</control>

	<control>
		<id>60</id>
		<type>image</type>
		<posX>121</posX>
		<posY>472</posY>
		<width>90</width>
		<height>90</height>
		<texture>#Radio.Search.thumb</texture>
		<animation effect="fade" start="0" end="100" time="300" delay="350">WindowOpen</animation>
		<animation effect="fade" start="100" end="0" time="0" delay="0">WindowClose</animation>
	</control>	

</controls>
</window>
