<?xml version="1.0" encoding="utf-8" standalone="yes"?>
<window>
<id>49849</id>
<defaultcontrol>10</defaultcontrol>
<allowoverlay>yes</allowoverlay>
<controls>

	<control>
		<description>default background</description>
		<type>image</type>
		<id>1</id>
		<posX>0</posX>
        <posY>0</posY>
		<width>1920</width>
		<height>1080</height>
		<texture>background.png</texture>
	</control>

		<!--            :: Overlays ::            -->	
		
	<control>
		<description>background listview</description>
		<type>image</type>
		<id>1</id>
		<posX>0</posX>
        <posY>0</posY>
		<width>1920</width>
		<height>1080</height>
		<texture>overlay_long.png</texture>
		<visible>Control.IsVisible(10)</visible>
	</control>
	
	<control>
		<description>Viewport listview</description>
		<type>image</type>
		<id>1</id>
		<posX>0</posX>
		<posY>92</posY>
		<width>1893</width>
		<height>866</height>
		<texture>viewport_tv_recordings.png</texture>
		<animation effect="fade" time="250">WindowOpen</animation>
		<animation effect="fade" time="250">WindowClose</animation>
		<animation effect="slide" time="250" start="-1890,0">WindowOpen</animation>
		<animation effect="slide" time="250" end="-1890,0">WindowClose</animation>
	</control>
	
	<control>
		<animation effect="fade" time="250">WindowOpen</animation>
		<animation effect="fade" time="250">WindowClose</animation>
		<type>label</type>
		<id>1</id>
		<posX>185</posX>
		<posY>38</posY>
		<width>500</width>
		<label>Active Recordings</label>
		<textcolor>6aa5cb</textcolor>
		<font>font22</font>
	</control>
	
	<control>
		<description>Selected item Label</description>
		<type>fadelabel</type>
		<id>1</id>
		<posX>74</posX>
		<posY>473</posY>
		<width>800</width>
		<label>#selecteditem</label>
		<font>fontB16</font>
		<visible>Control.IsVisible(10)</visible>
		<animation effect="fade" start="0" end="100" time="300" delay="350">WindowOpen</animation>
		<animation effect="fade" start="100" end="0" time="0" delay="0">WindowClose</animation>
	</control>

	<control>
		<description>Number of Files Label</description>
		<type>label</type>
		<id>1</id>
		<label>#itemcount</label>
		<posX>948</posX>
		<posY>944</posY>
		<align>left</align>
		<font>AvalonLight12</font>
		<textcolor>6aa5cb</textcolor>
		<visible>Control.IsVisible(10)</visible>
		<animation effect="fade" start="0" end="100" time="300" delay="350">WindowOpen</animation>
		<animation effect="fade" start="100" end="0" time="0" delay="0">WindowClose</animation>
	</control>

	<import>common.time.xml</import>
	
	<!--            :: Count Background ::            -->

	<control>
		<description>RSS background</description>
		<type>image</type>
		<id>0</id>
		<posX>0</posX>
		<posY>900</posY>
		<width>1865</width>
		<height>96</height>
		<texture>basichome_rss_bg.png</texture>
		<animation effect="fade" start="0" end="100" time="300" delay="350">WindowOpen</animation>
		<animation effect="fade" start="100" end="0" time="0" delay="0">WindowClose</animation>
	</control>
    
	<control>
		<type>group</type>
		<description>group element</description>
		<id>0</id>
		<posX>455</posX>
		<posY>116</posY>
		<width>778</width>
		<dimColor>ffffffff</dimColor>
		<height>583</height>
		<animation effect="fade" start="0" end="100" time="300" delay="350">WindowOpen</animation>
		<animation effect="fade" start="100" end="0" time="0" delay="0">WindowClose</animation>
		
			<control>
				<description>listcontrol</description>
				<type>listcontrol</type>
				<id>10</id>
				<posX>918</posX>
				<posY>160</posY>
				<height>800</height>
				<width>919</width>
				<onleft>2</onleft>
				<onright>2</onright>
				<scrollOffset>1</scrollOffset>
				<PinIconHeight>46</PinIconHeight>
				<PinIconWidth>45</PinIconWidth>
				<PinIconXOff>40</PinIconXOff>
				<PinIconYOff>6</PinIconYOff>
				<itemWidth>64</itemWidth>
				<itemHeight>53</itemHeight>
				<textureFocus>listcontrol_item_selected_tv.png</textureFocus>
				<textureNoFocus>-</textureNoFocus>
				<IconXOff>-2000</IconXOff>
				<IconYOff>0</IconYOff>
				<textXOff>40</textXOff>
				<keepaspectratio>yes</keepaspectratio>
				<spinCanFocus>no</spinCanFocus>
                <spinPosX>1832</spinPosX>
                <spinPosY>950</spinPosY>
				<dimColor>ffffffff</dimColor>
			</control>
		
		<control>
			<id>0</id>
			<type>image</type>
			<posX>74</posX>
			<posY>174</posY>
			<width>421</width>
			<height>238</height>
			<texture flipY="true" diffuse="Thumb_Mask.png" mask="recordings_thumb_mask.png">defaultTVBig.png</texture>
			<visible>[!control.hasthumb(500)|string.equals(#selectedthumb,defaultFolderBig.png)]+!string.equals(#selecteditem,..)</visible>
			<animation effect="fade" start="0" end="100" time="300" delay="350">WindowOpen</animation>
			<animation effect="fade" start="100" end="0" time="0" delay="0">WindowClose</animation>
		</control>
		
		<control>
			<id>500</id>
			<type>image</type>
			<posX>74</posX>
			<posY>174</posY>
			<width>421</width>
			<height>238</height>
			<texture flipY="true" diffuse="Thumb_Mask.png" mask="recordings_thumb_mask.png">#selectedthumb</texture>
			<visible>!string.equals(#selectedthumb,defaultFolderBig.png)+!string.equals(#selecteditem,..)</visible>
			<animation effect="fade" start="0" end="100" time="300" delay="350">WindowOpen</animation>
			<animation effect="fade" start="100" end="0" time="0" delay="0">WindowClose</animation>
		</control>
		
		<control>
			<id>0</id>
			<type>image</type>
			<posX>7</posX>
			<posY>106</posY>
			<width>556</width>
			<height>373</height>
			<texture>recordings_thumb_shadow.png</texture>
			<animation effect="fade" start="0" end="100" time="300" delay="350">WindowOpen</animation>
			<animation effect="fade" start="100" end="0" time="0" delay="0">WindowClose</animation>
		</control>
		
		<control>
			<description>Current program channel</description>
			<type>label</type>
			<id>0</id>
			<posX>-2000</posX>
			<posY>180</posY>
			<label>#TV.Active.Genre</label>
			<font>AvalonLight18</font>
            <textcolor>6aa5cb</textcolor>
			<visible>control.hasfocus(10)</visible>	
			<animation effect="fade" start="0" end="100" time="300" delay="350">WindowOpen</animation>
			<animation effect="fade" start="100" end="0" time="0" delay="0">WindowClose</animation>			
		</control>
		
      <control>
			<description>Current program title</description>
			<type>fadelabel</type>
			<id>13</id>
			<posX>-2000</posX>
			<posY>130</posY>
			<width>663</width>
			<font>AvalonLight20</font>
			<label>#TV.Active.Title</label>
			<animation effect="fade" start="0" end="100" time="300" delay="350">WindowOpen</animation>
			<animation effect="fade" start="100" end="0" time="0" delay="0">WindowClose</animation>			
      </control>
	  
      <control>
			<type>fadelabel</type>
			<description>Current program time</description>
			<id>0</id>
			<posX>74</posX>
			<posY>532</posY>
			<width>800</width>
			<textcolor>6aa5cb</textcolor>
			<font>AvalonLight14</font>
			<label>#TV.Active.Time #TV.Active.Genre</label>
			<animation effect="fade" start="0" end="100" time="300" delay="350">WindowOpen</animation>
			<animation effect="fade" start="100" end="0" time="0" delay="0">WindowClose</animation>			
      </control>
	  
		<control>
			<type>textboxscrollup</type>
			<description>Description1</description>
			<id>0</id>
			<posX>74</posX>
			<posY>594</posY>
			<width>780</width>
			<height>320</height>
            <lineSpacing>0.85</lineSpacing>
			<label>#TV.Active.Description</label>
			<animation effect="fade" start="0" end="100" time="300" delay="350">WindowOpen</animation>
			<animation effect="fade" start="100" end="0" time="0" delay="0">WindowClose</animation>
      </control>
    </control>
	
	<control>
		<animation effect="slide" start="-60,0" end="0,0" tween="quadratic" easing="in" time="400" delay="600">WindowOpen</animation>
		<animation effect="slide" start="0,0" end="-60,0" tween="quadratic" easing="in" time="400" delay="100">WindowClose</animation>
		<id>1</id>
		<type>image</type>
		<posY>440</posY>
		<width>64</width>
		<height>199</height>
		<texture>hiddenmenu_tab.png</texture>
		<visible>Control.HasFocus(10) + !string.contains(#Avalon.HiddenMenu, false)</visible>
	</control>

	<import>common.overlay.xml</import>
	<import>4TR_Active.hiddenmenu.xml</import>

</controls>
</window>