﻿<?xml version="1.0" encoding="utf-8"?>
<window>
  <id>155102</id>
  <defaultcontrol>2</defaultcontrol>
  <allowoverlay>no</allowoverlay>
  <controls>

	<import>settings.menu.xml</import>
	
		<control>
			<animation effect="fade" start="0" end="100" time="300" delay="350">WindowOpen</animation>
			<animation effect="fade" start="100" end="0" time="0" delay="0">WindowClose</animation>
			<type>label</type>
			<description>Settings label</description>
			<id>0</id>
			<posX>600</posX>
			<posY>875</posY>
			<width>500</width>
			<label>#Avalon.SkinSettings | #Avalon.SkinSettingsTV</label>
			<align>left</align>
			<font>AvalonLight12</font>
			<textcolor>6aa5cb</textcolor>
		</control>
		
		<control>
			<type>label</type>
			<id>1</id>
			<posX>766</posX>
			<posY>158</posY>
			<width>500</width>
			<label>#Avalon.SkinSettingsTV</label>
			<textcolor>6aa5cb</textcolor>
			<font>fontB22</font>
		</control>
		
		<control>
			<type>label</type>
			<id>1</id>
			<posX>766</posX>
			<posY>269</posY>
			<width>500</width>
			<label>#Avalon.TVMiniGuideRows</label>
			<textcolor>6aa5cb</textcolor>
			<font>fontB14</font>
		</control>
	
	<control>
		<type>label</type>
		<id>1</id>
		<posX>766</posX>
		<posY>382</posY>
		<width>500</width>
		<label>#Avalon.TVGuideSize</label>
		<textcolor>6aa5cb</textcolor>
		<font>fontB14</font>
	</control>
	
	<control>
		<type>label</type>
		<id>1</id>
		<posX>766</posX>
		<posY>495</posY>
		<width>500</width>
		<label>#Avalon.TVHomeLayout</label>
		<textcolor>6aa5cb</textcolor>
		<font>fontB14</font>
	</control>
	
    <control Style="SettingsButtonLarge">
      <description>TVMiniGuide rows</description>
      <type>button</type>
      <id>2</id>
			<posX>736</posX>
			<posY>324</posY>
      <onleft>10011</onleft>
      <onright>2</onright>
      <onup>3</onup>
      <ondown>3</ondown>
    </control>
      
    <control Style="SettingsButtonLarge">
			<animation effect="fade" start="0" end="100" time="300" delay="350">WindowOpen</animation>
			<animation effect="fade" start="100" end="0" time="0" delay="0">WindowClose</animation>
      <description>TVMiniGuide rows</description>
      <type>button</type>
      <id>3</id>
			<posX>736</posX>
			<posY>434</posY>
      <onleft>10011</onleft>
      <onright>2</onright>
      <onup>2</onup>
      <ondown>4</ondown>
    </control>
			
    <control Style="SettingsButtonLarge">
			<animation effect="fade" start="0" end="100" time="300" delay="350">WindowOpen</animation>
			<animation effect="fade" start="100" end="0" time="0" delay="0">WindowClose</animation>
      <description>TVHome Layout</description>
      <type>button</type>
      <id>4</id>
			<posX>736</posX>
			<posY>544</posY>
      <onleft>10011</onleft>
      <onright>2</onright>
      <onup>3</onup>
      <ondown>2</ondown>
    </control>
<import>common.time.xml</import>
<import>avalon.version.xml</import>
  </controls>
</window>