﻿<?xml version="1.0" encoding="utf-8" standalone="yes"?>
<window>
  <controls>
    <control>
		<type>label</type>
		<posX>1832</posX>
		<posY>880</posY>
		<align>right</align>
		<font>AvalonLight12</font>
		<textcolor>6aa5cb</textcolor>
		<label>Avalon v1.3.1.0</label>
		<textcolor>ffffff</textcolor>
		<animation effect="fade" start="0" end="100" time="300" delay="350">WindowOpen</animation>
		<animation effect="fade" start="100" end="0" time="0" delay="0">WindowClose</animation>
		<animation effect="fade" start="0" end="100" time="300" delay="250" reversible="false">visible</animation>
    </control>
</controls>
</window>