﻿<?xml version="1.0" encoding="utf-8"?>
<window>
  <id>155106</id>
  <defaultcontrol>2</defaultcontrol>
  <allowoverlay>no</allowoverlay>
  <controls>
<import>settings.menu.xml</import>
	
	<control>
		<animation effect="fade" start="0" end="100" time="300" delay="350">WindowOpen</animation>
		<animation effect="fade" start="100" end="0" time="0" delay="0">WindowClose</animation>
		<type>label</type>
		<description>Settings label</description>
		<id>0</id>
        <posX>600</posX>
        <posY>875</posY>
		<width>500</width>
		<label>#Avalon.SkinSettings | #Avalon.SkinSettingsMisc</label>
		<align>left</align>
		<font>AvalonLight12</font>
        <textcolor>6aa5cb</textcolor>
	</control>
	
	<control>
		<animation effect="fade" start="0" end="100" time="300" delay="350">WindowOpen</animation>
		<animation effect="fade" start="100" end="0" time="0" delay="0">WindowClose</animation>
		<type>label</type>
		<id>1</id>
		<posX>766</posX>
		<posY>158</posY>
		<width>500</width>
		<label>#Avalon.SkinSettingsMisc</label>
		<textcolor>6aa5cb</textcolor>
		<font>fontB22</font>
	</control>

      <control>
		<animation effect="fade" start="0" end="100" time="300" delay="350">WindowOpen</animation>
		<animation effect="fade" start="100" end="0" time="0" delay="0">WindowClose</animation>
        <description>Hide Poster</description>
        <type>togglebutton</type>
        <id>2</id>
		<label>#Avalon.SkinSettingsPosterHide</label>
		<posX>736</posX>
		<posY>324</posY>
        <onleft>10011</onleft>
        <onright>4</onright>
        <onup>6</onup>
        <ondown>3</ondown>
		<width>956</width>
		<height>52</height>
		<textXOff>30</textXOff>
		<textYOff>8</textYOff>
		<textureFocus>settings_button_large_focus_toggleon.png</textureFocus>
		<textureNoFocus>settings_button_large_nofocus_toggleon.png</textureNoFocus>
		<AltTextureFocus>settings_button_large_focus_toggleoff.png</AltTextureFocus>
		<AltTextureNoFocus>settings_button_large_nofocus_toggleoff.png</AltTextureNoFocus>
      </control>
	  
      <control>
		<animation effect="fade" start="0" end="100" time="300" delay="350">WindowOpen</animation>
		<animation effect="fade" start="100" end="0" time="0" delay="0">WindowClose</animation>
        <description>Show RSS on Basichome/Home</description>
        <type>togglebutton</type>
        <id>3</id>
		<label>#Avalon.SkinSettingsShowRSS</label>
		<posX>736</posX>
		<posY>376</posY>
        <onleft>10011</onleft>
        <onright>4</onright>
        <onup>2</onup>
        <ondown>4</ondown>
		<width>956</width>
		<height>52</height>
		<textXOff>30</textXOff>
		<textYOff>8</textYOff>
		<textureFocus>settings_button_large_focus_toggleon.png</textureFocus>
		<textureNoFocus>settings_button_large_nofocus_toggleon.png</textureNoFocus>
		<AltTextureFocus>settings_button_large_focus_toggleoff.png</AltTextureFocus>
		<AltTextureNoFocus>settings_button_large_nofocus_toggleoff.png</AltTextureNoFocus>
      </control>
	  
      <control>
		<animation effect="fade" start="0" end="100" time="300" delay="350">WindowOpen</animation>
		<animation effect="fade" start="100" end="0" time="0" delay="0">WindowClose</animation>
        <description>Show Hidden Menu Image</description>
        <type>togglebutton</type>
        <id>4</id>
		<label>#Avalon.SkinSettingsShowHiddenMenu</label>
		<posX>736</posX>
		<posY>428</posY>
        <onleft>10011</onleft>
        <onright>4</onright>
        <onup>3</onup>
        <ondown>5</ondown>
		<width>956</width>
		<height>52</height>
		<textXOff>30</textXOff>
		<textYOff>8</textYOff>
		<textureFocus>settings_button_large_focus_toggleon.png</textureFocus>
		<textureNoFocus>settings_button_large_nofocus_toggleon.png</textureNoFocus>
		<AltTextureFocus>settings_button_large_focus_toggleoff.png</AltTextureFocus>
		<AltTextureNoFocus>settings_button_large_nofocus_toggleoff.png</AltTextureNoFocus>
      </control>
      <control>
		<animation effect="fade" start="0" end="100" time="300" delay="350">WindowOpen</animation>
		<animation effect="fade" start="100" end="0" time="0" delay="0">WindowClose</animation>
        <description>larger fonts</description>
        <type>togglebutton</type>
        <id>5</id>
		<posX>736</posX>
		<posY>480</posY>
        <onleft>10011</onleft>
        <onright>4</onright>
        <onup>4</onup>
        <ondown>7</ondown>
		<width>956</width>
		<height>52</height>
		<textXOff>30</textXOff>
		<textYOff>8</textYOff>
		<textureFocus>settings_button_large_focus_toggleon.png</textureFocus>
		<textureNoFocus>settings_button_large_nofocus_toggleon.png</textureNoFocus>
		<AltTextureFocus>settings_button_large_focus_toggleoff.png</AltTextureFocus>
		<AltTextureNoFocus>settings_button_large_nofocus_toggleoff.png</AltTextureNoFocus>
      </control>
      <control>
		<animation effect="fade" start="0" end="100" time="300" delay="350">WindowOpen</animation>
		<animation effect="fade" start="100" end="0" time="0" delay="0">WindowClose</animation>
        <description>5 Day Weather</description>
        <type>togglebutton</type>
        <id>7</id>
		<posX>736</posX>
		<posY>532</posY>
        <onleft>10011</onleft>
        <onright>4</onright>
        <onup>5</onup>
        <ondown>6</ondown>
		<width>956</width>
		<height>52</height>
		<textXOff>30</textXOff>
		<textYOff>8</textYOff>
		<textureFocus>settings_button_large_focus_toggleon.png</textureFocus>
		<textureNoFocus>settings_button_large_nofocus_toggleon.png</textureNoFocus>
		<AltTextureFocus>settings_button_large_focus_toggleoff.png</AltTextureFocus>
		<AltTextureNoFocus>settings_button_large_nofocus_toggleoff.png</AltTextureNoFocus>
      </control>
      <control>
        <description>Transparency/Opacity Settings</description>
        <type>button</type>
        <id>6</id>
		<posX>736</posX>
		<posY>584</posY>
        <onleft>10011</onleft>
        <onright>4</onright>
        <onup>7</onup>
        <ondown>8</ondown>
		<width>956</width>
		<height>52</height>
		<textXOff>30</textXOff>
		<textYOff>8</textYOff>
		<textcolorNoFocus>ffffffff</textcolorNoFocus>
		<textureFocus>settings_button_large_focus.png</textureFocus>
		<textureNoFocus>settings_button_large_nofocus.png</textureNoFocus>
      </control>
      <control>
        <description>Transparency/Opacity Settings</description>
        <type>button</type>
        <id>8</id>
		<posX>736</posX>
		<posY>636</posY>
        <onleft>10011</onleft>
        <onright>4</onright>
        <onup>6</onup>
        <ondown>2</ondown>
		<width>956</width>
		<height>52</height>
		<textXOff>30</textXOff>
		<textYOff>8</textYOff>
		<textcolorNoFocus>ffffffff</textcolorNoFocus>
		<textureFocus>settings_button_large_focus.png</textureFocus>
		<textureNoFocus>settings_button_large_nofocus.png</textureNoFocus>
      </control>
<import>common.time.xml</import>
<import>avalon.version.xml</import>
  </controls>
</window>