<?xml version="1.0" encoding="utf-8"?>
<window>
  <controls>

	<control>
        <description>DUMMY</description>
        <type>button</type>
        <id>71717773</id>
        <posX>-2000</posX>
        <posY>-2000</posY>
        <textureFocus>-</textureFocus>
        <textureNoFocus>-</textureNoFocus>
        <label>-</label>
        <onleft>1001</onleft>
        <onright>91919997</onright>
    </control>	

      <control>
        <description>play</description>
        <type>image</type>
        <id>0</id>
        <posX>1212</posX>
        <posY>633</posY>
        <width>48</width>
        <height>48</height>
        <texture>basichome_play.png</texture>
		<visible>string.equals(#recentMedia,Music) + [control.hasfocus(91919997) | control.hasfocus(91919998) | control.hasfocus(91919999)] + Control.IsVisible(10)</visible>
		<animation effect="fade" start="0" end="100" time="300" delay="350">WindowOpen</animation>
		<animation effect="fade" start="100" end="0" time="0" delay="0">WindowClose</animation>
		<animation effect="fade" time="450" reversible="false">visible</animation>
      </control>
	
    <!--            :: Album 1 ::            -->
	
      <control>
        <description>Album 1 name</description>
        <type>fadelabel</type>
        <id>0</id>
        <posX>1266</posX>
        <posY>639</posY>
        <width>500</width>
        <label>#latestMediaHandler.music.latest1.album</label>
        <font>fontB12</font>
        <textcolor>ffffff</textcolor>
		<scrollStartDelaySec>10</scrollStartDelaySec>
		<visible>control.hasfocus(91919997) + Control.IsVisible(10)</visible>
		<animation effect="fade" start="0" end="100" time="300" delay="350">WindowOpen</animation>
		<animation effect="fade" start="100" end="0" time="0" delay="0">WindowClose</animation>
		<animation effect="fade" time="450" reversible="false">visible</animation>
      </control>
	  
      <control>
        <description>Album 1 Artist</description>
        <type>fadelabel</type>
        <id>0</id>
        <posX>1266</posX>
        <posY>680</posY>
        <width>500</width>
        <label>#latestMediaHandler.music.latest1.artist</label>
        <font>AvalonLight12</font>
        <textcolor>6aa5cb</textcolor>
		<scrollStartDelaySec>10</scrollStartDelaySec>
		<visible>control.hasfocus(91919997) + Control.IsVisible(10)</visible>
		<animation effect="fade" start="0" end="100" time="300" delay="350">WindowOpen</animation>
		<animation effect="fade" start="100" end="0" time="0" delay="0">WindowClose</animation>
		<animation effect="fade" time="450" reversible="false">visible</animation>
      </control>
	
    <!--            :: Album 2 ::            -->
	
      <control>
        <description>Album 2 name</description>
        <type>fadelabel</type>
        <id>0</id>
        <posX>1266</posX>
        <posY>639</posY>
        <width>500</width>
        <label>#latestMediaHandler.music.latest2.album</label>
		<font>fontB12</font>
        <textcolor>ffffff</textcolor>
		<scrollStartDelaySec>10</scrollStartDelaySec>
		<visible>control.hasfocus(91919998)</visible>
		<animation effect="fade" start="0" end="100" time="300" delay="350">WindowOpen</animation>
		<animation effect="fade" start="100" end="0" time="0" delay="0">WindowClose</animation>
		<animation effect="fade" time="450" reversible="false">visible</animation>
      </control>
	  
      <control>
        <description>Album 2 Artist</description>
        <type>fadelabel</type>
        <id>0</id>
        <posX>1266</posX>
        <posY>680</posY>
        <width>500</width>
        <label>#latestMediaHandler.music.latest2.artist</label>
        <font>AvalonLight12</font>
        <textcolor>6aa5cb</textcolor>
		<scrollStartDelaySec>10</scrollStartDelaySec>
		<visible>control.hasfocus(91919998)</visible>
		<animation effect="fade" start="0" end="100" time="300" delay="350">WindowOpen</animation>
		<animation effect="fade" start="100" end="0" time="0" delay="0">WindowClose</animation>
		<animation effect="fade" time="450" reversible="false">visible</animation>
      </control>
	
    <!--            :: Album 3 ::            -->
	
      <control>
        <description>Album 3 name</description>
        <type>fadelabel</type>
        <id>0</id>
        <posX>1266</posX>
        <posY>639</posY>
        <width>500</width>
        <label>#latestMediaHandler.music.latest3.album</label>
		<font>fontB12</font>
        <textcolor>ffffff</textcolor>
		<scrollStartDelaySec>10</scrollStartDelaySec>
		<visible>control.hasfocus(91919999)</visible>
		<animation effect="fade" start="0" end="100" time="300" delay="350">WindowOpen</animation>
		<animation effect="fade" start="100" end="0" time="0" delay="0">WindowClose</animation>
		<animation effect="fade" time="450" reversible="false">visible</animation>
      </control>
	  
      <control>
        <description>Album 3 Artist</description>
        <type>fadelabel</type>
        <id>0</id>
        <posX>1266</posX>
        <posY>680</posY>
        <width>500</width>
        <label>#latestMediaHandler.music.latest3.artist</label>
        <font>AvalonLight12</font>
        <textcolor>6aa5cb</textcolor>
		<scrollStartDelaySec>10</scrollStartDelaySec>
		<visible>control.hasfocus(91919999)</visible>
		<animation effect="fade" start="0" end="100" time="300" delay="350">WindowOpen</animation>
		<animation effect="fade" start="100" end="0" time="0" delay="0">WindowClose</animation>
		<animation effect="fade" time="450" reversible="false">visible</animation>
      </control>
	
    <control>
      <description>GROUP: RecentlyAdded Music (nofocus)</description>
      <type>group</type>
      <dimColor>0xffffffff</dimColor>
      <visible>string.equals(#recentMedia,Music) + !control.hasfocus(91919997) + !control.hasfocus(91919998)  + !control.hasfocus(91919999) + ![control.isvisible(601) | control.isvisible(501)]</visible>
		<animation effect="fade" start="100" end="0" time="0" delay="0">Hidden</animation>
		<animation effect="fade" start="0" end="100" delay="150" time="400" reversible="false">Visible</animation>
		<animation effect="fade" start="0" end="100" time="300" delay="350">WindowOpen</animation>
		<animation effect="fade" start="100" end="0" time="0" delay="0">WindowClose</animation>
      <control>
        <description>Album 1 name</description>
        <type>fadelabel</type>
        <id>0</id>
        <posX>1218</posX>
        <posY>622</posY>
        <width>435</width>
        <label>#latestMediaHandler.music.latest1.album</label>
        <font>fontB12</font>
        <textcolor>ffffff</textcolor>
		<scrollStartDelaySec>10</scrollStartDelaySec>
      </control>
      <control>
        <description>Album 2 name</description>
        <type>fadelabel</type>
        <id>0</id>
        <posX>1218</posX>
        <posY>662</posY>
        <width>435</width>
        <label>#latestMediaHandler.music.latest2.album</label>
        <font>fontB12</font>
        <textcolor>ffffff</textcolor>
		<scrollStartDelaySec>10</scrollStartDelaySec>
      </control>
      <control>
        <description>Album 3 name</description>
        <type>fadelabel</type>
        <id>0</id>
        <posX>1218</posX>
        <posY>702</posY>
        <width>435</width>
        <label>#latestMediaHandler.music.latest3.album</label>
        <font>fontB12</font>
        <textcolor>ffffff</textcolor>
		<scrollStartDelaySec>10</scrollStartDelaySec>
      </control>	  
</control>
	
    <control>
      <description>GROUP: RecentlyAdded Albums</description>
      <type>group</type>
      <dimColor>0xffffffff</dimColor>
      <visible>string.equals(#recentMedia,Music) + ![control.isvisible(601) | control.isvisible(501)]</visible>
		<animation effect="fade" start="100" end="0" time="200" reversible="false">Hidden</animation>
		<animation effect="fade" start="0" end="100" delay="150" time="400" reversible="false">Visible</animation>
		<animation effect="fade" start="0" end="100" time="300" delay="350">WindowOpen</animation>
		<animation effect="fade" start="100" end="0" time="0" delay="0">WindowClose</animation>
      <control>
        <description>Header label</description>
        <type>label</type>
        <id>0</id>
        <posX>1218</posX>
        <posY>210</posY>
        <width>590</width>
        <label>#Avalon.LatestMusic</label>
        <font>AvalonLight20</font>
        <textcolor>ffffff</textcolor>
      </control>
      <control>
        <description>Album 1 thumb/fanart</description>
        <type>image</type>
        <id>10</id>
        <posX>1218</posX>
        <posY>362</posY>
        <width>183</width>
        <height>181</height>
        <texture flipY="true" diffuse="Thumb_Mask.png" mask="basichome_music_mask.png">#latestMediaHandler.music.latest1.thumb</texture>
	   <shouldCache>true</shouldCache>
      </control>
	<control>
        <description>Play Button</description>
        <type>button</type>
        <id>91919997</id>
        <posX>1212</posX>
        <posY>357</posY>
        <width>193</width>
        <height>191</height>
        <textureFocus>basichome_focus.png</textureFocus>
        <textureNoFocus>-</textureNoFocus>
        <label>-</label>
        <onleft>901</onleft>
        <onright>91919998</onright>
		<onup>91919997</onup>
		<ondown>91919997</ondown>
        <font>font12</font>
    </control>
    </control>
    <control>
      <description>GROUP: RecentlyAdded Albums</description>
      <type>group</type>
      <dimColor>0xffffffff</dimColor>
      <visible>string.equals(#recentMedia,Music) + ![control.isvisible(601) | control.isvisible(501)]</visible>
		<animation effect="fade" start="100" end="0" time="200" reversible="false">Hidden</animation>
		<animation effect="fade" start="0" end="100" delay="150" time="400" reversible="false">Visible</animation>
		<animation effect="fade" start="0" end="100" time="300" delay="350">WindowOpen</animation>
		<animation effect="fade" start="100" end="0" time="0" delay="0">WindowClose</animation>
      <control>
        <description>Album 2 thumb/fanart</description>
        <type>image</type>
        <id>0</id>
        <posX>1418</posX>
        <posY>362</posY>
        <width>183</width>
        <height>181</height>
        <texture flipY="true" diffuse="Thumb_Mask.png" mask="basichome_music_mask.png">#latestMediaHandler.music.latest2.thumb</texture>
	   <shouldCache>true</shouldCache>
      </control>
	<control>
        <description>Play Button</description>
        <type>button</type>
        <id>91919998</id>
        <posX>1412</posX>
        <posY>357</posY>
        <width>193</width>
        <height>191</height>
        <textureFocus>basichome_focus.png</textureFocus>
        <textureNoFocus>-</textureNoFocus>
        <label>-</label>
        <onleft>91919997</onleft>
        <onright>91919999</onright>
		<onup>91919998</onup>
		<ondown>91919998</ondown>
        <font>font12</font>
    </control>
	  
    </control>
    <control>
      <description>GROUP: RecentlyAdded Albums</description>
      <type>group</type>
      <dimColor>0xffffffff</dimColor>
      <visible>string.equals(#recentMedia,Music) + ![control.isvisible(601) | control.isvisible(501)]</visible>
		<animation effect="fade" start="100" end="0" time="200" reversible="false">Hidden</animation>
		<animation effect="fade" start="0" end="100" delay="150" time="400" reversible="false">Visible</animation>
		<animation effect="fade" start="0" end="100" time="300" delay="350">WindowOpen</animation>
		<animation effect="fade" start="100" end="0" time="0" delay="0">WindowClose</animation>
      <control>
        <description>Album 3 thumb/fanart</description>
        <type>image</type>
        <id>0</id>
        <posX>1620</posX>
        <posY>362</posY>
        <width>183</width>
        <height>181</height>
        <texture flipY="true" diffuse="Thumb_Mask.png" mask="basichome_music_mask.png">#latestMediaHandler.music.latest3.thumb</texture>
	   <shouldCache>true</shouldCache>
      </control>
	<control>
        <description>Play Button</description>
        <type>button</type>
        <id>91919999</id>
        <posX>1615</posX>
        <posY>357</posY>
        <width>193</width>
        <height>191</height>
        <textureFocus>basichome_focus.png</textureFocus>
        <textureNoFocus>-</textureNoFocus>
        <label>-</label>
        <onleft>91919998</onleft>
        <onright>91919997</onright>
		<onup>91919999</onup>
		<ondown>91919999</ondown>
        <font>font12</font>
    </control>
    </control>
	
    <!--            :: RIGHT ::            -->
	
    <control>
        <description>Album 1 thumb/fanart</description>
        <type>image</type>
        <id>444</id>
        <posX>1620</posX>
        <posY>362</posY>
        <width>183</width>
        <height>181</height>
        <texture flipY="true" diffuse="Thumb_Mask.png" mask="basichome_music_mask.png">#latestMediaHandler.music.latest1.thumb</texture>
	   <shouldCache>true</shouldCache>
		<visible>string.equals(#recentMedia,Music) + [control.isvisible(601) | control.isvisible(501)]</visible>
		<animation effect="slide" time="250" start="-350,0">Visible</animation>
		<animation effect="fade" start="0" end="100" time="300" delay="350">WindowOpen</animation>
		<animation effect="fade" start="100" end="0" time="0" delay="0">WindowClose</animation>
	</control>
		
	<control>
        <description>Sub Separator</description>
        <type>image</type>
        <id>0</id>
        <posX>1581</posX>
        <posY>212</posY>
        <width>1</width>
        <height>468</height>
        <texture>basichome_sub_separator.png</texture>
		<visible>string.equals(#recentMedia,Music) + control.hasthumb(444) + [control.isvisible(601) | control.isvisible(501)]</visible>
		<animation effect="slide" time="250" start="-350,0">Visible</animation>
		<animation effect="fade" start="0" end="100" time="300" delay="350">WindowOpen</animation>
		<animation effect="fade" start="100" end="0" time="0" delay="0">WindowClose</animation>
	</control>
  </controls>
</window>