<?xml version="1.0" encoding="utf-8" standalone="yes"?>
<window>
<controls>

	<!--            :: Series ::            -->

<control>
    <description>FanartHandler Series 1</description>
    <type>image</type>
    <id>1101</id>
    <posX>0</posX>
    <posY>120</posY>
    <width>1190</width>
    <height>660</height>
    <visible>Control.IsVisible(1201) + string.contains(#bgimage1,series)</visible>
    <animation effect="fade" start="100" end="0" time="600" reversible="false">Hidden</animation>
    <animation effect="fade" start="30" end="100" time="600" reversible="false">Visible</animation>
	<animation effect="fade" start="0" end="100" time="300" delay="350">WindowOpen</animation>
	<animation effect="fade" start="100" end="0" time="0" delay="0">WindowClose</animation>
    <texture>#fanarthandler.tvseries.backdrop1.any</texture>
</control>

<control>
    <description>FanartHandler Series 2</description>
    <type>image</type>
    <id>1102</id>
    <posX>0</posX>
    <posY>120</posY>
    <width>1190</width>
    <height>660</height>
    <visible>Control.IsVisible(1202) + string.contains(#bgimage2,series)</visible>
    <animation effect="fade" start="100" end="0" time="600" reversible="false">Hidden</animation>
    <animation effect="fade" start="30" end="100" time="600" reversible="false">Visible</animation>
	<animation effect="fade" start="0" end="100" time="300" delay="350">WindowOpen</animation>
	<animation effect="fade" start="100" end="0" time="0" delay="0">WindowClose</animation>
    <texture>#fanarthandler.tvseries.backdrop2.any</texture>
</control> 

	<!--            :: Movies ::            -->

<control>
    <description>FanartHandler Movies 1</description>
    <type>image</type>
    <id>1101</id>
    <posX>0</posX>
    <posY>120</posY>
    <width>1190</width>
    <height>660</height>
    <visible>Control.IsVisible(1201) + string.contains(#bgimage1,movies)</visible>
    <animation effect="fade" start="100" end="0" time="600" reversible="false">Hidden</animation>
    <animation effect="fade" start="30" end="100" time="600" reversible="false">Visible</animation>
	<animation effect="fade" start="0" end="100" time="300" delay="350">WindowOpen</animation>
	<animation effect="fade" start="100" end="0" time="0" delay="0">WindowClose</animation>
    <texture>#fanarthandler.movingpicture.backdrop1.any</texture>
</control>

<control>
    <description>FanartHandler Movies 2</description>
    <type>image</type>
    <id>1102</id>
    <posX>0</posX>
    <posY>120</posY>
    <width>1190</width>
    <height>660</height>
    <visible>Control.IsVisible(1202) + string.contains(#bgimage2,movies)</visible>
    <animation effect="fade" start="100" end="0" time="600" reversible="false">Hidden</animation>
    <animation effect="fade" start="30" end="100" time="600" reversible="false">Visible</animation>
	<animation effect="fade" start="0" end="100" time="300" delay="350">WindowOpen</animation>
	<animation effect="fade" start="100" end="0" time="0" delay="0">WindowClose</animation>
    <texture>#fanarthandler.movingpicture.backdrop2.any</texture>
</control> 

	<!--            :: Music ::            -->

<control>
    <description>FanartHandler Music 1</description>
    <type>image</type>
    <id>1101</id>
    <posX>0</posX>
    <posY>120</posY>
    <width>1190</width>
    <height>660</height>
    <visible>Control.IsVisible(1201) + string.contains(#bgimage1,music)</visible>
    <animation effect="fade" start="100" end="0" time="600" reversible="false">Hidden</animation>
    <animation effect="fade" start="30" end="100" time="600" reversible="false">Visible</animation>
	<animation effect="fade" start="0" end="100" time="300" delay="350">WindowOpen</animation>
	<animation effect="fade" start="100" end="0" time="0" delay="0">WindowClose</animation>
    <texture>#fanarthandler.music.scraper.backdrop1.any</texture>
</control>

<control>
    <description>FanartHandler Music 2</description>
    <type>image</type>
    <id>1102</id>
    <posX>0</posX>
    <posY>120</posY>
    <width>1190</width>
    <height>660</height>
    <visible>Control.IsVisible(1202) + string.contains(#bgimage2,music)</visible>
    <animation effect="fade" start="100" end="0" time="600" reversible="false">Hidden</animation>
    <animation effect="fade" start="30" end="100" time="600" reversible="false">Visible</animation>
	<animation effect="fade" start="0" end="100" time="300" delay="350">WindowOpen</animation>
	<animation effect="fade" start="100" end="0" time="0" delay="0">WindowClose</animation>
    <texture>#fanarthandler.music.scraper.backdrop2.any</texture>
</control> 

	<!--            :: TV ::            -->

<control>
    <description>FanartHandler TV 1</description>
    <type>image</type>
    <id>1101</id>
    <posX>0</posX>
    <posY>120</posY>
    <width>1190</width>
    <height>660</height>
    <visible>Control.IsVisible(1201) + string.contains(#bgimage1,tv)</visible>
    <animation effect="fade" start="100" end="0" time="600" reversible="false">Hidden</animation>
    <animation effect="fade" start="30" end="100" time="600" reversible="false">Visible</animation>
	<animation effect="fade" start="0" end="100" time="300" delay="350">WindowOpen</animation>
	<animation effect="fade" start="100" end="0" time="0" delay="0">WindowClose</animation>
    <texture>#fanarthandler.tv.userdef.backdrop1.any</texture>
</control>

<control>
    <description>FanartHandler TV 2</description>
    <type>image</type>
    <id>1102</id>
    <posX>0</posX>
    <posY>120</posY>
    <width>1190</width>
    <height>660</height>
    <visible>Control.IsVisible(1202) + string.contains(#bgimage2,tv)</visible>
    <animation effect="fade" start="100" end="0" time="600" reversible="false">Hidden</animation>
    <animation effect="fade" start="30" end="100" time="600" reversible="false">Visible</animation>
	<animation effect="fade" start="0" end="100" time="300" delay="350">WindowOpen</animation>
	<animation effect="fade" start="100" end="0" time="0" delay="0">WindowClose</animation>
    <texture>#fanarthandler.tv.userdef.backdrop2.any</texture>
</control> 

	<!--            :: Pictures ::            -->

<control>
    <description>FanartHandler Pictures 1</description>
    <type>image</type>
    <id>1101</id>
    <posX>0</posX>
    <posY>120</posY>
    <width>1190</width>
    <height>660</height>
    <visible>Control.IsVisible(1201) + string.contains(#bgimage1,pictures)</visible>
    <animation effect="fade" start="100" end="0" time="600" reversible="false">Hidden</animation>
    <animation effect="fade" start="30" end="100" time="600" reversible="false">Visible</animation>
	<animation effect="fade" start="0" end="100" time="300" delay="350">WindowOpen</animation>
	<animation effect="fade" start="100" end="0" time="0" delay="0">WindowClose</animation>
    <texture>#fanarthandler.picture.userdef.backdrop1.any</texture>
</control>

<control>
    <description>FanartHandler Pictures 2</description>
    <type>image</type>
    <id>1102</id>
    <posX>0</posX>
    <posY>120</posY>
    <width>1190</width>
    <height>660</height>
    <visible>Control.IsVisible(1202) + string.contains(#bgimage2,pictures)</visible>
    <animation effect="fade" start="100" end="0" time="600" reversible="false">Hidden</animation>
    <animation effect="fade" start="30" end="100" time="600" reversible="false">Visible</animation>
	<animation effect="fade" start="0" end="100" time="300" delay="350">WindowOpen</animation>
	<animation effect="fade" start="100" end="0" time="0" delay="0">WindowClose</animation>
    <texture>#fanarthandler.picture.userdef.backdrop2.any</texture>
</control> 

	<!--            :: Plugins ::            -->

<control>
    <description>FanartHandler Plugins 1</description>
    <type>image</type>
    <id>1101</id>
    <posX>0</posX>
    <posY>120</posY>
    <width>1190</width>
    <height>660</height>
    <visible>Control.IsVisible(1201) + string.contains(#bgimage1,plugins)</visible>
    <animation effect="fade" start="100" end="0" time="600" reversible="false">Hidden</animation>
    <animation effect="fade" start="30" end="100" time="600" reversible="false">Visible</animation>
	<animation effect="fade" start="0" end="100" time="300" delay="350">WindowOpen</animation>
	<animation effect="fade" start="100" end="0" time="0" delay="0">WindowClose</animation>
    <texture>#fanarthandler.plugins.userdef.backdrop1.any</texture>
</control>

<control>
    <description>FanartHandler Plugins 2</description>
    <type>image</type>
    <id>1102</id>
    <posX>0</posX>
    <posY>120</posY>
    <width>1190</width>
    <height>660</height>
    <visible>Control.IsVisible(1202) + string.contains(#bgimage2,plugins)</visible>
    <animation effect="fade" start="100" end="0" time="600" reversible="false">Hidden</animation>
    <animation effect="fade" start="30" end="100" time="600" reversible="false">Visible</animation>
	<animation effect="fade" start="0" end="100" time="300" delay="350">WindowOpen</animation>
	<animation effect="fade" start="100" end="0" time="0" delay="0">WindowClose</animation>
    <texture>#fanarthandler.plugins.userdef.backdrop2.any</texture>
</control> 

</controls>
</window>
