<?xml version="1.0" encoding="utf-8" standalone="yes"?>
<window>
<id>35</id>
<defaultcontrol>901</defaultcontrol>
<define>#labelFont:AvalonLight32</define>
<define>#selectedfont:AvalonLight32</define>
<define>#menuitemFocus:FFFFFFFF</define>
<define>#menuitemNoFocus:6aa5cb</define>
<define>#useRandomGamesUserFanart:Yes</define>
<define>#useRandomMovingPicturesFanart:Yes</define>
<define>#useRandomMusicScraperFanart:Yes</define>
<define>#useRandomPicturesUserFanart:Yes</define>
<define>#useRandomPluginsUserFanart:Yes</define>
<define>#useRandomScoreCenterUserFanart:Yes</define> 
<define>#useRandomTVUserFanart:Yes</define>
<define>#useRandomTVSeriesFanart:Yes</define>
<allowoverlay>yes</allowoverlay>
<disabletopbar>no</disabletopbar>
<controls>

	<control>
        <description>dummy button for update button</description>
        <type>button</type>
        <id>99998</id>
        <posX>-2000</posX>
        <posY>-2000</posY>
        <textureFocus>-</textureFocus>
        <textureNoFocus>-</textureNoFocus>
        <label>-</label>
        <onleft>99999</onleft>
        <onright>99998</onright>
    </control>
	
	<control>
        <description>dummy button for exitmenu</description>
        <type>button</type>
        <id>99997</id>
        <posX>-2000</posX>
        <posY>-2000</posY>
        <textureFocus>-</textureFocus>
        <textureNoFocus>-</textureNoFocus>
        <label>-</label>
        <onleft>3</onleft>
        <onright>99997</onright>
    </control>	
<control>
	<description>dummy label for topbar</description>
	<type>label</type>
	<id>331</id>
	<posX>-2000</posX>
	<posY>300</posY>
	<label>#showtopbar</label>
	<visible>Control.HasText(331)</visible>
</control>

<control>
	<description>dummy label for weather</description>
	<type>label</type>
	<id>332</id>
	<posX>-2000</posX>
	<posY>400</posY>
	<label>#showweather</label>
	<visible>Control.HasText(332)</visible>
</control>

<control>
	<description>dummy label for weather</description>
	<type>label</type>
	<id>333</id>
	<posX>-2000</posX>
	<posY>500</posY>
	<label>#showrss</label>
	<visible>Control.HasText(333)</visible>
</control>

<control>
    <description>dummy label for image 1 visibility</description>
    <type>label</type>
    <id>1201</id>
    <posX>-2000</posX>
    <posY>200</posY>
    <label>#visbgimage1</label>
    <visible>Control.HasText(1201) + ![control.hasfocus(91919991) | control.hasfocus(91919992) | control.hasfocus(91919993) | control.hasfocus(91919994) | Control.HasFocus(91919995) | Control.HasFocus(91919996)] | Control.HasFocus(99999)]</visible>
</control>

<control>
    <description>dummy label for image 2 visibility</description>
    <type>label</type>
    <id>1202</id>
    <posX>-2000</posX>
    <posY>200</posY>
    <label>#visbgimage2</label>
    <visible>Control.HasText(1202) + ![control.hasfocus(91919991) | control.hasfocus(91919992) | control.hasfocus(91919993) | control.hasfocus(91919994) | Control.HasFocus(91919995) | Control.HasFocus(91919996)] | Control.HasFocus(99999)]</visible>
</control>

<control>
	<description>DEFAULT BACKGROUND</description>
	<type>image</type>
	<id>0</id>
	<posX>0</posX>
	<posY>0</posY>
	<width>1920</width>
	<height>1080</height>
	<texture>background.png</texture>
	<shouldCache>true</shouldCache>
</control>

<import>BasicHome.FanartHandler.xml</import>

<control>
    <description>background image 1</description>
    <type>image</type>
    <id>1101</id>
    <posX>0</posX>
    <posY>120</posY>
    <width>1173</width>
    <height>660</height>
    <visible>Control.IsVisible(1201)</visible>
    <animation effect="fade" start="100" end="0" time="600" reversible="false">Hidden</animation>
    <animation effect="fade" start="30" end="100" time="600" reversible="false">Visible</animation>
	<animation effect="fade" start="0" end="100" time="300" delay="350">WindowOpen</animation>
	<animation effect="fade" start="100" end="0" time="0" delay="0">WindowClose</animation>
    <texture>#bgimage1</texture>
	<shouldCache>true</shouldCache>
</control>

<control>
    <description>background image 2</description>
    <type>image</type>
    <id>1102</id>
    <posX>0</posX>
    <posY>120</posY>
    <width>1173</width>
    <height>660</height>
    <visible>Control.IsVisible(1202)</visible>
    <animation effect="fade" start="100" end="0" time="600" reversible="false">Hidden</animation>
    <animation effect="fade" start="30" end="100" time="600" reversible="false">Visible</animation>
	<animation effect="fade" start="0" end="100" time="300" delay="350">WindowOpen</animation>
	<animation effect="fade" start="100" end="0" time="0" delay="0">WindowClose</animation>
    <texture>#bgimage2</texture>
	<shouldCache>true</shouldCache>
</control> 

<control>
    <description>TVSeries selected Fanart 1</description>
    <type>image</type>
    <id>0</id>
    <posX>0</posX>
    <posY>120</posY>
    <width>1173</width>
    <height>660</height>
    <visible>!Control.IsVisible(1201)+!Control.IsVisible(1202)+control.hasfocus(91919994)</visible>
    <animation effect="fade" start="100" end="0" time="600" reversible="false">Hidden</animation>
    <animation effect="fade" start="30" end="100" time="600" reversible="false">Visible</animation>
	<animation effect="fade" start="0" end="100" time="300" delay="350">WindowOpen</animation>
	<animation effect="fade" start="100" end="0" time="0" delay="0">WindowClose</animation>
    <texture>#latestMediaHandler.tvseries.latest1.fanart</texture>
	<shouldCache>true</shouldCache>
</control> 

<control>
    <description>TVSeries selected Fanart 2</description>
    <type>image</type>
    <id>0</id>
    <posX>0</posX>
    <posY>120</posY>
    <width>1173</width>
    <height>660</height>
    <visible>!Control.IsVisible(1201)+!Control.IsVisible(1202)+control.hasfocus(91919995)</visible>
    <animation effect="fade" start="100" end="0" time="600" reversible="false">Hidden</animation>
    <animation effect="fade" start="30" end="100" time="600" reversible="false">Visible</animation>
	<animation effect="fade" start="0" end="100" time="300" delay="350">WindowOpen</animation>
	<animation effect="fade" start="100" end="0" time="0" delay="0">WindowClose</animation>
    <texture>#latestMediaHandler.tvseries.latest2.fanart</texture>
	<shouldCache>true</shouldCache>
</control> 

<control>
    <description>TVSeries selected Fanart 3</description>
    <type>image</type>
    <id>0</id>
    <posX>0</posX>
    <posY>120</posY>
    <width>1173</width>
    <height>660</height>
    <visible>!Control.IsVisible(1201)+!Control.IsVisible(1202)+control.hasfocus(91919996)</visible>
    <animation effect="fade" start="100" end="0" time="600" reversible="false">Hidden</animation>
    <animation effect="fade" start="30" end="100" time="600" reversible="false">Visible</animation>
	<animation effect="fade" start="0" end="100" time="300" delay="350">WindowOpen</animation>
	<animation effect="fade" start="100" end="0" time="0" delay="0">WindowClose</animation>
    <texture>#latestMediaHandler.tvseries.latest3.fanart</texture>
	<shouldCache>true</shouldCache>
</control> 

<control>
    <description>Movies selected Fanart 1</description>
    <type>image</type>
    <id>0</id>
    <posX>0</posX>
    <posY>120</posY>
    <width>1173</width>
    <height>660</height>
    <visible>!Control.IsVisible(1201)+!Control.IsVisible(1202)+control.hasfocus(91919991)</visible>
    <animation effect="fade" start="100" end="0" time="600" reversible="false">Hidden</animation>
    <animation effect="fade" start="30" end="100" time="600" reversible="false">Visible</animation>
	<animation effect="fade" start="0" end="100" time="300" delay="350">WindowOpen</animation>
	<animation effect="fade" start="100" end="0" time="0" delay="0">WindowClose</animation>
    <texture>#latestMediaHandler.movingpicture.latest1.fanart</texture>
	<shouldCache>true</shouldCache>
</control> 

<control>
    <description>Movies selected Fanart 2</description>
    <type>image</type>
    <id>0</id>
    <posX>0</posX>
    <posY>120</posY>
    <width>1173</width>
    <height>660</height>
    <visible>!Control.IsVisible(1201)+!Control.IsVisible(1202)+control.hasfocus(91919992)</visible>
    <animation effect="fade" start="100" end="0" time="600" reversible="false">Hidden</animation>
    <animation effect="fade" start="30" end="100" time="600" reversible="false">Visible</animation>
	<animation effect="fade" start="0" end="100" time="300" delay="350">WindowOpen</animation>
	<animation effect="fade" start="100" end="0" time="0" delay="0">WindowClose</animation>
    <texture>#latestMediaHandler.movingpicture.latest2.fanart</texture>
	<shouldCache>true</shouldCache>
</control> 

<control>
    <description>Movies selected Fanart 3</description>
    <type>image</type>
    <id>0</id>
    <posX>0</posX>
    <posY>120</posY>
    <width>1173</width>
    <height>660</height>
    <visible>!Control.IsVisible(1201)+!Control.IsVisible(1202)+control.hasfocus(91919993)</visible>
    <animation effect="fade" start="100" end="0" time="600" reversible="false">Hidden</animation>
    <animation effect="fade" start="30" end="100" time="600" reversible="false">Visible</animation>
	<animation effect="fade" start="0" end="100" time="300" delay="350">WindowOpen</animation>
	<animation effect="fade" start="100" end="0" time="0" delay="0">WindowClose</animation>
    <texture>#latestMediaHandler.movingpicture.latest3.fanart</texture>
	<shouldCache>true</shouldCache>
</control> 

<control>
	<description>VIEWPORT</description>
	<type>image</type>
	<id>0</id>
	<posX>0</posX>
	<posY>92</posY>
	<width>1893</width>
	<height>716</height>
	<texture>basichome_viewport.png</texture>
	<shouldCache>true</shouldCache>
    <animation effect="fade" time="250">WindowOpen</animation>
    <animation effect="fade" time="250">WindowClose</animation>
	<animation effect="slide" time="250" start="-1890,0">WindowOpen</animation>
	<animation effect="slide" time="250" end="-1890,0">WindowClose</animation>
</control>

    <control>
      <animation effect="fade" time="250">WindowOpen</animation>
      <animation effect="fade" time="250">WindowClose</animation>
      <type>label</type>
      <id>1</id>
      <posX>185</posX>
      <posY>38</posY>
      <width>500</width>
      <label>Home</label>
      <textcolor>6aa5cb</textcolor>
      <font>font22</font>
    </control>

<import>common.time.xml</import>
<import>BasicHome.exitmenu.xml</import>

<control>
	<type>group</type>
	<id>0</id>
	<description>large group</description>
	<dimColor>ffffffff</dimColor>
		<animation effect="fade" start="0" end="100" time="300" delay="350">WindowOpen</animation>
		<animation effect="fade" start="100" end="0" time="0" delay="0">WindowClose</animation>
		
	<control>
		<id>1001</id>
		<posX>731</posX>
		<posY>260</posY>
		<width>600</width>
		<height>1080</height>
		<textYOff>300</textYOff>
		<type>button</type>
		<label></label>
		<font>AvalonLight32</font>
		<textalign>left</textalign>
		<textureFocus>-</textureFocus>
		<textureNoFocus>-</textureNoFocus>
		<onup>901</onup>
		<ondown>801</ondown>
		<onleft>99999</onleft>
		<onright>501</onright>
		<textcolorNoFocus>22ffffff</textcolorNoFocus>
	</control>
	
	<control>
		<id>1002</id>
		<posX>731</posX>
		<posY>225</posY>
		<width>600</width>
		<height>1080</height>
		<textYOff>300</textYOff>
		<type>button</type>
		<label></label>
		<font>AvalonLight32</font>
		<textalign>left</textalign>
		<textureFocus>-</textureFocus>
		<textureNoFocus>-</textureNoFocus>
		<onup>902</onup>
		<ondown>802</ondown>
		<onleft>99999</onleft>
		<onright>601</onright>
		<textcolorNoFocus>22ffffff</textcolorNoFocus>
	</control>


	

	



<control>
	<id>701</id>
	<description>down group</description>
	<type>group</type>
	<layout>StackLayout</layout>
	<dimColor>ffffffff</dimColor>
	<height>1080</height>
	<posX>730</posX>
	<posY>184</posY>

	<control>
		<id>101</id>
		<type>label</type>
		<height>105</height>
		<width>555</width>
		<label>#topitem3</label>
		<align>left</align>
		<font>AvalonLight32</font>
		<textcolor>6aa5cb</textcolor>
		<animation effect="fade" start="100" end="0" time="0" reversible="false">Visible</animation>
		<visible>[!Control.IsVisible(202) + !Control.IsVisible(302) + !Control.IsVisible(402)] + [string.equals(#mainmenu,801) | Control.HasFocus(1002) | Control.HasFocus(801) | Control.HasFocus(601) | Control.HasFocus(602) | Control.HasFocus(603) | Control.HasFocus(604) | Control.HasFocus(605) | Control.HasFocus(606) | Control.HasFocus(607) | Control.HasFocus(608) | Control.HasFocus(99999) | Control.IsVisible(2) ]</visible>
		<animation effect="slide" start="0,0" end="0,-105" time="250" acceleration="-0.4" reversible="false">Visible</animation>
	</control>
	
	<control>
		<id>102</id>
		<type>label</type>
		<height>105</height>
		<width>555</width>
		<label>#topitem2</label>
		<align>left</align>
		<font>AvalonLight32</font>
		<textcolor>6aa5cb</textcolor>
		<visible>[!Control.IsVisible(202) + !Control.IsVisible(302) + !Control.IsVisible(402)] + [string.equals(#mainmenu,801) | Control.HasFocus(1002) | Control.HasFocus(801) | Control.HasFocus(601) | Control.HasFocus(602) | Control.HasFocus(603) | Control.HasFocus(604) | Control.HasFocus(605) | Control.HasFocus(606) | Control.HasFocus(607) | Control.HasFocus(608) | Control.HasFocus(99999) | Control.IsVisible(2) ]</visible>
	<animation effect="slide" start="0,0" end="0,-105" time="250" acceleration="-0.4" reversible="false">visible</animation>
	</control>
	
	<control>
		<id>103</id>
		<type>label</type>
		<height>105</height>
		<width>555</width>
		<label>#topitem1</label>
		<align>left</align>
		<font>AvalonLight32</font>
		<textcolor>6aa5cb</textcolor>
		<visible>[!Control.IsVisible(202) + !Control.IsVisible(302) + !Control.IsVisible(402)] + [string.equals(#mainmenu,801) | Control.HasFocus(1002) | Control.HasFocus(801) | Control.HasFocus(601) | Control.HasFocus(602) | Control.HasFocus(603) | Control.HasFocus(604) | Control.HasFocus(605) | Control.HasFocus(606) | Control.HasFocus(607) | Control.HasFocus(608) | Control.HasFocus(99999) | Control.IsVisible(2) ]</visible>
		<animation effect="slide" start="0,0" end="0,-105" time="250" acceleration="-0.4" reversible="false">visible</animation>
	</control>
	
		<control>
		<id>801</id>
		<width>355</width>
		<height>105</height>
		<type>button</type>
		<textXOff>0</textXOff>
		<textYOff>0</textYOff>
		<label>#homeitem</label>
		<font>AvalonLight32</font>
		<textalign>left</textalign>
		<textureFocus>-</textureFocus>
		<textureNoFocus>-</textureNoFocus>
		<onup>902</onup>
		<ondown>802</ondown>
		<onleft>801</onleft>
		<onright>601</onright>
		<visible allowhiddenfocus="true">[!Control.IsVisible(202) + !Control.IsVisible(302) + !Control.IsVisible(402)] + [string.equals(#mainmenu,801) | Control.HasFocus(1002) | Control.HasFocus(801) | Control.HasFocus(601) | Control.HasFocus(602) | Control.HasFocus(603) | Control.HasFocus(604) | Control.HasFocus(605) | Control.HasFocus(606) | Control.HasFocus(607) | Control.HasFocus(608) | Control.HasFocus(99999) | Control.IsVisible(2) ]</visible>
		<textcolorNoFocus>ff6aa5cb</textcolorNoFocus>
	<animation effect="slide" start="0,0" end="0,-105" time="250" acceleration="-0.4" reversible="false">visible</animation>
	</control>
	
	<control>
		<id>105</id>
		<type>label</type>
		<height>105</height>
		<width>555</width>
		<label>#bottomitem1</label>
		<align>left</align>
		<font>AvalonLight32</font>
		<textcolor>6aa5cb</textcolor>
		<visible>[!Control.IsVisible(202) + !Control.IsVisible(302) + !Control.IsVisible(402)] + [string.equals(#mainmenu,801) | Control.HasFocus(1002) | Control.HasFocus(801) | Control.HasFocus(601) | Control.HasFocus(602) | Control.HasFocus(603) | Control.HasFocus(604) | Control.HasFocus(605) | Control.HasFocus(606) | Control.HasFocus(607) | Control.HasFocus(608) | Control.HasFocus(99999) | Control.IsVisible(2) ]</visible>
		<animation effect="slide" start="0,0" end="0,-105" time="250" acceleration="-0.4" reversible="false">visible</animation>
	</control>
	
	<control>
		<id>106</id>
		<type>label</type>
		<height>105</height>
		<width>555</width>
		<label>#bottomitem2</label>
		<align>left</align>
		<font>AvalonLight32</font>
		<animation effect="fade" start="0" end="100" time="50" delay="100" reversible="false">visible</animation>
		<visible>[!Control.IsVisible(202) + !Control.IsVisible(302) + !Control.IsVisible(402)] + [string.equals(#mainmenu,801) | Control.HasFocus(1002) | Control.HasFocus(801) | Control.HasFocus(601) | Control.HasFocus(602) | Control.HasFocus(603) | Control.HasFocus(604) | Control.HasFocus(605) | Control.HasFocus(606) | Control.HasFocus(607) | Control.HasFocus(608) | Control.HasFocus(99999) | Control.IsVisible(2) ]</visible>
		<animation effect="slide" start="0,0" end="0,-105" time="250" acceleration="-0.4" reversible="false">visible</animation>
		<textcolor>6aa5cb</textcolor>
	</control>
	
</control>

<control>
	<id>702</id>
	<description>down group</description>
	<type>group</type>
	<layout>StackLayout</layout>
	<dimColor>ffffffff</dimColor>
	<height>1080</height>
	<posX>730</posX>
	<posY>184</posY>

	<control>
		<id>201</id>
		<type>label</type>
		<height>105</height>
		<width>555</width>
		<label>#topitem3</label>
		<align>left</align>
		<font>AvalonLight32</font>
		<textcolor>6aa5cb</textcolor>
		<animation effect="fade" start="100" end="0" time="0" reversible="false">Visible</animation>
		<visible>[!Control.IsVisible(102) + !Control.IsVisible(302) + !Control.IsVisible(402)] + [string.equals(#mainmenu,802) | Control.HasFocus(1001) | Control.HasFocus(802) | Control.HasFocus(501) | Control.HasFocus(502) | Control.HasFocus(503) | Control.HasFocus(504) | Control.HasFocus(505)| Control.HasFocus(506)| Control.HasFocus(507)| Control.HasFocus(508)|Control.HasFocus(99999) | Control.IsVisible(2) ]</visible>
		<animation effect="slide" start="0,0" end="0,-105" time="250" acceleration="-0.4" reversible="false">visible</animation>
	</control>
	
	<control>
		<id>202</id>
		<type>label</type>
		<height>105</height>
		<width>555</width>
		<label>#topitem2</label>
		<align>left</align>
		<font>AvalonLight32</font>
		<textcolor>6aa5cb</textcolor>
		<visible>[!Control.IsVisible(102) + !Control.IsVisible(302) + !Control.IsVisible(402)] + [string.equals(#mainmenu,802) | Control.HasFocus(1001) | Control.HasFocus(802) | Control.HasFocus(501) | Control.HasFocus(502) | Control.HasFocus(503) | Control.HasFocus(504) | Control.HasFocus(505)| Control.HasFocus(506)| Control.HasFocus(507)| Control.HasFocus(508)|Control.HasFocus(99999) | Control.IsVisible(2) ]</visible>
		<animation effect="slide" start="0,0" end="0,-105" time="250" acceleration="-0.4" reversible="false">visible</animation>
	</control>
	
	<control>
		<id>203</id>
		<type>label</type>
		<height>105</height>
		<width>555</width>
		<label>#topitem1</label>
		<align>left</align>
		<font>AvalonLight32</font>
		<textcolor>6aa5cb</textcolor>
		<visible>[!Control.IsVisible(102) + !Control.IsVisible(302) + !Control.IsVisible(402)] + [string.equals(#mainmenu,802) | Control.HasFocus(1001) | Control.HasFocus(802) | Control.HasFocus(501) | Control.HasFocus(502) | Control.HasFocus(503) | Control.HasFocus(504) | Control.HasFocus(505)| Control.HasFocus(506)| Control.HasFocus(507)| Control.HasFocus(508)|Control.HasFocus(99999) | Control.IsVisible(2) ]</visible>
		<animation effect="slide" start="0,0" end="0,-105" time="250" acceleration="-0.4" reversible="false">visible</animation>
	</control>
	
	<control>
		<id>802</id>
		<width>600</width>
		<height>105</height>
		<textXOff>0</textXOff>
		<textYOff>0</textYOff>
		<type>button</type>
		<label>#homeitem</label>
		<font>AvalonLight32</font>
		<textalign>left</textalign>
		<textureFocus>-</textureFocus>
		<textureNoFocus>-</textureNoFocus>
		<onup>901</onup>
		<ondown>801</ondown>
		<onleft>802</onleft>
		<onright>501</onright>
		<visible allowhiddenfocus="true">[!Control.IsVisible(102) + !Control.IsVisible(302) + !Control.IsVisible(402)] + [string.equals(#mainmenu,802) | Control.HasFocus(1001) | Control.HasFocus(802) | Control.HasFocus(501) | Control.HasFocus(502) | Control.HasFocus(503) | Control.HasFocus(504) | Control.HasFocus(505)| Control.HasFocus(506)| Control.HasFocus(507)| Control.HasFocus(508)|Control.HasFocus(99999) | Control.IsVisible(2) ]</visible>
		<textcolorNoFocus>ff6aa5cb</textcolorNoFocus>
	<animation effect="slide" start="0,0" end="0,-105" time="250" acceleration="-0.4" reversible="false">visible</animation>
	</control>
	
	<control>
		<id>205</id>
		<type>label</type>
		<height>105</height>
		<width>555</width>
		<label>#bottomitem1</label>
		<align>left</align>
		<font>AvalonLight32</font>
		<textcolor>6aa5cb</textcolor>
		<visible>[!Control.IsVisible(102) + !Control.IsVisible(302) + !Control.IsVisible(402)] + [string.equals(#mainmenu,802) | Control.HasFocus(1001) | Control.HasFocus(802) | Control.HasFocus(501) | Control.HasFocus(502) | Control.HasFocus(503) | Control.HasFocus(504) | Control.HasFocus(505)| Control.HasFocus(506)| Control.HasFocus(507)| Control.HasFocus(508)|Control.HasFocus(99999) | Control.IsVisible(2) ]</visible>
		<animation effect="slide" start="0,0" end="0,-105" time="250" acceleration="-0.4" reversible="false">visible</animation>
	</control>
	
	<control>
		<id>206</id>
		<type>label</type>
		<height>105</height>
		<width>555</width>
		<label>#bottomitem2</label>
		<align>left</align>
		<font>AvalonLight32</font>
		<animation effect="fade" start="0" end="100" time="50" delay="100" reversible="false">Visible</animation>
		<visible>[!Control.IsVisible(102) + !Control.IsVisible(302) + !Control.IsVisible(402)] + [string.equals(#mainmenu,802) | Control.HasFocus(1001) | Control.HasFocus(802) | Control.HasFocus(501) | Control.HasFocus(502) | Control.HasFocus(503) | Control.HasFocus(504) | Control.HasFocus(505)| Control.HasFocus(506)| Control.HasFocus(507)| Control.HasFocus(508)|Control.HasFocus(99999) | Control.IsVisible(2) ]</visible>
		<animation effect="slide" start="0,0" end="0,-105" time="250" acceleration="-0.4" reversible="false">visible</animation>
		<textcolor>6aa5cb</textcolor>
	</control>
	
</control>

<control>
	<id>703</id>
	<description>up group</description>
	<type>group</type>
	<layout>StackLayout</layout>
	<dimColor>ffffffff</dimColor>
	<height>1080</height>
	<posX>730</posX>
	<posY>85</posY>

	
	<control>
		<id>302</id>
		<type>label</type>
		<height>105</height>
		<width>555</width>
		<label>#topitem2</label>
		<font>AvalonLight32</font>
		<align>left</align>
		<textcolor>6aa5cb</textcolor>
		<animation effect="fade" start="0" end="100" time="50" delay="100" reversible="false">Visible</animation>
		<visible>[!Control.IsVisible(102) + !Control.IsVisible(202) + !Control.IsVisible(402)] + [string.equals(#mainmenu,901) | Control.HasFocus(1002) | Control.HasFocus(901) | Control.HasFocus(601) | Control.HasFocus(602) | Control.HasFocus(603) | Control.HasFocus(604) | Control.HasFocus(605) | Control.HasFocus(606) | Control.HasFocus(607) | Control.HasFocus(608) | Control.HasFocus(99999) | Control.IsVisible(2) ]</visible>
		<animation effect="slide" start="0,0" end="0,105" time="250" acceleration="-0.4" reversible="false">visible</animation>
	</control>
	
	<control>
		<id>303</id>
		<type>label</type>
		<height>105</height>
		<width>555</width>
		<label>#topitem1</label>
		<align>left</align>
		<font>AvalonLight32</font>
		<textcolor>6aa5cb</textcolor>
		<visible>[!Control.IsVisible(102) + !Control.IsVisible(202) + !Control.IsVisible(402)] + [string.equals(#mainmenu,901) | Control.HasFocus(1002) | Control.HasFocus(901) | Control.HasFocus(601) | Control.HasFocus(602) | Control.HasFocus(603) | Control.HasFocus(604) | Control.HasFocus(605) | Control.HasFocus(606) | Control.HasFocus(607) | Control.HasFocus(608) | Control.HasFocus(99999) | Control.IsVisible(2) ]</visible>
		<animation effect="slide" start="0,0" end="0,105" time="250" acceleration="-0.4" reversible="false">visible</animation>
	</control>
	
	<control>
		<id>901</id>
		<posY>0</posY>
		<width>355</width>
		<height>105</height>
		<textXOff>0</textXOff>
		<textYOff>0</textYOff>
		<type>button</type>
		<label>#homeitem</label>
		<font>AvalonLight32</font>
		<textalign>left</textalign>
		<textureFocus>-</textureFocus>
		<textureNoFocus>-</textureNoFocus>
		<onup>902</onup>
		<ondown>802</ondown>
		<onleft>901</onleft>
		<onright>601</onright>
		<visible allowhiddenfocus="true">[!Control.IsVisible(102) + !Control.IsVisible(202) + !Control.IsVisible(402)] + [string.equals(#mainmenu,901) | Control.HasFocus(1002) | Control.HasFocus(901) | Control.HasFocus(601) | Control.HasFocus(602) | Control.HasFocus(603) | Control.HasFocus(604) | Control.HasFocus(605) | Control.HasFocus(606) | Control.HasFocus(607) | Control.HasFocus(608) | Control.HasFocus(99999) | Control.IsVisible(2) ]</visible>
		<textcolorNoFocus>ff6aa5cb</textcolorNoFocus>
	<animation effect="slide" start="0,0" end="0,105" time="250" acceleration="-0.4" reversible="false">visible</animation>
	</control>

	<control>
		<id>305</id>
		<type>label</type>
		<height>105</height>
		<width>555</width>
		<label>#bottomitem1</label>
		<align>left</align>
		<font>AvalonLight32</font>
		<textcolor>6aa5cb</textcolor>
		<visible>[!Control.IsVisible(102) + !Control.IsVisible(202) + !Control.IsVisible(402)] + [string.equals(#mainmenu,901) | Control.HasFocus(1002) | Control.HasFocus(901) | Control.HasFocus(601) | Control.HasFocus(602) | Control.HasFocus(603) | Control.HasFocus(604) | Control.HasFocus(605) | Control.HasFocus(606) | Control.HasFocus(607) | Control.HasFocus(608) | Control.HasFocus(99999) | Control.IsVisible(2) ]</visible>
		<animation effect="slide" start="0,0" end="0,105" time="250" acceleration="-0.4" reversible="false">visible</animation>
	</control>
	
	<control>
		<id>306</id>
		<type>label</type>
		<height>105</height>
		<width>555</width>
		<label>#bottomitem2</label>
		<align>left</align>
		<font>AvalonLight32</font>
		<textcolor>6aa5cb</textcolor>
		<visible>[!Control.IsVisible(102) + !Control.IsVisible(202) + !Control.IsVisible(402)] + [string.equals(#mainmenu,901) | Control.HasFocus(1002) | Control.HasFocus(901) | Control.HasFocus(601) | Control.HasFocus(602) | Control.HasFocus(603) | Control.HasFocus(604) | Control.HasFocus(605) | Control.HasFocus(606) | Control.HasFocus(607) | Control.HasFocus(608) | Control.HasFocus(99999) | Control.IsVisible(2) ]</visible>
		<animation effect="slide" start="0,0" end="0,105" time="250" acceleration="-0.4" reversible="false">visible</animation>
	</control>
	
	<control>
		<id>307</id>
		<type>label</type>
		<height>105</height>
		<width>555</width>
		<label>#bottomitem3</label>
		<align>left</align>
		<font>AvalonLight32</font>
		<textcolor>6aa5cb</textcolor>
		<animation effect="fade" start="100" end="0" time="0" reversible="false">Visible</animation>
		<visible>[!Control.IsVisible(102) + !Control.IsVisible(202) + !Control.IsVisible(402)] + [string.equals(#mainmenu,901) | Control.HasFocus(1002) | Control.HasFocus(901) | Control.HasFocus(601) | Control.HasFocus(602) | Control.HasFocus(603) | Control.HasFocus(604) | Control.HasFocus(605) | Control.HasFocus(606) | Control.HasFocus(607) | Control.HasFocus(608) | Control.HasFocus(99999) | Control.IsVisible(2) ]</visible>
		<animation effect="slide" start="0,0" end="0,105" time="250" acceleration="-0.4" reversible="false">visible</animation>
	</control>
	
</control>

<control>
	<id>704</id>
	<description>up group</description>
	<type>group</type>
	<layout>StackLayout</layout>
	<dimColor>ffffffff</dimColor>
	<height>1080</height>
	<posX>730</posX>
	<posY>85</posY>

	<control>
		<id>402</id>
		<type>label</type>
		<height>105</height>
		<width>555</width>
		<label>#topitem2</label>
		<align>left</align>
		<font>AvalonLight32</font>
		<textcolor>6aa5cb</textcolor>
		<animation effect="fade" start="0" end="100" time="50" delay="100" reversible="false">Visible</animation>
		<visible>[!Control.IsVisible(102) + !Control.IsVisible(202) + !Control.IsVisible(302)] + [string.equals(#mainmenu,902) | Control.HasFocus(1001) | Control.HasFocus(902) | Control.HasFocus(501) | Control.HasFocus(502) | Control.HasFocus(503) | Control.HasFocus(504) | Control.HasFocus(505)| Control.HasFocus(506)| Control.HasFocus(507)| Control.HasFocus(508)|Control.HasFocus(99999) | Control.IsVisible(2) ]</visible>
		<animation effect="slide" start="0,0" end="0,105" time="250" acceleration="-0.4" reversible="false">visible</animation>
	</control>
	
	<control>
		<id>403</id>
		<type>label</type>
		<height>105</height>
		<width>555</width>
		<label>#topitem1</label>
		<align>left</align>
		<font>AvalonLight32</font>
		<textcolor>6aa5cb</textcolor>
		<visible>[!Control.IsVisible(102) + !Control.IsVisible(202) + !Control.IsVisible(302)] + [string.equals(#mainmenu,902) | Control.HasFocus(1001) | Control.HasFocus(902) | Control.HasFocus(501) | Control.HasFocus(502) | Control.HasFocus(503) | Control.HasFocus(504) | Control.HasFocus(505)| Control.HasFocus(506)| Control.HasFocus(507)| Control.HasFocus(508)|Control.HasFocus(99999) | Control.IsVisible(2) ]</visible>
		<animation effect="slide" start="0,0" end="0,105" time="250" acceleration="-0.4" reversible="false">visible</animation>
	</control>
	
		<control>
		<id>902</id>
		<width>355</width>
		<height>105</height>
		<type>button</type>
		<textXOff>0</textXOff>
		<textYOff>0</textYOff>
		<label>#homeitem</label>
		<font>AvalonLight32</font>
		<textalign>left</textalign>
		<textureFocus>-</textureFocus>
		<textureNoFocus>-</textureNoFocus>
		<onup>901</onup>
		<ondown>801</ondown>
		<onleft>902</onleft>
		<onright>501</onright>
		<visible allowhiddenfocus="true">[!Control.IsVisible(102) + !Control.IsVisible(202) + !Control.IsVisible(302)] + [string.equals(#mainmenu,902) | Control.HasFocus(1001) | Control.HasFocus(902) | Control.HasFocus(501) | Control.HasFocus(502) | Control.HasFocus(503) | Control.HasFocus(504) | Control.HasFocus(505)| Control.HasFocus(506)| Control.HasFocus(507)| Control.HasFocus(508)|Control.HasFocus(99999) | Control.IsVisible(2) ]</visible>
		<textcolorNoFocus>ff6aa5cb</textcolorNoFocus>
	<animation effect="slide" start="0,0" end="0,105" time="250" acceleration="-0.4" reversible="false">visible</animation>
	</control>
	
	<control>
		<id>405</id>
		<type>label</type>
		<height>105</height>
		<width>555</width>
		<label>#bottomitem1</label>
		<align>left</align>
		<font>AvalonLight32</font>
		<textcolor>6aa5cb</textcolor>
		<visible>[!Control.IsVisible(102) + !Control.IsVisible(202) + !Control.IsVisible(302)] + [string.equals(#mainmenu,902) | Control.HasFocus(1001) | Control.HasFocus(902) | Control.HasFocus(501) | Control.HasFocus(502) | Control.HasFocus(503) | Control.HasFocus(504) | Control.HasFocus(505)| Control.HasFocus(506)| Control.HasFocus(507)| Control.HasFocus(508)|Control.HasFocus(99999) | Control.IsVisible(2) ]</visible>
		<animation effect="slide" start="0,0" end="0,105" time="250" acceleration="-0.4" reversible="false">visible</animation>
	</control>
	
	<control>
		<id>406</id>
		<type>label</type>
		<height>105</height>
		<width>555</width>
		<label>#bottomitem2</label>
		<align>left</align>
		<font>AvalonLight32</font>
		<textcolor>6aa5cb</textcolor>
		<visible>[!Control.IsVisible(102) + !Control.IsVisible(202) + !Control.IsVisible(302)] + [string.equals(#mainmenu,902) | Control.HasFocus(1001) | Control.HasFocus(902) | Control.HasFocus(501) | Control.HasFocus(502) | Control.HasFocus(503) | Control.HasFocus(504) | Control.HasFocus(505)| Control.HasFocus(506)| Control.HasFocus(507)| Control.HasFocus(508)|Control.HasFocus(99999) | Control.IsVisible(2) ]</visible>
		<animation effect="slide" start="0,0" end="0,105" time="250" acceleration="-0.4" reversible="false">visible</animation>
	</control>
	
	<control>
		<id>407</id>
		<type>label</type>
		<height>105</height>
		<width>555</width>
		<label>#bottomitem3</label>
		<align>left</align>
		<font>AvalonLight32</font>
		<textcolor>6aa5cb</textcolor>
		<animation effect="fade" start="100" end="0" time="0" reversible="false">Visible</animation>
		<visible>[!Control.IsVisible(102) + !Control.IsVisible(202) + !Control.IsVisible(302)] + [string.equals(#mainmenu,902) | Control.HasFocus(1001) | Control.HasFocus(902) | Control.HasFocus(501) | Control.HasFocus(502) | Control.HasFocus(503) | Control.HasFocus(504) | Control.HasFocus(505)| Control.HasFocus(506)| Control.HasFocus(507)| Control.HasFocus(508)|Control.HasFocus(99999) | Control.IsVisible(2) ]</visible>
		<animation effect="slide" start="0,0" end="0,105" time="250" acceleration="-0.4" reversible="false">visible</animation>
	</control>
	

	
</control>

</control>


<control>
	<description>Leftmenu tab</description>
	<type>image</type>
	<id>566</id>
	<posX>1095</posX>
	<posY>421</posY>
	<width>61</width>
	<height>58</height>
	<visible>!Control.HasFocus(2) + !Control.HasFocus(3) + !Control.HasFocus(4) + !Control.HasFocus(5)+!string.equals(#subitem1,)</visible>
		<animation effect="fade" start="0" end="100" delay="150" time="400" reversible="false">Visible</animation>
		<animation effect="fade" start="0" end="100" time="300" delay="350">WindowOpen</animation>
		<animation effect="fade" start="100" end="0" time="0" delay="0">WindowClose</animation>
	<texture>submenu_arrow.png</texture>
</control>



<!--Submenu-->

<control>
	<id>500</id>
	<description>submenu group</description>
	<type>group</type>
	<layout>StackLayout</layout>
	<dimColor>ffffffff</dimColor>
	<defaultcontrol>501</defaultcontrol>
		<animation effect="fade" start="0" end="100" time="400" reversible="false">Visible</animation>
		<animation effect="fade" start="0" end="100" time="300" delay="350">WindowOpen</animation>
		<animation effect="fade" start="100" end="0" time="0" delay="0">WindowClose</animation>

	<height>1080</height>
	<posX>1190</posX>
	<posY>184</posY>

	<control>
		<id>501</id>
		<type>button</type>
		<height>58</height>
		<width>390</width>
		<label>#subitem1</label>
		<font>AvalonLight20</font>
		<textcolor>ffffffff</textcolor>
		<textcolorNoFocus>ff6aa5cb</textcolorNoFocus>
		<textureFocus>-</textureFocus>
		<textureNoFocus>-</textureNoFocus>
		<textalign>left</textalign>
		<onleft>1001</onleft>
		<onright>501</onright>
		<ondown>502</ondown>
		<visible allowhiddenfocus="true">Control.HasFocus(501) | Control.HasFocus(502) | Control.HasFocus(503) | Control.HasFocus(504) | Control.HasFocus(505)| Control.HasFocus(506)| Control.HasFocus(507)| Control.HasFocus(508)</visible>
	</control>
	
	<control>
		<id>502</id>
		<type>button</type>
		<height>58</height>
		<width>390</width>
		<label>#subitem2</label>
		<font>AvalonLight20</font>
		<textcolor>ffffffff</textcolor>
		<textcolorNoFocus>ff6aa5cb</textcolorNoFocus>
		<textureFocus>-</textureFocus>
		<textureNoFocus>-</textureNoFocus>
		<textalign>left</textalign>
		<onup>501</onup>
		<onleft>1001</onleft>
		<onright>502</onright>
		<ondown>503</ondown>
			<visible>!string.equals(#subitem2,)+[Control.HasFocus(501) | Control.HasFocus(502) | Control.HasFocus(503) | Control.HasFocus(504) | Control.HasFocus(505)| Control.HasFocus(506)| Control.HasFocus(507)| Control.HasFocus(508)]</visible>
	</control>
	
	<control>
		<id>503</id>
		<type>button</type>
		<height>58</height>
		<width>390</width>
		<label>#subitem3</label>
		<font>AvalonLight20</font>
		<textcolor>ffffffff</textcolor>
		<textcolorNoFocus>ff6aa5cb</textcolorNoFocus>
		<textureFocus>-</textureFocus>
		<textureNoFocus>-</textureNoFocus>
		<textalign>left</textalign>
		<onup>502</onup>
		<onleft>1001</onleft>
		<onright>503</onright>
		<ondown>504</ondown>
			<visible>!string.equals(#subitem3,)+[Control.HasFocus(501) | Control.HasFocus(502) | Control.HasFocus(503) | Control.HasFocus(504) | Control.HasFocus(505)| Control.HasFocus(506)| Control.HasFocus(507)| Control.HasFocus(508)]</visible>
	</control>
	
	<control>
		<id>504</id>
		<type>button</type>
		<height>58</height>
		<width>390</width>
		<label>#subitem4</label>
		<font>AvalonLight20</font>
		<textcolor>ffffffff</textcolor>
		<textcolorNoFocus>ff6aa5cb</textcolorNoFocus>
		<textureFocus>-</textureFocus>
		<textureNoFocus>-</textureNoFocus>
		<textalign>left</textalign>
		<onup>503</onup>
		<onleft>1001</onleft>
		<onright>504</onright>
		<ondown>505</ondown>
			<visible>!string.equals(#subitem4,)+[Control.HasFocus(501) | Control.HasFocus(502) | Control.HasFocus(503) | Control.HasFocus(504) | Control.HasFocus(505)| Control.HasFocus(506)| Control.HasFocus(507)| Control.HasFocus(508)]</visible>
	</control>
	
	<control>
		<id>505</id>
		<type>button</type>
		<height>58</height>
		<width>390</width>
		<label>#subitem5</label>
		<font>AvalonLight20</font>
		<textcolor>ffffffff</textcolor>
		<textcolorNoFocus>ff6aa5cb</textcolorNoFocus>
		<textureFocus>-</textureFocus>
		<textureNoFocus>-</textureNoFocus>
		<textalign>left</textalign>
		<onup>504</onup>
		<ondown>506</ondown>
		<onright>505</onright>
		<onleft>1001</onleft>
		<visible>!string.equals(#subitem5,)+[Control.HasFocus(501) | Control.HasFocus(502) | Control.HasFocus(503) | Control.HasFocus(504) | Control.HasFocus(505)| Control.HasFocus(506)| Control.HasFocus(507)| Control.HasFocus(508)]</visible>
	</control>
	
	<control>
		<id>506</id>
		<type>button</type>
		<height>58</height>
		<width>390</width>
		<label>#subitem6</label>
		<font>AvalonLight20</font>
		<textcolor>ffffffff</textcolor>
		<textcolorNoFocus>ff6aa5cb</textcolorNoFocus>
		<textureFocus>-</textureFocus>
		<textureNoFocus>-</textureNoFocus>
		<textalign>left</textalign>
		<onup>505</onup>
		<ondown>507</ondown>
		<onright>506</onright>
		<onleft>1001</onleft>
		<visible>!string.equals(#subitem6,)+[Control.HasFocus(501) | Control.HasFocus(502) | Control.HasFocus(503) | Control.HasFocus(504) | Control.HasFocus(505)| Control.HasFocus(506)| Control.HasFocus(507)| Control.HasFocus(508)]</visible>
	</control>

	<control>
		<id>507</id>
		<type>button</type>
		<height>58</height>
		<width>390</width>
		<label>#subitem7</label>
		<font>AvalonLight20</font>
		<textcolor>ffffffff</textcolor>
		<textcolorNoFocus>ff6aa5cb</textcolorNoFocus>
		<textureFocus>-</textureFocus>
		<textureNoFocus>-</textureNoFocus>
		<textalign>left</textalign>
		<onup>506</onup>
		<ondown>508</ondown>
		<onright>507</onright>
		<onleft>1001</onleft>
		<visible>!string.equals(#subitem7,)+[Control.HasFocus(501) | Control.HasFocus(502) | Control.HasFocus(503) | Control.HasFocus(504) | Control.HasFocus(505)| Control.HasFocus(506)| Control.HasFocus(507)| Control.HasFocus(508)]</visible>
	</control>
	
	<control>
		<id>508</id>
		<type>button</type>
		<height>58</height>
		<width>390</width>
		<label>#subitem8</label>
		<font>AvalonLight20</font>
		<textcolor>ffffffff</textcolor>
		<textcolorNoFocus>ff6aa5cb</textcolorNoFocus>
		<textureFocus>-</textureFocus>
		<textureNoFocus>-</textureNoFocus>
		<textalign>left</textalign>
		<onup>507</onup>
		<ondown>508</ondown>
		<onright>508</onright>
		<onleft>1001</onleft>
		<visible>!string.equals(#subitem8,)+[Control.HasFocus(501) | Control.HasFocus(502) | Control.HasFocus(503) | Control.HasFocus(504) | Control.HasFocus(505)| Control.HasFocus(506)| Control.HasFocus(507)| Control.HasFocus(508)]</visible>
	</control>
	
</control>

<control>
	<id>600</id>
	<description>submenu group</description>
	<type>group</type>
	<layout>StackLayout</layout>
	<dimColor>ffffffff</dimColor>
	<defaultcontrol>601</defaultcontrol>
	<visible allowhiddenfocus="true">Control.HasFocus(601) | Control.HasFocus(602) | Control.HasFocus(603) | Control.HasFocus(604) | Control.HasFocus(605) | Control.HasFocus(606) | Control.HasFocus(607) | Control.HasFocus(608)</visible>
<animation effect="fade" start="0" end="100" time="400" reversible="false">Visible</animation>
		<animation effect="fade" start="0" end="100" time="300" delay="350">WindowOpen</animation>
		<animation effect="fade" start="100" end="0" time="0" delay="0">WindowClose</animation>
	<height>1080</height>
	<posX>1190</posX>
	<posY>184</posY>

	<control>
		<id>601</id>
		<type>button</type>
		<height>58</height>
		<width>390</width>
		<label>#subitem1</label>
		<font>AvalonLight20</font>
		<textcolor>ffffffff</textcolor>
		<textcolorNoFocus>ff6aa5cb</textcolorNoFocus>
		<textureFocus>-</textureFocus>
		<textureNoFocus>-</textureNoFocus>
		<textalign>left</textalign>
		<onleft>1002</onleft>
		<onright>601</onright>
		<ondown>602</ondown>
		<visible allowhiddenfocus="true">Control.HasFocus(601) | Control.HasFocus(602) | Control.HasFocus(603) | Control.HasFocus(604) | Control.HasFocus(605) | Control.HasFocus(606) | Control.HasFocus(607) | Control.HasFocus(608)</visible>
	</control>
	
	<control>
		<id>602</id>
		<type>button</type>
		<height>58</height>
		<width>390</width>
		<label>#subitem2</label>
		<font>AvalonLight20</font>
		<textcolor>ffffffff</textcolor>
		<textcolorNoFocus>ff6aa5cb</textcolorNoFocus>
		<textureFocus>-</textureFocus>
		<textureNoFocus>-</textureNoFocus>
		<textalign>left</textalign>
		<onup>601</onup>
		<onleft>1002</onleft>
		<onright>6012</onright>
		<ondown>603</ondown>
		<visible>!string.equals(#subitem2,)+[Control.HasFocus(601) | Control.HasFocus(602) | Control.HasFocus(603) | Control.HasFocus(604) | Control.HasFocus(605) | Control.HasFocus(606) | Control.HasFocus(607) | Control.HasFocus(608)]</visible>
	</control>
	
	<control>
		<id>603</id>
		<type>button</type>
		<height>58</height>
		<width>390</width>
		<label>#subitem3</label>
		<font>AvalonLight20</font>
		<textcolor>ffffffff</textcolor>
		<textcolorNoFocus>ff6aa5cb</textcolorNoFocus>
		<textureFocus>-</textureFocus>
		<textureNoFocus>-</textureNoFocus>
		<textalign>left</textalign>
		<onup>602</onup>
		<onleft>1002</onleft>
		<onright>603</onright>
		<ondown>604</ondown>
		<visible>!string.equals(#subitem3,)+[Control.HasFocus(601) | Control.HasFocus(602) | Control.HasFocus(603) | Control.HasFocus(604) | Control.HasFocus(605) | Control.HasFocus(606) | Control.HasFocus(607) | Control.HasFocus(608)]</visible>
	</control>
	
	<control>
		<id>604</id>
		<type>button</type>
		<height>58</height>
		<width>390</width>
		<label>#subitem4</label>
		<font>AvalonLight20</font>
		<textcolor>ffffffff</textcolor>
		<textcolorNoFocus>ff6aa5cb</textcolorNoFocus>
		<textureFocus>-</textureFocus>
		<textureNoFocus>-</textureNoFocus>
		<textalign>left</textalign>
		<onup>603</onup>
		<onleft>1002</onleft>
		<onright>604</onright>
		<ondown>605</ondown>
		<visible>!string.equals(#subitem4,)+[Control.HasFocus(601) | Control.HasFocus(602) | Control.HasFocus(603) | Control.HasFocus(604) | Control.HasFocus(605) | Control.HasFocus(606) | Control.HasFocus(607) | Control.HasFocus(608)]</visible>
	</control>
	
	<control>
		<id>605</id>
		<type>button</type>
		<height>58</height>
		<width>390</width>
		<label>#subitem5</label>
		<font>AvalonLight20</font>
		<textcolor>ffffffff</textcolor>
		<textcolorNoFocus>ff6aa5cb</textcolorNoFocus>
		<textureFocus>-</textureFocus>
		<textureNoFocus>-</textureNoFocus>
		<textalign>left</textalign>
		<onup>604</onup>
		<ondown>606</ondown>
		<onright>605</onright>
		<onleft>1002</onleft>
		<visible>!string.equals(#subitem5,)+[Control.HasFocus(601) | Control.HasFocus(602) | Control.HasFocus(603) | Control.HasFocus(604) | Control.HasFocus(605) | Control.HasFocus(606) | Control.HasFocus(607) | Control.HasFocus(608)]</visible>
	</control>
	
	<control>
		<id>606</id>
		<type>button</type>
		<height>58</height>
		<width>390</width>
		<label>#subitem6</label>
		<font>AvalonLight20</font>
		<textcolor>ffffffff</textcolor>
		<textcolorNoFocus>ff6aa5cb</textcolorNoFocus>
		<textureFocus>-</textureFocus>
		<textureNoFocus>-</textureNoFocus>
		<textalign>left</textalign>
		<onup>605</onup>
		<ondown>607</ondown>
		<onright>606</onright>
		<onleft>1002</onleft>
		<visible>!string.equals(#subitem6,)+[Control.HasFocus(601) | Control.HasFocus(602) | Control.HasFocus(603) | Control.HasFocus(604) | Control.HasFocus(605) | Control.HasFocus(606) | Control.HasFocus(607) | Control.HasFocus(608)]</visible>
	</control>
	
	<control>
		<id>607</id>
		<type>button</type>
		<height>58</height>
		<width>390</width>
		<label>#subitem7</label>
		<font>AvalonLight20</font>
		<textcolor>ffffffff</textcolor>
		<textcolorNoFocus>ff6aa5cb</textcolorNoFocus>
		<textureFocus>-</textureFocus>
		<textureNoFocus>-</textureNoFocus>
		<textalign>left</textalign>
		<onup>606</onup>
		<ondown>608</ondown>
		<onright>607</onright>
		<onleft>1002</onleft>
		<visible>!string.equals(#subitem7,)+[Control.HasFocus(601) | Control.HasFocus(602) | Control.HasFocus(603) | Control.HasFocus(604) | Control.HasFocus(605) | Control.HasFocus(606) | Control.HasFocus(607) | Control.HasFocus(608)]</visible>
	</control>
	
	<control>
		<id>608</id>
		<type>button</type>
		<height>58</height>
		<width>390</width>
		<label>#subitem8</label>
		<font>AvalonLight20</font>
		<textcolor>ffffffff</textcolor>
		<textcolorNoFocus>ff6aa5cb</textcolorNoFocus>
		<textureFocus>-</textureFocus>
		<textureNoFocus>-</textureNoFocus>
		<textalign>left</textalign>
		<onup>607</onup>
		<ondown>608</ondown>
		<onright>608</onright>
		<onleft>1002</onleft>
		<visible>!string.equals(#subitem8,)+[Control.HasFocus(601) | Control.HasFocus(602) | Control.HasFocus(603) | Control.HasFocus(604) | Control.HasFocus(605) | Control.HasFocus(606) | Control.HasFocus(607) | Control.HasFocus(608)]</visible>
	</control>
	
</control>


    <control>
        <description>Update Indicator</description>
        <type>button</type>
        <id>99999</id>
		<label>-</label>
		<textureFocus>update_notification_focus.png</textureFocus>
		<textureNoFocus>update_notification_nofocus.png</textureNoFocus>
		<posX>348</posX>
		<posY>38</posY>
		<width>64</width>
		<height>64</height>
		<hyperlink>155104</hyperlink>
		<onright>901</onright>
		<onleft>3</onleft>
		<onup>99999</onup>
		<ondown>99999</ondown>
		<visible>string.equals(#Avalon.ShowUpdateInd,true)</visible>
		<animation effect="fade" start="0" end="100" time="300" delay="350">WindowOpen</animation>
		<animation effect="fade" start="100" end="0" time="0" delay="0">WindowClose</animation>
    </control>
	
	<control>
		<type>label</type>
		<id>4201</id>
		<posX>410</posX>
		<posY>55</posY>
		<width>500</width>
		<label>#Avalon.SkinUpdateNF</label>
		<textcolor>ffffff</textcolor>
		<font>AvalonLight12</font>
		<visible>string.equals(#Avalon.ShowUpdateInd,true) + string.equals(#uplabel1,yes)</visible>
		<animation effect="fade" start="0" end="100" time="300" delay="350">WindowOpen</animation>
		<animation effect="fade" start="100" end="0" time="0" delay="0">WindowClose</animation>
		<animation effect="fade" start="0" end="100" time="600">visiblechange</animation>
    </control>
	
	<control>
		<type>label</type>
		<id>4202</id>
		<posX>410</posX>
		<posY>55</posY>
		<width>800</width>
		<label>#Avalon.SkinUpdateNF2</label>
		<textcolor>ffffff</textcolor>
		<font>AvalonLight12</font>
		<visible>string.equals(#Avalon.ShowUpdateInd,true) + string.equals(#uplabel2,yes)</visible>
		<animation effect="fade" start="0" end="100" time="300" delay="350">WindowOpen</animation>
		<animation effect="fade" start="100" end="0" time="0" delay="0">WindowClose</animation>
		<animation effect="fade" start="0" end="100" time="600">visiblechange</animation>
    </control>
	
	<control>
		<animation effect="slide" start="-60,0" end="0,0" tween="quadratic" easing="in" time="250" delay="400">WindowOpen</animation>
		<animation effect="slide" start="0,0" end="-60,0" tween="quadratic" easing="in" time="250" delay="100">WindowClose</animation>
		<id>1</id>
		<type>image</type>
		<posX>0</posX>
		<posY>440</posY>
		<width>64</width>
		<height>199</height>
		<texture>hiddenmenu_tab.png</texture>
		<visible>![Control.HasFocus(2) | Control.HasFocus(3) | Control.HasFocus(4)] + !string.contains(#Avalon.HiddenMenu, false)</visible>
	</control>
	
<!--RSS-->

<control>
	<description>RSS background</description>
	<type>image</type>
	<id>1</id>
	<posX>0</posX>
	<posY>750</posY>
	<width>1865</width>
	<height>90</height>
	<texture>basichome_rss_bg.png</texture>
	<visible>plugin.isenabled(InfoService) + !string.contains(#Avalon.RSS, false)</visible>
		<animation effect="fade" start="0" end="100" time="300" delay="350">WindowOpen</animation>
		<animation effect="fade" start="100" end="0" time="0" delay="0">WindowClose</animation>
</control>

<control>
	<description>RSS items</description>
	<type>fadelabel</type>
	<id>1</id>
	<posX>25</posX>
	<posY>795</posY>
	<width>1810</width>
	<height>30</height>
	<font>font11</font>
	<textcolor>6aa5cb</textcolor>
	<label>#infoservice.feed.titles</label>
	<visible>plugin.isenabled(InfoService) + !string.contains(#Avalon.RSS, false)</visible>
		<animation effect="fade" start="0" end="100" time="300" delay="350">WindowOpen</animation>
		<animation effect="fade" start="100" end="0" time="0" delay="0">WindowClose</animation>
</control>
	
<import>BasicHome.weather.xml</import> 
<import>BasicHome.scraper.xml</import>  
<import>common.overlay.xml</import>
<import>BasicHome.recentlyaddedSeries.xml</import>
<import>BasicHome.recentlyaddedMovies.xml</import>
<import>BasicHome.recentlyaddedMusic.xml</import>
<import>BasicHome.recentlyaddedRecordings.xml</import>
</controls>
</window>
