<?xml version="1.0" encoding="utf-8"?>
<window>
  <controls>

	<control>
        <description>DUMMY</description>
        <type>button</type>
        <id>71717772</id>
        <posX>-2000</posX>
        <posY>-2000</posY>
        <textureFocus>-</textureFocus>
        <textureNoFocus>-</textureNoFocus>
        <label>-</label>
        <onleft>1001</onleft>
        <onright>91919994</onright>
    </control>	

      <control>
        <description>play</description>
        <type>image</type>
        <id>0</id>
        <posX>1212</posX>
        <posY>633</posY>
        <width>48</width>
        <height>48</height>
        <texture>basichome_play.png</texture>
		<visible>string.equals(#recentMedia,TVSeries) + [control.hasfocus(91919994) | control.hasfocus(91919995) | control.hasfocus(91919996)] + Control.IsVisible(10)</visible>
		<animation effect="fade" start="0" end="100" time="300" delay="350">WindowOpen</animation>
		<animation effect="fade" start="100" end="0" time="0" delay="0">WindowClose</animation>
		<animation effect="fade" time="450" reversible="false">visible</animation>
      </control>
	
    <!--            :: SERIES 1 ::            -->
	
      <control>
        <description>Series 1 name</description>
        <type>fadelabel</type>
        <id>0</id>
        <posX>1266</posX>
        <posY>639</posY>
        <width>500</width>
        <label>#latestMediaHandler.tvseries.latest1.serieName</label>
        <font>fontB12</font>
        <textcolor>ffffff</textcolor>
		<scrollStartDelaySec>10</scrollStartDelaySec>
		<visible>control.hasfocus(91919994) + Control.IsVisible(10)</visible>
		<animation effect="fade" start="0" end="100" time="300" delay="350">WindowOpen</animation>
		<animation effect="fade" start="100" end="0" time="0" delay="0">WindowClose</animation>
		<animation effect="fade" time="450" reversible="false">visible</animation>
      </control>
	  
      <control>
        <description>Series 1 Episode</description>
        <type>fadelabel</type>
        <id>0</id>
        <posX>1266</posX>
        <posY>680</posY>
        <width>500</width>
        <label>S#latestMediaHandler.tvseries.latest1.seasonIndexE#latestMediaHandler.tvseries.latest1.episodeIndex - #latestMediaHandler.tvseries.latest1.episodeName</label>
        <font>AvalonLight12</font>
        <textcolor>6aa5cb</textcolor>
		<scrollStartDelaySec>10</scrollStartDelaySec>
		<visible>control.hasfocus(91919994) + Control.IsVisible(10)</visible>
		<animation effect="fade" start="0" end="100" time="300" delay="350">WindowOpen</animation>
		<animation effect="fade" start="100" end="0" time="0" delay="0">WindowClose</animation>
		<animation effect="fade" time="450" reversible="false">visible</animation>
      </control>
	
    <!--            :: SERIES 2 ::            -->
	
      <control>
        <description>Series 2 name</description>
        <type>fadelabel</type>
        <id>0</id>
        <posX>1266</posX>
        <posY>639</posY>
        <width>500</width>
        <label>#latestMediaHandler.tvseries.latest2.serieName</label>
		<font>fontB12</font>
        <textcolor>ffffff</textcolor>
		<scrollStartDelaySec>10</scrollStartDelaySec>
		<visible>control.hasfocus(91919995)</visible>
		<animation effect="fade" start="0" end="100" time="300" delay="350">WindowOpen</animation>
		<animation effect="fade" start="100" end="0" time="0" delay="0">WindowClose</animation>
		<animation effect="fade" time="450" reversible="false">visible</animation>
      </control>
	  
      <control>
        <description>Series 2 Episode</description>
        <type>fadelabel</type>
        <id>0</id>
        <posX>1266</posX>
        <posY>680</posY>
        <width>500</width>
        <label>S#latestMediaHandler.tvseries.latest2.seasonIndexE#latestMediaHandler.tvseries.latest2.episodeIndex - #latestMediaHandler.tvseries.latest2.episodeName</label>
        <font>AvalonLight12</font>
        <textcolor>6aa5cb</textcolor>
		<scrollStartDelaySec>10</scrollStartDelaySec>
		<visible>control.hasfocus(91919995)</visible>
		<animation effect="fade" start="0" end="100" time="300" delay="350">WindowOpen</animation>
		<animation effect="fade" start="100" end="0" time="0" delay="0">WindowClose</animation>
		<animation effect="fade" time="450" reversible="false">visible</animation>
      </control>
	
    <!--            :: SERIES 3 ::            -->
	
      <control>
        <description>Series 3 name</description>
        <type>fadelabel</type>
        <id>0</id>
        <posX>1266</posX>
        <posY>639</posY>
        <width>500</width>
        <label>#latestMediaHandler.tvseries.latest3.serieName</label>
		<font>fontB12</font>
        <textcolor>ffffff</textcolor>
		<scrollStartDelaySec>10</scrollStartDelaySec>
		<visible>control.hasfocus(91919996)</visible>
		<animation effect="fade" start="0" end="100" time="300" delay="350">WindowOpen</animation>
		<animation effect="fade" start="100" end="0" time="0" delay="0">WindowClose</animation>
		<animation effect="fade" time="450" reversible="false">visible</animation>
      </control>
	  
      <control>
        <description>Series 3 Episode</description>
        <type>fadelabel</type>
        <id>0</id>
        <posX>1266</posX>
        <posY>680</posY>
        <width>500</width>
        <label>S#latestMediaHandler.tvseries.latest3.seasonIndexE#latestMediaHandler.tvseries.latest3.episodeIndex - #latestMediaHandler.tvseries.latest3.episodeName</label>
        <font>AvalonLight12</font>
        <textcolor>6aa5cb</textcolor>
		<scrollStartDelaySec>10</scrollStartDelaySec>
		<visible>control.hasfocus(91919996)</visible>
		<animation effect="fade" start="0" end="100" time="300" delay="350">WindowOpen</animation>
		<animation effect="fade" start="100" end="0" time="0" delay="0">WindowClose</animation>
		<animation effect="fade" time="450" reversible="false">visible</animation>
      </control>
	  
    <control>
      <description>GROUP: RecentlyAdded Series (nofocus)</description>
      <type>group</type>
      <dimColor>0xffffffff</dimColor>
      <visible>string.equals(#recentMedia,TVSeries) + !control.hasfocus(91919994) + !control.hasfocus(91919995)  + !control.hasfocus(91919996) + ![control.isvisible(601) | control.isvisible(501)]</visible>
		<animation effect="fade" start="100" end="0" time="0" delay="0">Hidden</animation>
		<animation effect="fade" start="0" end="100" delay="150" time="400" reversible="false">Visible</animation>
		<animation effect="fade" start="0" end="100" time="300" delay="350">WindowOpen</animation>
		<animation effect="fade" start="100" end="0" time="0" delay="0">WindowClose</animation>
      <control>
        <description>Serie 1 name</description>
        <type>fadelabel</type>
        <id>0</id>
        <posX>1218</posX>
        <posY>622</posY>
        <width>435</width>
        <label>#latestMediaHandler.tvseries.latest1.serieName</label>
        <font>fontB12</font>
        <textcolor>ffffff</textcolor>
		<scrollStartDelaySec>10</scrollStartDelaySec>
      </control>
      <control>
		<type>label</type>
		<id>0</id>
		<posX>1803</posX>
		<posY>627</posY>
		<width>185</width>
		<height>29</height>
        <label>S#latestMediaHandler.tvseries.latest1.seasonIndexE#latestMediaHandler.tvseries.latest1.episodeIndex</label>
        <textcolor>6aa5cb</textcolor>
        <align>right</align>
      </control> 
      <control>
        <description>Serie 2 name</description>
        <type>fadelabel</type>
        <id>0</id>
        <posX>1218</posX>
        <posY>662</posY>
        <width>435</width>
        <label>#latestMediaHandler.tvseries.latest2.serieName</label>
        <font>fontB12</font>
        <textcolor>ffffff</textcolor>
		<scrollStartDelaySec>10</scrollStartDelaySec>
      </control>
       <control>
		<type>label</type>
		<id>0</id>
		<posX>1803</posX>
		<posY>666</posY>
		<width>185</width>
		<height>29</height>
        <label>S#latestMediaHandler.tvseries.latest2.seasonIndexE#latestMediaHandler.tvseries.latest2.episodeIndex</label>
        <textcolor>6aa5cb</textcolor>
        <align>right</align>
      </control> 
      <control>
        <description>Serie 3 name</description>
        <type>fadelabel</type>
        <id>0</id>
        <posX>1218</posX>
        <posY>702</posY>
        <width>435</width>
        <label>#latestMediaHandler.tvseries.latest3.serieName</label>
        <font>fontB12</font>
        <textcolor>ffffff</textcolor>
		<scrollStartDelaySec>10</scrollStartDelaySec>
      </control>
       <control>
		<type>label</type>
		<id>0</id>
		<posX>1803</posX>
		<posY>705</posY>
		<width>185</width>
		<height>29</height>
        <label>S#latestMediaHandler.tvseries.latest3.seasonIndexE#latestMediaHandler.tvseries.latest3.episodeIndex</label>
        <textcolor>6aa5cb</textcolor>
        <align>right</align>
      </control> 	  
</control>
	
    <control>
      <description>GROUP: RecentlyAdded Series</description>
      <type>group</type>
      <dimColor>0xffffffff</dimColor>
      <visible>string.equals(#recentMedia,TVSeries) + ![control.isvisible(601) | control.isvisible(501)]</visible>
		<animation effect="fade" start="100" end="0" time="200" reversible="false">Hidden</animation>
		<animation effect="fade" start="0" end="100" delay="150" time="400" reversible="false">Visible</animation>
		<animation effect="fade" start="0" end="100" time="300" delay="350">WindowOpen</animation>
		<animation effect="fade" start="100" end="0" time="0" delay="0">WindowClose</animation>
      <control>
        <description>Header label</description>
        <type>label</type>
        <id>0</id>
        <posX>1218</posX>
        <posY>210</posY>
        <width>590</width>
        <label>#Avalon.LatestEpisodes</label>
        <font>AvalonLight20</font>
        <textcolor>ffffff</textcolor>
      </control>
      <control>
        <description>Series 1 thumb/fanart</description>
        <type>image</type>
        <id>10</id>
        <posX>1218</posX>
        <posY>290</posY>
        <width>183</width>
        <height>259</height>
        <texture flipY="true" diffuse="Thumb_Mask.png" mask="basichome_music_mask.png">#latestMediaHandler.tvseries.latest1.serieThumb</texture>
      </control>
	<control>
        <description>Play Button</description>
        <type>button</type>
        <id>91919994</id>
        <posX>1212</posX>
        <posY>284</posY>
        <width>194</width>
        <height>269</height>
        <textureFocus>basichome_focus.png</textureFocus>
        <textureNoFocus>-</textureNoFocus>
        <label>-</label>
        <onleft>901</onleft>
        <onright>91919995</onright>
		<onup>91919994</onup>
		<ondown>91919994</ondown>
        <font>font12</font>
    </control>
    </control>
    <control>
      <description>GROUP: RecentlyAdded Series</description>
      <type>group</type>
      <dimColor>0xffffffff</dimColor>
      <visible>string.equals(#recentMedia,TVSeries) + ![control.isvisible(601) | control.isvisible(501)]</visible>
		<animation effect="fade" start="100" end="0" time="200" reversible="false">Hidden</animation>
		<animation effect="fade" start="0" end="100" delay="150" time="400" reversible="false">Visible</animation>
		<animation effect="fade" start="0" end="100" time="300" delay="350">WindowOpen</animation>
		<animation effect="fade" start="100" end="0" time="0" delay="0">WindowClose</animation>
      <control>
        <description>Series 2 thumb/fanart</description>
        <type>image</type>
        <id>0</id>
        <posX>1418</posX>
        <posY>290</posY>
        <width>183</width>
        <height>259</height>
        <texture flipY="true" diffuse="Thumb_Mask.png" mask="basichome_music_mask.png">#latestMediaHandler.tvseries.latest2.serieThumb</texture>
      </control>
	<control>
        <description>Play Button</description>
        <type>button</type>
        <id>91919995</id>
        <posX>1412</posX>
        <posY>284</posY>
        <width>194</width>
        <height>269</height>
        <textureFocus>basichome_focus.png</textureFocus>
        <textureNoFocus>-</textureNoFocus>
        <label>-</label>
        <onleft>91919994</onleft>
        <onright>91919996</onright>
		<onup>91919995</onup>
		<ondown>91919995</ondown>
        <font>font12</font>
    </control>
	  
    </control>
    <control>
      <description>GROUP: RecentlyAdded Series</description>
      <type>group</type>
      <dimColor>0xffffffff</dimColor>
      <visible>string.equals(#recentMedia,TVSeries) + ![control.isvisible(601) | control.isvisible(501)]</visible>
		<animation effect="fade" start="100" end="0" time="200" reversible="false">Hidden</animation>
		<animation effect="fade" start="0" end="100" delay="150" time="400" reversible="false">Visible</animation>
		<animation effect="fade" start="0" end="100" time="300" delay="350">WindowOpen</animation>
		<animation effect="fade" start="100" end="0" time="0" delay="0">WindowClose</animation>
      <control>
        <description>Series 3 thumb/fanart</description>
        <type>image</type>
        <id>0</id>
        <posX>1620</posX>
        <posY>290</posY>
        <width>183</width>
        <height>259</height>
        <texture flipY="true" diffuse="Thumb_Mask.png" mask="basichome_poster_mask.png">#latestMediaHandler.tvseries.latest3.serieThumb</texture>
      </control>
	<control>
        <description>Play Button</description>
        <type>button</type>
        <id>91919996</id>
        <posX>1615</posX>
        <posY>284</posY>
        <width>194</width>
        <height>269</height>
        <textureFocus>basichome_focus.png</textureFocus>
        <textureNoFocus>-</textureNoFocus>
        <label>-</label>
        <onleft>91919995</onleft>
        <onright>91919994</onright>
		<onup>91919996</onup>
		<ondown>91919996</ondown>
        <font>font12</font>
    </control>
    </control>
	
    <!--            :: RIGHT ::            -->
	
      <control>
        <description>Serie 1 name</description>
        <type>fadelabel</type>
        <id>0</id>
        <posX>1620</posX>
        <posY>622</posY>
        <width>180</width>
        <label>#latestMediaHandler.tvseries.latest1.serieName</label>
        <font>fontB12</font>
        <textcolor>ffffff</textcolor>
		<scrollStartDelaySec>10</scrollStartDelaySec>
		<visible>string.equals(#recentMedia,TVSeries) + [control.isvisible(601) | control.isvisible(501)]</visible>
		<animation effect="slide" time="250" start="-350,0">Visible</animation>
		<animation effect="fade" start="0" end="100" time="300" delay="350">WindowOpen</animation>
		<animation effect="fade" start="100" end="0" time="0" delay="0">WindowClose</animation>
      </control>
	
    <control>
        <description>Series 1 thumb/fanart</description>
        <type>image</type>
        <id>444</id>
        <posX>1620</posX>
        <posY>290</posY>
        <width>183</width>
        <height>259</height>
        <texture flipY="true" diffuse="Thumb_Mask.png" mask="basichome_poster_mask.png">#latestMediaHandler.tvseries.latest1.serieThumb</texture>
		<visible>string.equals(#recentMedia,TVSeries) + [control.isvisible(601) | control.isvisible(501)]</visible>
		<animation effect="slide" time="250" start="-350,0">Visible</animation>
		<animation effect="fade" start="0" end="100" time="300" delay="350">WindowOpen</animation>
		<animation effect="fade" start="100" end="0" time="0" delay="0">WindowClose</animation>
	</control>
		
	<control>
        <description>Sub Separator</description>
        <type>image</type>
        <id>0</id>
        <posX>1581</posX>
        <posY>212</posY>
        <width>1</width>
        <height>468</height>
        <texture>basichome_sub_separator.png</texture>
		<visible>string.equals(#recentMedia,TVSeries) + control.hasthumb(444) + [control.isvisible(601) | control.isvisible(501)]</visible>
		<animation effect="slide" time="250" start="-350,0">Visible</animation>
		<animation effect="fade" start="0" end="100" time="300" delay="350">WindowOpen</animation>
		<animation effect="fade" start="100" end="0" time="0" delay="0">WindowClose</animation>
	</control>
  </controls>
</window>