<?xml version="1.0" encoding="utf-8"?>
<window>
  <controls>
    <control>
      <description>GROUP: BasicHome 5 Day Weather Forecast</description>
      <type>group</type>
      <dimColor>0xffffffff</dimColor>
      <visible>plugin.isenabled(World Weather) + !string.contains(#Avalon.5DayWeather, false)</visible>
		<animation effect="fade" start="0" end="100" time="300" delay="350">WindowOpen</animation>
		<animation effect="fade" start="100" end="0" time="0" delay="0">WindowClose</animation>
      <control>
        <description>Weather BG</description>
        <type>image</type>
        <id>0</id>
        <posX>678</posX>
        <posY>916</posY>
        <width>1186</width>
        <height>137</height>
        <texture>basichome_weather_bg.png</texture>
      </control>

			<control>
				<description>Weather 5th image</description>
				<type>image</type>
				<id>0</id>
				<posX>1700</posX>
				<posY>870</posY>
				<height>100</height>
				<width>100</width>
				<texture>#WorldWeather.ForecastDay3IconImage</texture>
			</control>
			
      <control Style="InfoLabel">
        <description>Weather 5th name</description>
        <type>fadelabel</type>
        <id>0</id>
        <posX>1715</posX>
        <posY>960</posY>
        <label>#WorldWeather.ForecastDay3Day</label>
      </control>
	  
      <control>
        <description>Weather 5th value</description>
        <type>label</type>
        <id>0</id>
        <posX>1715</posX>
        <posY>996</posY>
				<align>left</align>
        <label>#WorldWeather.ForecastDay3High</label>
        <font>fontB14</font>
        <textcolor>6aa5cb</textcolor>
      </control>
	  
			<control>
				<description>Weather 4th image</description>
				<type>image</type>
				<id>0</id>
				<posX>1510</posX>
				<posY>870</posY>
				<height>100</height>
				<width>100</width>
				<texture>#WorldWeather.ForecastDay2IconImage</texture>
			</control>
			
     <control Style="InfoLabel">
        <description>Weather 4th name</description>
        <type>label</type>
        <id>0</id>
        <posX>1525</posX>
        <posY>960</posY>
        <label>#WorldWeather.ForecastDay2Day</label>
      </control>
	  
      <control>
        <description>Weather 4th value</description>
        <type>label</type>
        <id>0</id>
        <posX>1525</posX>
        <posY>996</posY>
				<align>left</align>
        <label>#WorldWeather.ForecastDay2High</label>
        <font>fontB14</font>
        <textcolor>6aa5cb</textcolor>
      </control>
	  
			<control>
				<description>Weather 3rd image</description>
				<type>image</type>
				<id>0</id>
				<posX>1320</posX>
				<posY>870</posY>
				<height>100</height>
				<width>100</width>
				<texture>#WorldWeather.ForecastDay1IconImage</texture>
			</control>
			
     <control Style="InfoLabel">
        <description>Weather 3th name</description>
        <type>label</type>
        <id>0</id>
        <posX>1339</posX>
        <posY>960</posY>
        <label>#WorldWeather.ForecastDay1Day</label>
      </control>
	  
      <control>
        <description>Weather 3th value</description>
        <type>label</type>
        <id>0</id>
        <posX>1339</posX>
        <posY>996</posY>
				<align>left</align>
        <label>#WorldWeather.ForecastDay1High</label>
        <font>fontB14</font>
        <textcolor>6aa5cb</textcolor>
      </control>
	  
     <control Style="InfoLabel">
        <description>Weather 2th name</description>
        <type>label</type>
        <id>0</id>
        <posX>1153</posX>
        <posY>960</posY>
        <label>#WorldWeather.ForecastDay0Day</label>
      </control>
			
	  	<control>
				<description>Weather 2nd image</description>
				<type>image</type>
				<id>0</id>
				<posX>1140</posX>
				<posY>870</posY>
				<height>100</height>
				<width>100</width>
				<texture>#WorldWeather.ForecastDay0IconImage</texture>
			</control>
			
      <control>
        <description>Weather 2th value</description>
        <type>label</type>
        <id>0</id>
        <posX>1153</posX>
        <posY>996</posY>
				<align>left</align>
        <label>#WorldWeather.ForecastDay0High</label>
        <font>fontB14</font>
        <textcolor>6aa5cb</textcolor>
      </control>
	  
      <control>
        <description>Weather today name</description>
        <type>label</type>
        <id>0</id>
        <posX>768</posX>
        <posY>1020</posY>
				<valign>middle</valign>
        <label>#(string.rtrim(L(143),':'))</label>
        <font>fontB14</font>
        <textcolor>ffffff</textcolor>
      </control>
	  
      <control>
        <description>Weather today condition</description>
        <type>fadelabel</type>
        <id>0</id>
        <posX>920</posX>
        <posY>928</posY>
				<width>185</width>
				<align>left</align>
        <label>#WorldWeather.TodayCondition</label>
        <font>AvalonLight12</font>
        <textcolor>6aa5cb</textcolor>
      </control>
	  
      <control>
        <description>Weather today max value</description>
        <type>label</type>
        <id>0</id>
        <posX>920</posX>
        <posY>996</posY>
				<align>left</align>
        <label>#WorldWeather.TodayTemperature</label>
        <font>fontB14</font>
        <textcolor>ffffff</textcolor>
      </control>
	  
     <control>
        <description>Weather today min value</description>
        <type>label</type>
        <id>0</id>
        <posX>1005</posX>
        <posY>996</posY>
				<align>left</align>
        <label>/ #WorldWeather.ForecastDay0Low</label>
        <font>fontB14</font>
        <textcolor>6aa5cb</textcolor>
      </control>
	  
		<control>
			<description>Weather image</description>
			<type>image</type>
			<id>0</id>
			<posX>725</posX>
			<posY>845</posY>
			<height>150</height>
			<width>150</width>
			<texture>#WorldWeather.TodayIconImage</texture>
		</control>
		
    </control>
  </controls>
</window>