﻿<?xml version="1.0" encoding="utf-8" standalone="yes"?>
<window>
  <id>54537688</id>
  <defaultcontrol>50</defaultcontrol>
  <allowoverlay>yes</allowoverlay>
  <disabletopbar>yes</disabletopbar>
  <controls>
  
    <control>
      <description>DEFAULT BACKGROUND</description>
      <type>image</type>
      <id>0</id>
      <posX>0</posX>
      <posY>0</posY>
      <width>1920</width>
      <height>1080</height>
      <texture>background.png</texture>
      <shouldCache>true</shouldCache>
    </control>

		<!--            :: Overlays ::            -->	

	<control>
		<description>viewport list</description>
		<type>image</type>
		<id>0</id>
		<posX>0</posX>
		<posY>92</posY>
		<width>1893</width>
		<height>795</height>
		<texture>viewport_onlinevideos.png</texture>
		<visible>[facadeview.list | facadeview.album] + Control.IsVisible(50)</visible>
		<animation effect="fade" time="250">WindowOpen</animation>
		<animation effect="fade" time="250">WindowClose</animation>
		<animation effect="slide" time="250" start="-1890,0">WindowOpen</animation>
		<animation effect="slide" time="250" end="-1890,0">WindowClose</animation>
	</control>

	<control>
		<description>background thumbs</description>
		<type>image</type>
		<id>0</id>
		<posX>1</posX>
		<posY>92</posY>
		<width>1893</width>
		<height>646</height>
		<texture>viewport_thumbs_short.png</texture>
		<visible>[facadeview.smallicons | facadeview.largeicons] + Control.IsVisible(50)</visible>
		<animation effect="fade" time="250">WindowOpen</animation>
		<animation effect="fade" time="250">WindowClose</animation>
		<animation effect="slide" time="250" start="-1890,0">WindowOpen</animation>
		<animation effect="slide" time="250" end="-1890,0">WindowClose</animation>
	</control>
	
    <!--            :: HEADER ::            -->
    <control>
      <animation effect="fade" time="250">WindowOpen</animation>
      <animation effect="fade" time="250">WindowClose</animation>
      <type>label</type>
      <id>1</id>
      <posX>185</posX>
      <posY>38</posY>
      <width>550</width>
      <label>Browse the Web - Favorites</label>
      <textcolor>6aa5cb</textcolor>
      <font>font22</font>
      <visible>facadeview.list | facadeview.filmstrip | facadeview.smallicons | facadeview.largeicons</visible>
    </control>

	<control>
		<description>Selected item Label</description>
		<type>fadelabel</type>
		<id>1</id>
		<posX>1832</posX>
		<posY>956</posY>
		<width>1170</width>
		<label>#selecteditem</label>
		<font>fontB16</font>
		<align>right</align>
		<visible>facadeview.list + Control.IsVisible(50)</visible>
		<animation effect="fade" start="0" end="100" time="300" delay="350">WindowOpen</animation>
		<animation effect="fade" start="100" end="0" time="0" delay="0">WindowClose</animation>
	</control>

	<control>
		<description>Selected item Label</description>
		<type>fadelabel</type>
 		<id>1</id>
		<posX>678</posX>
		<posY>814</posY>
		<width>1170</width>
		<label>#selecteditem</label>
		<font>fontB16</font>
		<visible>[facadeview.smallicons | facadeview.largeicons] + Control.IsVisible(50)</visible>
      	<animation effect="fade" start="0" end="100" time="300" delay="350">WindowOpen</animation>
    	<animation effect="fade" start="100" end="0" time="0" delay="0">WindowClose</animation>
    </control>
 
		
	<control>
		<description>Number of Files Label</description>
		<type>label</type>
		<id>1</id>
		<posX>710</posX>
		<posY>876</posY>
		<align>left</align>
		<font>AvalonLight12</font>
		<textcolor>6aa5cb</textcolor>
		<label>Sites: #itemcount</label>
		<visible>facadeview.list + Control.IsVisible(50)</visible>
		<animation effect="fade" start="0" end="100" time="300" delay="350">WindowOpen</animation>
		<animation effect="fade" start="100" end="0" time="0" delay="0">WindowClose</animation>
	</control>

	<control>
		<description>Number of Files Label</description>
		<type>label</type>
		<id>1</id>
	    <posX>714</posX>
        <posY>725</posY>
        <width>400</width>
        <font>AvalonLight12</font>
        <textcolor>6aa5cb</textcolor>
		<label>Sites: #itemcount</label>		
		<visible>[facadeview.smallicons | facadeview.largeicons | facadeview.playlist]+Control.IsVisible(50)</visible>
		<animation effect="fade" start="0" end="100" time="300" delay="350">WindowOpen</animation>
		<animation effect="fade" start="100" end="0" time="0" delay="0">WindowClose</animation>
	</control>
	
    <import>common.time.xml</import>
	
		<control>
			<type>actiongroup</type>
			<description>action menu</description>
			<defaultcontrol>2</defaultcontrol>
			<onexit>50</onexit>
			<dimColor>00ffffff</dimColor>
			<buttonX>0</buttonX>
			<buttonY>0</buttonY>
			<buttonwidth>497</buttonwidth>
			<buttonheight>1080</buttonheight>
			
			<control>
				<type>image</type>
				<id>0</id>
				<width>1920</width>
				<height>1080</height>
				<texture>semi_trans_back_hidden_menu.png</texture>
				<visible>!Control.HasFocus(50)</visible>
				<animation effect="fade" time="450">visible</animation>
				<animation effect="fade" time="400">hidden</animation>
			</control>
		
			<control>
				<type>image</type>
				<id>0</id>
				<posY>15</posY>
				<posX>0</posX>
				<width>631</width>
				<height>1044</height>
				<texture>menu_bg.png</texture>
				<visible>!Control.HasFocus(50)</visible>
				<animation effect="fade" time="0">WindowClose</animation>
				<animation effect="slide" start="-150,0" time="100">visible</animation>
				<animation effect="fade" time="50">visible</animation>
				<animation effect="fade" time="0">hidden</animation>
			</control>
			<control>
				<description>Menu label</description>
				<type>label</type>
				<id>1</id>
				<posX>128</posX>
				<posY>114</posY>
				<label>924</label>
				<font>fontB12</font>
				<textcolor>ffffff</textcolor>
				<visible>!Control.HasFocus(50)</visible>
				<animation effect="fade" time="0">WindowClose</animation>
				<animation effect="slide" start="-150,0" time="100">visible</animation>
				<animation effect="fade" time="50">visible</animation>
				<animation effect="fade" time="0">hidden</animation>
			</control>
		
			<control>
				<type>group</type>
				<description>group element</description>
				<visible>!Control.HasFocus(50)</visible>
				<animation effect="fade" time="0">WindowClose</animation>
				<animation effect="slide" start="-150,0" time="100">visible</animation>
				<animation effect="fade" time="50">visible</animation>
				<animation effect="fade" time="0">hidden</animation>
				<posX>69</posX>
				<posY>155</posY>
				<layout>StackLayout(0, Vertical, true)</layout>	
				
			<control>
				<type>button</type>
				<description>View-As button</description>
				<id>2</id>
				<onleft>50</onleft>
				<onright>50</onright>
				<onup>5</onup>
				<ondown>3</ondown>
				<label>100</label>
				<textureFocus>hiddenmenu_item_selected.png</textureFocus>
				<textureNoFocus>-</textureNoFocus>
				<posX>69</posX>
				<posY>215</posY>
				<width>497</width>
				<height>70</height>
				<textXOff>66</textXOff>
				<textYOff>17</textYOff>
			</control>
			
      </control>
    </control>

	<!--            :: List Scrolling Popup ::            -->
    
    <control>
        <description>listscroller bg</description>
        <type>image</type>
        <id>1</id>
        <posX>980</posX>
        <posY>320</posY>
        <width>187</width>
        <height>202</height>
        <texture>listscroller_bg.png</texture>
        <visible>facadeview.list+string.contains(#scrolling.up,yes)|string.contains(#scrolling.down,yes)</visible>
        <animation effect="fade" start="0" end="100" time="300" delay="0">Visible</animation>
        <animation effect="fade" start="100" end="0" time="0" delay="0">Hidden</animation>
    </control>
    
    <control>
        <type>label</type>
        <id>1</id>
        <posX>1035</posX>
        <posY>374</posY>
        <width>96</width>
        <height>96</height>
        <font>AvalonLight32</font>
        <textcolor>ff6aa5cb</textcolor>
        <label>#selecteditem.scrolllabel</label>
        <visible>facadeview.list+string.contains(#scrolling.up,yes)|string.contains(#scrolling.down,yes)</visible>
        <align>center</align>
        <valign>middle</valign>
        <animation effect="fade" start="0" end="100" time="300" delay="0">Visible</animation>
        <animation effect="fade" start="100" end="0" time="0" delay="0">Hidden</animation>
    </control>

	<!--            :: Count Background ::            -->

	<control>
		<description>RSS background</description>
		<type>image</type>
		<id>0</id>
		<posX>0</posX>
		<posY>829</posY>
		<width>1865</width>
		<height>96</height>
		<texture>basichome_rss_bg.png</texture>
    	<visible>facadeview.list + control.isvisible(50)</visible>
		<animation effect="fade" start="0" end="100" time="300" delay="350">WindowOpen</animation>
		<animation effect="fade" start="100" end="0" time="0" delay="0">WindowClose</animation>
	</control>
	
    <control>
    	<description>RSS background</description>
    	<type>image</type>
    	<id>0</id>
    	<posX>0</posX>
    	<posY>680</posY>
    	<width>1865</width>
    	<height>96</height>
    	<texture>basichome_rss_bg.png</texture>
		<visible>[facadeview.smallicons | facadeview.largeicons] + control.isvisible(50)</visible>			
    	<animation effect="fade" start="0" end="100" time="300" delay="350">WindowOpen</animation>
    	<animation effect="fade" start="100" end="0" time="0" delay="0">WindowClose</animation>
    </control>
	
	<control>
		<description>group element</description>
		<type>group</type>
		<control>
		<animation effect="fade" start="0" end="100" time="300" delay="350">WindowOpen</animation>
		<animation effect="fade" start="100" end="0" time="0" delay="0">WindowClose</animation>
		<description>composite control consisting of a list control and a thumbnail panel</description>
		<type>facadeview</type>
		<id>50</id>
		
		<control>
			<type>listcontrol</type>
			<id>50</id>
			<onleft>2</onleft>
			<onright>2</onright>
			<posX>678</posX>
			<posY>153</posY>
			<height>750</height>
			<width>1152</width>
			<textXOff>50</textXOff>
			<textXOff2>1152</textXOff2>
			<spinPosX>1802</spinPosX>
			<spinPosY>880</spinPosY>
		</control>

		<control>
			<description>Filmstrip view</description>
			<type>filmstrip</type>
			<dimColor>90ffffff</dimColor>
			<id>50</id>
				<scrollOffset>3</scrollOffset>
				<folderPrefix></folderPrefix>
				<folderSuffix></folderSuffix>
				<posX>70</posX>
				<posY>186</posY>
				<width>1920</width>
				<height>768</height>
				<onup>2</onup>
				<ondown>2</ondown>
				<onleft>50</onleft>
				<onright>50</onright>
				<thumbWidth>327</thumbWidth>
				<thumbHeight>463</thumbHeight>
				<thumbPosX>0</thumbPosX>
				<thumbPosY>0</thumbPosY>
				<itemWidth>355</itemWidth>
				<itemHeight>463</itemHeight>
				<textureWidth>327</textureWidth>
				<textureHeight>463</textureHeight>
				<textYOff>-2000</textYOff>
				<imageFolderFocus>-</imageFolderFocus>
				<frame>-</frame>
				<frameFocus>-</frameFocus>
				<background>-</background>
				<thumbs flipY="true" diffuse="Thumb_Mask_test.png" mask="video_filmstrip_mask.png"></thumbs>
				<showFrame>yes</showFrame>
				<showFolder>no</showFolder>
				<showBackGround>no</showBackGround>
				<showInfoImage>no</showInfoImage>
                <scrollbarBackground>-</scrollbarBackground>
                <scrollbarLeft>scrollbar_left_hor.png</scrollbarLeft>
                <scrollbarRight>scrollbar_right_hor.png</scrollbarRight>
                <scrollbarWidth>689</scrollbarWidth>
				<scrollbarHeight>4</scrollbarHeight>
                <scrollbarYOff>522</scrollbarYOff>
				<thumbAnimation effect="zoom" acceleration="-2" start="100,100" reversible="false" end="108,108" center="0,500" time="200">focus</thumbAnimation>
				<thumbAnimation effect="zoom" start="108,108" reversible="false" end="100,100" center="0,500" time="100">unfocus</thumbAnimation>
		</control>

			<control>
				<description>Thumbnail Panel</description>
				<type>thumbnailpanel</type>
				<id>50</id>
				<posX>710</posX>
				<posY>162</posY>
				<width>1250</width>
				<height>600</height>
				<folderPrefix></folderPrefix>
				<folderSuffix></folderSuffix>
				<onleft>2</onleft>
				<onright>2</onright>
				<itemWidth>126</itemWidth>
				<itemHeight>174</itemHeight>
				<textureWidth>121</textureWidth>
				<textureHeight>169</textureHeight>
				<thumbWidth>121</thumbWidth>
				<thumbHeight>169</thumbHeight>
				<thumbPosX>0</thumbPosX>
				<thumbPosY>0</thumbPosY>
				<itemWidthBig>189</itemWidthBig>
				<itemHeightBig>257</itemHeightBig>
				<thumbWidthBig>179</thumbWidthBig>
				<thumbHeightBig>247</thumbHeightBig>
				<textureWidthBig>179</textureWidthBig>
				<textureHeightBig>247</textureHeightBig>
				<thumbPosXBig>0</thumbPosXBig>
				<thumbPosYBig>0</thumbPosYBig>
				<zoomXPixels>40</zoomXPixels>
				<zoomYPixels>60</zoomYPixels>
				<hideUnfocusTexture>no</hideUnfocusTexture>
				<keepaspectratio>no</keepaspectratio>
				<renderFocusText>no</renderFocusText>
				<renderUnfocusText>no</renderUnfocusText>
				<frameNoFocus>video_thumb_nofocus.png</frameNoFocus>
				<frameFocus>video_thumb_focus.png</frameFocus>
				<textureMask>video_thumb_mask.png</textureMask>
				<shadowAngle>90</shadowAngle>
    			<shadowDistance>50</shadowDistance>
				<thumbZoom>yes</thumbZoom>
                <spinPosX>1832</spinPosX>
                <spinPosY>730</spinPosY>
			</control>

			<control>
				<description>playlist listcontrol</description>
				<type>playlistcontrol</type>
				<id>50</id>
				<onleft>2</onleft>
				<onright>50</onright>
				<scrollOffset>1</scrollOffset>
				<posY>183</posY>
				<height>450</height>
			</control>

		</control>
	</control>

	<control>
		<animation effect="slide" start="-60,0" end="0,0" tween="quadratic" easing="in" time="250" delay="400">WindowOpen</animation>
		<animation effect="slide" start="0,0" end="-60,0" tween="quadratic" easing="in" time="250" delay="100">WindowClose</animation>
		<id>1</id>
		<type>image</type>
		<posY>440</posY>
		<width>64</width>
		<height>199</height>
		<texture>hiddenmenu_tab.png</texture>
		<visible>[facadeview.list|facadeview.smallicons|facadeview.largeicons]+Control.HasFocus(50) + !string.contains(#Avalon.HiddenMenu, false)</visible>
	</control>

	<control>
		<id>1</id>
		<type>image</type>
		<posX>858</posX>
		<posY>0</posY>
		<texture>hiddenmenu_tab_up.png</texture>
		<visible>[facadeview.filmstrip | facadeview.coverflow] + Control.HasFocus(50) + !string.contains(#Avalon.HiddenMenu, false)</visible>
		<animation effect="slide" start="0,-60" end="0,0" tween="quadratic" easing="in" time="250" delay="400">WindowOpen</animation>
		<animation effect="slide" start="0,0" end="0,-60" tween="quadratic" easing="in" time="250" delay="100">WindowClose</animation>
	</control>
	
  </controls>
</window>