<?xml version="1.0" encoding="utf-8" standalone="yes"?>
<window>
<controls>

		<control>
			<type>image</type>
			<id>0</id>
			<width>1920</width>
			<height>1080</height>
			<texture>semi_trans_back_general_menu.png</texture>
			<animation effect="fade" time="450">windowopen</animation>
			<animation effect="fade" time="400">windowclose</animation>
		</control>

	<control>
		<type>image</type>
		<id>0</id>
		<posX>575</posX>
		<posY>495</posY>
		<width>768</width>
		<height>549</height>
		<texture>dialog_background.png</texture>
		<animation effect="fade" time="250">WindowOpen</animation>
		<animation effect="fade" time="0">WindowClose</animation>
		<animation effect="slide" start="0,150" end="0,0" tween="quadratic" easing="in" time="200" delay="0">WindowOpen</animation>
	</control>

	<control>
		<description>Heading text label</description>
		<type>label</type>
		<id>1</id>
		<posX>678</posX>
		<posY>598</posY>
		<width>560</width>
		<label>181</label>
		<font>AvalonLight20</font>
		<textcolor>ffffff</textcolor>
		<animation effect="fade" time="250">WindowOpen</animation>
		<animation effect="slide" start="0,150" end="0,0" tween="quadratic" easing="in" time="200" delay="0">WindowOpen</animation>
		<animation effect="fade" time="0">WindowClose</animation>
	</control>

	<control>
		<description>dialog line 1</description>
		<type>fadelabel</type>
		<id>2</id>
		<posX>678</posX>
		<posY>676</posY>
		<label>-</label>
		<width>560</width>
		<font>AvalonLight14</font>
		<textcolor>6aa5cb</textcolor>
		<animation effect="fade" time="250">WindowOpen</animation>
		<animation effect="slide" start="0,150" end="0,0" tween="quadratic" easing="in" time="200" delay="0">WindowOpen</animation>
		<animation effect="fade" time="0">WindowClose</animation>
	</control>

	<control>
		<description>dialog line 2</description>
		<type>fadelabel</type>
		<id>3</id>
		<posX>678</posX>
		<posY>721</posY>
		<label>-</label>
		<width>560</width>
		<font>AvalonLight14</font>
		<textcolor>6aa5cb</textcolor>
		<animation effect="fade" time="250">WindowOpen</animation>
		<animation effect="slide" start="0,150" end="0,0" tween="quadratic" easing="in" time="200" delay="0">WindowOpen</animation>
		<animation effect="fade" time="0">WindowClose</animation>
	</control>

	<control>
		<description>dialog line 3</description>
		<type>fadelabel</type>
		<id>4</id>
		<posX>678</posX>
		<posY>766</posY>
		<label>-</label>
		<width>560</width>
		<font>AvalonLight14</font>
		<textcolor>6aa5cb</textcolor>
		<animation effect="fade" time="250">WindowOpen</animation>
		<animation effect="slide" start="0,150" end="0,0" tween="quadratic" easing="in" time="200" delay="0">WindowOpen</animation>
		<animation effect="fade" time="0">WindowClose</animation>
	</control>

	<control>
		<description>dialog line 4</description>
		<type>fadelabel</type>
		<id>4</id>
		<posX>670</posX>
		<posY>811</posY>
		<label>-</label>
		<width>560</width>
		<font>AvalonLight14</font>
		<textcolor>6aa5cb</textcolor>
		<animation effect="fade" time="250">WindowOpen</animation>
		<animation effect="slide" start="0,150" end="0,0" tween="quadratic" easing="in" time="200" delay="0">WindowOpen</animation>
		<animation effect="fade" time="0">WindowClose</animation>
	</control>

</controls>
</window>
