<?xml version="1.0" encoding="utf-8" standalone="yes"?>
<window>
    <controls>
        <control>
            <id>0</id>
            <description>Maya logo</description>
            <type>image</type>
            <posX>55</posX>
            <posY>31</posY>
            <texture>mp_logo.png</texture>
			<visible>[window.isvisible(35) | window.isvisible(0)] | [!window.isvisible(35) + !window.isvisible(0) + !window.isvisible(96742) + !window.isvisible(7111992)] | [window.isvisible(96742) + Control.IsVisible(50)] | [window.isvisible(96742) + Control.IsVisible(51)]</visible>
        </control>
        <control>
            <id>0</id>
            <description>top seperator</description>
            <type>image</type>
            <posX>160</posX>
            <posY>33</posY>
            <texture>top_separator.png</texture>
			<visible>[window.isvisible(35) | window.isvisible(0)] | [!window.isvisible(35) + !window.isvisible(0) + !window.isvisible(96742) + !window.isvisible(7111992)] | [window.isvisible(96742) + Control.IsVisible(50)] | [window.isvisible(96742) + Control.IsVisible(51)]</visible>
        </control>
        <control>
            <id>0</id>
            <type>label</type>
            <posX>1644</posX>
            <posY>37</posY>
            <width>555</width>
            <font>font22</font>
            <textcolor>ffffff</textcolor>
            <label>#time</label>
			<align>right</align>
			<visible>[window.isvisible(35) | window.isvisible(0)] | [!window.isvisible(35) + !window.isvisible(0) + !window.isvisible(96742) + !window.isvisible(7111992)] | [window.isvisible(96742) + Control.IsVisible(50)] | [window.isvisible(96742) + Control.IsVisible(51)]</visible>
        </control>
        <control>
            <id>0</id>
            <type>label</type>
            <posX>1644</posX>
            <posY>50</posY>
            <width>555</width>
            <font>AvalonLight16</font>
            <textcolor>6aa5cb</textcolor>
            <label>/#WorldWeather.TodayTemperature</label>
			<align>left</align>
			<visible>[window.isvisible(35) | window.isvisible(0)] | [!window.isvisible(35) + !window.isvisible(0) + !window.isvisible(96742) + !window.isvisible(7111992)] | [window.isvisible(96742) + Control.IsVisible(50)] | [window.isvisible(96742) + Control.IsVisible(51)] + plugin.isenabled(World Weather)</visible>
        </control>
<!--Weather-->

		<control>
			<description>Weather image</description>
			<type>image</type>
			<id>0</id>
			<posX>1752</posX>
			<posY>10</posY>
			<height>100</height>
			<width>100</width>
			<texture>#WorldWeather.TodayIconImage</texture>
			<visible>[window.isvisible(35) | window.isvisible(0)] | [!window.isvisible(35) + !window.isvisible(0) + !window.isvisible(96742) + !window.isvisible(7111992)] | [window.isvisible(96742) + Control.IsVisible(50)] | [window.isvisible(96742) + Control.IsVisible(51)] + plugin.isenabled(World Weather)</visible>
		</control>
    </controls>
</window>
