<?xml version="1.0" encoding="utf-8" standalone="yes"?>
<window>
	<controls>

		<control>
			<description>DUMMY CONTROL FOR FANART 1 VISIBILITY CONDITION</description>
			<type>label</type>
			<id>91919295</id>
			<posX>0</posX>
			<posY>0</posY>
			<width>1</width>
			<visible>yes</visible>
		</control>

		<control>
			<description>DUMMY CONTROL FOR FANART 2 VISIBILITY CONDITION</description>
			<type>label</type>
			<id>91919296</id>
			<posX>0</posX>
			<posY>0</posY>
			<width>1</width>
			<visible>no</visible>
		</control>

		<control>
			<description>DUMMY CONTROL FOR FANART AVAILABILITY  CONDITION</description>
			<type>label</type>
			<id>91919294</id>
			<posX>0</posX>
			<posY>0</posY>
			<width>1</width>
		</control>

		<control>
			<description>FANART IMAGE 1</description>
			<id>897688</id>
			<type>image</type>
			<posx>0</posx>
			<posy>0</posy>
			<width>1920</width>
			<height>1080</height>
			<texture>#fanarthandler.music.backdrop1.play</texture>
			<visible>control.isvisible(91919295)+control.isvisible(91919294)</visible>
			<animation effect="fade" time="300">visible</animation>
			<animation effect="fade" time="300" delay="300">hidden</animation>
		</control>

		<control>
			<description>FANART IMAGE 2</description>
			<id>897689</id>
			<type>image</type>
			<posx>0</posx>
			<posy>0</posy>
			<width>1920</width>
			<height>1080</height>
			<texture>#fanarthandler.music.backdrop2.play</texture>
			<visible>control.isvisible(91919296)+control.isvisible(91919294)</visible>
			<animation effect="fade" time="300">visible</animation>
			<animation effect="fade" time="300" delay="300">hidden</animation>
		</control>

	</controls>
</window>