<?xml version="1.0" encoding="utf-8" standalone="yes"?>
<window>
<id>2015</id>
<defaultcontrol>3</defaultcontrol>
<allowoverlay>no</allowoverlay>
<controls>

	<control>
		<description>group element</description>
		<type>group</type>
		<animation effect="fade" time="250">WindowOpen</animation>
		<animation effect="slide" start="0,150" end="0,0" tween="quadratic" easing="in" time="200" delay="0">WindowOpen</animation>
		<animation effect="fade" time="0">WindowClose</animation>
		<control>
			<type>image</type>
			<id>0</id>
			<posX>576</posX>
			<posY>662</posY>
			<width>768</width>
			<height>389</height>
			<texture>dialog_menubottomright_background.png</texture>
		</control>

		<control>
			<description>Heading text label</description>
			<type>label</type>
			<id>4</id>
			<posX>681</posX>
			<posY>731</posY>
			<label>181</label>
			<font>AvalonLight20</font>
			<textcolor>ffffff</textcolor>
		</control>

		<control>
			<description>Label text</description>
			<type>label</type>
			<id>5</id>
			<posX>886</posX>
			<posY>620</posY>
			<label>-</label>
			<font>font12</font>
			<textcolor>FFFFFFFF</textcolor>
		</control>

		<control>
			<description>Label text</description>
			<type>label</type>
			<id>6</id>
			<posX>886</posX>
			<posY>670</posY>
			<label>-</label>
			<font>font12</font>
			<textcolor>FFFFFFFF</textcolor>
		</control>

		<control>
			<description>options listcontrol</description>
			<type>listcontrol</type>
			<id>3</id>
			<posX>621</posX>
			<posY>802</posY>
			<width>675</width>
			<height>200</height>
			<onleft>3</onleft>
			<onright>3</onright>
			<onup>3</onup>
			<ondown>3</ondown>
			<spinPosX>-2000</spinPosX>
			<spinPosY>664</spinPosY>
			<spinWidth>21</spinWidth>
			<spinHeight>21</spinHeight>
			<textXOff>58</textXOff>
            <textYOff>14</textYOff>
			<textureFocus>context_item_selected.png</textureFocus>
			<textureNoFocus>-</textureNoFocus>
			<textureHeight>68</textureHeight>
			<spaceBetweenItems>1</spaceBetweenItems>
		</control>

	</control>

</controls>
</window>
