<?xml version="1.0" encoding="utf-8" standalone="yes"?>
<window>
<id>2100</id>
<defaultcontrol>3</defaultcontrol>
<allowoverlay>yes</allowoverlay>
<controls>

		<control>
			<type>image</type>
			<id>0</id>
			<width>1920</width>
			<height>1080</height>
			<texture>semi_trans_back_general_menu.png</texture>
			<animation effect="fade" time="450">windowopen</animation>
			<animation effect="fade" time="400">windowclose</animation>
		</control>

	<control>
		<description>group element</description>
		<type>group</type>
		<animation effect="fade" time="250">WindowOpen</animation>
		<animation effect="fade" time="0">WindowClose</animation>
		<animation effect="slide" start="0,150" end="0,0" tween="quadratic" easing="in" time="200" delay="0">WindowOpen</animation>
        <control>
            <id>0</id>
            <type>image</type>
            <posX>575</posX>
            <posY>395</posY>
            <width>768</width>
            <height>651</height>
            <texture>context_background.png</texture>
         </control>

		<control>
			<type>label</type>
			<description>GFX-Heading "menu" text label</description>
			<id>5</id>
			<posX>-2000</posX>
			<posY>212</posY>
			<label>924</label>
		</control>

            <control>
                <id>4</id>
                <description>Heading text label</description>
                <type>label</type>
                <posX>679</posX>
                <posY>472</posY>
				<width>580</width>
                <font>AvalonLight20</font>
                <textcolor>ffffffff</textcolor>
                <label>181</label>
            </control>
		
            <control>
                <id>3</id>
                <description>options listcontrol</description>
                <type>listcontrol</type>
                <onleft>10</onleft>
                <onright>10</onright>
                <posX>620</posX>
                <posY>540</posY>
                <width>678</width>
                <height>350</height>
                <textXOff2>525</textXOff2>
                <textYOff2>16</textYOff2>
                <spinPosX>729</spinPosX>
                <spinPosY>830</spinPosY>
                <textXOff>50</textXOff>
                <textYOff>16</textYOff>
                <textureFocus>context_item_selected.png</textureFocus>
                <textureNoFocus>-</textureNoFocus>
                <textureHeight>70</textureHeight>
                <spaceBetweenItems>1</spaceBetweenItems>
				<PinIconWidth>15</PinIconWidth>
				<PinIconHeight>15</PinIconHeight>
                <PinIconXOff>2000</PinIconXOff>
                <PinIconYOff>15</PinIconYOff>
				<unfocusedAlpha>150</unfocusedAlpha>
            </control>

		<control>
			<type>button</type>
			<description>Exit button</description>
			<id>2</id>
			<posX>-2000</posX>
			<posY>96</posY>
			<onleft>3</onleft>
			<onright>3</onright>
			<onup>3</onup>
			<ondown>3</ondown>
			<label>-</label>
		</control>

		<control>
			<type>button</type>
			<description>Okay button</description>
			<id>10</id>
    		<posX>645</posX>
    		<posY>865</posY>
    		<textXOff>70</textXOff>
    		<textYOff>0</textYOff>
    		<width>300</width>
    		<height>68</height>
    		<font>AvalonLight14</font>
    		<textalign>center</textalign>
    		<textureFocus>dialog_yesno_red_button_focus.png</textureFocus>
    		<textureNoFocus>-</textureNoFocus>
			<onleft>11</onleft>
			<onright>11</onright>
			<onup>3</onup>
			<ondown>11</ondown>
			<label>186</label>
		</control>

		<control>
			<type>button</type>
			<description>Cancel button</description>
			<id>11</id>
    		<posX>960</posX>
    		<posY>865</posY>
    		<textXOff>70</textXOff>
    		<textYOff>0</textYOff>
    		<width>300</width>
    		<height>68</height>
    		<font>AvalonLight14</font>
    		<textalign>center</textalign>
    		<textureFocus>dialog_yesno_black_button_focus.png</textureFocus>
    		<textureNoFocus>-</textureNoFocus>
			<onleft>10</onleft>
			<onright>3</onright>
			<onup>3</onup>
			<ondown>3</ondown>
			<label>510</label>
		</control>

	</control>

</controls>
</window>
