<?xml version="1.0" encoding="utf-8" standalone="yes"?>
<window>
<id>100</id>
<defaultcontrol>11</defaultcontrol>
<allowoverlay>no</allowoverlay>
<controls>

	<control>
		<type>image</type>
		<id>0</id>
		<posX>575</posX>
		<posY>495</posY>
		<width>768</width>
		<height>549</height>
		<texture>dialog_background.png</texture>
		<animation effect="fade" time="250">WindowOpen</animation>
		<animation effect="slide" start="0,150" end="0,0" tween="quadratic" easing="in" time="200" delay="0">WindowOpen</animation>
		<animation effect="fade" time="0">WindowClose</animation>
	</control>

	<control>
		<description>Heading text label</description>
		<type>label</type>
		<id>1</id>
		<posX>678</posX>
		<posY>598</posY>
		<width>560</width>
		<label>181</label>
		<font>AvalonLight20</font>
		<textcolor>ffffff</textcolor>
		<animation effect="fade" time="250">WindowOpen</animation>
		<animation effect="slide" start="0,150" end="0,0" tween="quadratic" easing="in" time="200" delay="0">WindowOpen</animation>
		<animation effect="fade" time="0">WindowClose</animation>
	</control>

	<control>
		<description>dialog line 1</description>
		<type>fadelabel</type>
		<id>2</id>
		<posX>678</posX>
		<posY>676</posY>
		<label>-</label>
		<width>560</width>
		<font>AvalonLight14</font>
		<textcolor>6aa5cb</textcolor>
		<animation effect="fade" time="250">WindowOpen</animation>
		<animation effect="slide" start="0,150" end="0,0" tween="quadratic" easing="in" time="200" delay="0">WindowOpen</animation>
		<animation effect="fade" time="0">WindowClose</animation>
	</control>

	<control>
		<description>dialog line 2</description>
		<type>fadelabel</type>
		<id>3</id>
		<posX>678</posX>
		<posY>721</posY>
		<label>-</label>
		<width>560</width>
		<font>AvalonLight14</font>
		<textcolor>6aa5cb</textcolor>
		<animation effect="fade" time="250">WindowOpen</animation>
		<animation effect="slide" start="0,150" end="0,0" tween="quadratic" easing="in" time="200" delay="0">WindowOpen</animation>
		<animation effect="fade" time="0">WindowClose</animation>
	</control>

	<control>
		<description>dialog line 3</description>
		<type>fadelabel</type>
		<id>4</id>
		<posX>678</posX>
		<posY>766</posY>
		<label>-</label>
		<width>560</width>
		<font>AvalonLight14</font>
		<textcolor>6aa5cb</textcolor>
		<animation effect="fade" time="250">WindowOpen</animation>
		<animation effect="slide" start="0,150" end="0,0" tween="quadratic" easing="in" time="200" delay="0">WindowOpen</animation>
		<animation effect="fade" time="0">WindowClose</animation>
	</control>

	<control>
		<description>dialog line 4</description>
		<type>fadelabel</type>
		<id>4</id>
		<posX>678</posX>
		<posY>811</posY>
		<label>-</label>
		<width>560</width>
		<font>AvalonLight14</font>
		<textcolor>6aa5cb</textcolor>
		<animation effect="fade" time="250">WindowOpen</animation>
		<animation effect="slide" start="0,150" end="0,0" tween="quadratic" easing="in" time="200" delay="0">WindowOpen</animation>
		<animation effect="fade" time="0">WindowClose</animation>
	</control>

	<control>
		<description>Yes</description>
		<type>button</type>
		<id>11</id>
		<posX>620</posX>
		<posY>807</posY>
		<textXOff>70</textXOff>
		<textYOff>0</textYOff>
		<width>678</width>
		<height>68</height>
		<font>AvalonLight14</font>
		<textalign>center</textalign>
		<textureFocus>dialog_yesno_black_button_focus.png</textureFocus>
		<textureNoFocus>-</textureNoFocus>
		<label>107</label>
		<onleft>-</onleft>
		<onright>-</onright>
		<onup>10</onup>
		<ondown>10</ondown>
		<animation effect="fade" time="250">WindowOpen</animation>
		<animation effect="slide" start="0,150" end="0,0" tween="quadratic" easing="in" time="200" delay="0">WindowOpen</animation>
		<animation effect="fade" time="0">WindowClose</animation>
	</control>

	<control>
		<description>No</description>
		<type>button</type>
		<id>10</id>
		<posX>620</posX>
		<posY>876</posY>
		<textXOff>70</textXOff>
		<textYOff>0</textYOff>
		<width>678</width>
		<height>68</height>
		<font>AvalonLight14</font>
		<textalign>center</textalign>
		<textureFocus>dialog_yesno_red_button_focus.png</textureFocus>
		<textureNoFocus>-</textureNoFocus>
		<label>106</label>
		<onleft>-</onleft>
		<onright>-</onright>
		<onup>11</onup>
		<ondown>11</ondown>
		<animation effect="fade" time="250">WindowOpen</animation>
		<animation effect="slide" start="0,150" end="0,0" tween="quadratic" easing="in" time="200" delay="0">WindowOpen</animation>
		<animation effect="fade" time="0">WindowClose</animation>
	</control>

</controls>
</window>
