<?xml version="1.0" encoding="utf-8" standalone="yes"?>
<window>
<id>2003</id>
<defaultcontrol>2</defaultcontrol>
<allowoverlay>yes</allowoverlay>
<controls>

    <control>
        <type>image</type>
        <id>1</id>
        <posX>0</posX>
        <posY>0</posY>
    </control>

	<control>
		<description>background listview</description>
		<type>image</type>
		<id>1</id>
		<posX>0</posX>
        <posY>0</posY>
		<width>1920</width>
		<height>1080</height>
		<texture>overlay.png</texture>
	</control>
	
	<control>
		<description>viewport list</description>
		<type>image</type>
		<id>0</id>
		<posX>0</posX>
		<posY>164</posY>
		<width>1893</width>
		<height>755</height>
		<texture>viewport_onlinevideos.png</texture>
		<animation effect="fade" time="250">WindowOpen</animation>
		<animation effect="fade" time="250">WindowClose</animation>
		<animation effect="slide" time="250" start="-1890,0">WindowOpen</animation>
		<animation effect="slide" time="250" end="-1890,0">WindowClose</animation>
	</control>
    
 <import>common.time.xml</import>
	
    <control>
		<type>fadelabel</type>
		<id>1</id>      
		<posX>185</posX>
		<posY>38</posY>
		<width>500</width>
		<label>Video Info</label>
		<textcolor>6aa5cb</textcolor>
		<font>font22</font>
		<animation effect="fade" start="0" end="100" time="300" delay="350">WindowOpen</animation>
		<animation effect="fade" start="100" end="0" time="0" delay="0">WindowClose</animation>
    </control>
	
	<control>
		<animation effect="fade" start="0" end="100" time="300" delay="350">WindowOpen</animation>
		<animation effect="fade" start="100" end="0" time="0" delay="0">WindowClose</animation>
		<description>Poster shadow</description>
		<type>image</type>
		<id>1</id>
		<posX>109</posX>
		<posY>182</posY>
		<width>465</width>
		<height>605</height>
		<texture>list_poster_glow.png</texture>
	</control>
  
    <control>
		<animation effect="fade" start="0" end="100" time="300" delay="350">WindowOpen</animation>
		<animation effect="fade" start="100" end="0" time="0" delay="0">WindowClose</animation>
		<type>image</type>
		<description>movie poster</description>
		<id>21</id>
		<posX>176</posX>
		<posY>250</posY>
		<width>330</width>
		<height>470</height>
		<texture flipY="true" diffuse="Thumb_Mask.png" mask="poster_mask.png">#thumb</texture>
    </control>
		
     <control>
      <description>Button group</description>
      <type>group</type>
		<animation effect="fade" start="0" end="100" time="300" delay="350">WindowOpen</animation>
		<animation effect="fade" start="100" end="0" time="0" delay="0">WindowClose</animation>
        
	<control>
		<description>Play Button</description>
		<type>button</type>
		<id>2</id>
		<posX>1398</posX>
		<posY>314</posY>
		<label>208</label>
		<onleft>22</onleft>
		<onright>22</onright>
		<onup>7</onup>
		<ondown>3</ondown>
		<textalign>left</textalign>
	</control>

	<control>
		<description>Plot</description>
		<type>togglebutton</type>
		<id>3</id>
		<posX>1398</posX>
		<posY>378</posY>
		<label>207</label>
		<onleft>22</onleft>
		<onright>22</onright>
		<onup>2</onup>
		<ondown>4</ondown>
  		<textcolor>white</textcolor>
		<textcolorNoFocus>ff85cfff</textcolorNoFocus>
		<textalign>left</textalign>
	</control>

	<control>
		<description>Cast</description>
		<type>togglebutton</type>
		<id>4</id>
		<posX>1398</posX>
		<posY>442</posY>
		<label>206</label>
		<onleft>22</onleft>
		<onright>22</onright>
		<onup>3</onup>
		<ondown>5</ondown>
  		<textcolor>white</textcolor>
		<textcolorNoFocus>ff85cfff</textcolorNoFocus>
		<textalign>left</textalign>
	</control>

	<control>
		<description>Refresh</description>
		<type>button</type>
		<id>5</id>
		<posX>1398</posX>
		<posY>506</posY>
		<label>184</label>
		<onleft>22</onleft>
		<onright>22</onright>
		<onup>4</onup>
		<ondown>6</ondown>
		<textalign>left</textalign>
	</control>

	<control>
		<description>Watched</description>
		<type>togglebutton</type>
		<id>6</id>
		<posX>1398</posX>
		<posY>570</posY>
		<label>1010</label>
		<onleft>22</onleft>
		<onright>22</onright>
		<onup>5</onup>
		<ondown>10</ondown>
 		<textcolor>white</textcolor>
		<textcolorNoFocus>ff85cfff</textcolorNoFocus>
		<textalign>left</textalign>
	</control>
</control>

	<control>
		<description>spin control background 1</description>
		<type>image</type>
		<id>117</id>
		<posX>-2000</posX>
		<posY>442</posY>
		<texture>-</texture>
		<visible>!Control.HasFocus(10)</visible>
	</control>
	
	<control>
		<description>spin control background 2</description>
		<type>image</type>
		<id>117</id>
		<posX>-2000</posX>
		<posY>442</posY>
		<width>239</width>
		<height>36</height>
		<texture>settings_button_medium_focus.png</texture>
		<visible>Control.HasFocus(10)</visible>
	</control>
	
	<control>
		<description>spin control background 3</description>
		<type>image</type>
		<id>117</id>
		<posX>-2000</posX>
		<posY>493</posY>
		<texture>-</texture>
		<visible>!Control.HasFocus(11)</visible>
	</control>
	
	<control>
		<description>spin control background 4</description>
		<type>image</type>
		<id>117</id>
		<posX>-2000</posX>
		<posY>493</posY>
		<width>239</width>
		<height>36</height>
		<texture>settings_button_medium_focus.png</texture>
		<visible>Control.HasFocus(11)</visible>
	</control>
	
	<control>
		<description>image title:</description>
		<type>label</type>
		<id>30</id>
		<posX>1402</posX>
		<posY>650</posY>
		<label>734</label>
		<animation effect="fade" start="0" end="100" time="300" delay="350">WindowOpen</animation>
		<animation effect="fade" start="100" end="0" time="0" delay="0">WindowClose</animation>
		<textalign>left</textalign>
	</control>

	<control>
		<description>spin control</description>
		<type>spincontrol</type>
		<id>10</id>
		<posX>1658</posX>
		<posY>650</posY>
		<onup>6</onup>
		<ondown>11</ondown>
		<animation effect="fade" start="0" end="100" time="300" delay="350">WindowOpen</animation>
		<animation effect="fade" start="100" end="0" time="0" delay="0">WindowClose</animation>
	</control>

	<control>
		<description>disc:</description>
		<type>label</type>
		<id>100</id>
		<posX>1402</posX>
		<posY>690</posY>
		<label>427</label>
		<animation effect="fade" start="0" end="100" time="300" delay="350">WindowOpen</animation>
		<animation effect="fade" start="100" end="0" time="0" delay="0">WindowClose</animation>
	    <textalign>right</textalign>
	</control>

	<control>
		<description>disc select</description>
		<type>spincontrol</type>
		<id>11</id>
		<posX>1658</posX>
		<posY>690</posY>
		<onup>10</onup>
		<ondown>2</ondown>
		<onleft>5</onleft>
		<onright>5</onright>
		<buddycontrolid>100</buddycontrolid>
		<showrange>no</showrange>
		<animation effect="fade" start="0" end="100" time="300" delay="350">WindowOpen</animation>
		<animation effect="fade" start="100" end="0" time="0" delay="0">WindowClose</animation>
	</control>

	<control>
		<description>Movie Title value</description>
		<type>fadelabel</type>
		<id>1</id>
		<posX>745</posX>
		<posY>234</posY>
		<width>1170</width>
		<label>#title</label>
		<font>fontB20</font>
		<animation effect="fade" start="0" end="100" time="300" delay="350">WindowOpen</animation>
		<animation effect="fade" start="100" end="0" time="0" delay="0">WindowClose</animation>
	</control>
    
	<control>
		<description>Year label</description>
		<type>label</type>
		<id>1</id>
		<label>#Avalon.ReleaseDate</label>
		<posX>744</posX>
		<posY>328</posY>
		<width>240</width>
		<align>left</align>
		<font>AvalonLight12</font>
		<textcolor>6aa5cb</textcolor>
		<animation effect="fade" start="0" end="100" time="300" delay="350">WindowOpen</animation>
		<animation effect="fade" start="100" end="0" time="0" delay="0">WindowClose</animation>
	</control>

	<control>
		<description>Year value</description>
		<type>label</type>
		<id>1</id>
		<label>#year</label>
		<posX>1058</posX>
		<posY>328</posY>
		<width>240</width>
		<align>left</align>
		<font>AvalonLight12</font>
		<textcolor>ffffff</textcolor>
		<animation effect="fade" start="0" end="100" time="300" delay="350">WindowOpen</animation>
		<animation effect="fade" start="100" end="0" time="0" delay="0">WindowClose</animation>
	</control>

	<control>
		<description>Genre label</description>
		<type>label</type>
		<id>1</id>
		<label>725</label>
		<posX>744</posX>
		<posY>368</posY>
		<width>240</width>
		<align>left</align>
		<font>AvalonLight12</font>
		<textcolor>6aa5cb</textcolor>
		<animation effect="fade" start="0" end="100" time="300" delay="350">WindowOpen</animation>
		<animation effect="fade" start="100" end="0" time="0" delay="0">WindowClose</animation>
	</control>
	
	<control>
		<description>Genre value</description>
		<type>label</type>
		<id>1</id>
		<label>#genre</label>
		<posX>1058</posX>
		<posY>368</posY>
		<width>330</width>
		<align>left</align>
		<font>AvalonLight12</font>
		<textcolor>ffffff</textcolor>
		<animation effect="fade" start="0" end="100" time="300" delay="350">WindowOpen</animation>
		<animation effect="fade" start="100" end="0" time="0" delay="0">WindowClose</animation>
	</control>

	<control>
		<description>Runtime label</description>
		<type>label</type>
		<id>1</id>
		<label>#Avalon.Runtime</label>
		<posX>744</posX>
		<posY>408</posY>
		<width>240</width>
		<align>left</align>
		<font>AvalonLight12</font>
		<textcolor>6aa5cb</textcolor>
		<animation effect="fade" start="0" end="100" time="300" delay="350">WindowOpen</animation>
		<animation effect="fade" start="100" end="0" time="0" delay="0">WindowClose</animation>
	</control>
	
	<control>
		<description>Runtime value</description>
		<type>label</type>
		<id>1</id>
		<label>#runtime min</label>
		<posX>1058</posX>
		<posY>408</posY>
		<width>330</width>
		<align>left</align>
		<font>AvalonLight12</font>
		<textcolor>ffffff</textcolor>
		<animation effect="fade" start="0" end="100" time="300" delay="350">WindowOpen</animation>
		<animation effect="fade" start="100" end="0" time="0" delay="0">WindowClose</animation>
	</control>
	
	<control>
		<description>Director label</description>
		<type>label</type>
		<id>1</id>
		<label>Director</label>
		<posX>744</posX>
		<posY>448</posY>
		<width>240</width>
		<align>left</align>
		<font>AvalonLight12</font>
		<textcolor>6aa5cb</textcolor>
		<animation effect="fade" start="0" end="100" time="300" delay="350">WindowOpen</animation>
		<animation effect="fade" start="100" end="0" time="0" delay="0">WindowClose</animation>
	</control>

	<control>
		<description>Director value</description>
		<type>label</type>
		<id>1</id>
		<posX>1058</posX>
		<posY>448</posY>
		<width>330</width>
		<label>#director</label>
		<font>AvalonLight12</font>
		<textcolor>ffffff</textcolor>
		<animation effect="fade" start="0" end="100" time="300" delay="350">WindowOpen</animation>
		<animation effect="fade" start="100" end="0" time="0" delay="0">WindowClose</animation>
	</control>

	<control>
		<description>Rating label</description>
		<type>label</type>
		<id>1</id>
		<label>931</label>
		<posX>744</posX>
		<posY>488</posY>
		<width>240</width>
		<align>left</align>
		<font>AvalonLight12</font>
		<textcolor>6aa5cb</textcolor>
		<animation effect="fade" start="0" end="100" time="300" delay="350">WindowOpen</animation>
		<animation effect="fade" start="100" end="0" time="0" delay="0">WindowClose</animation>
	</control>
	
	<control>
		<type>imagelist</type>
		<id>1</id>
		<posX>1058</posX>
		<posY>493</posY>
		<width>185</width>
		<height>29</height>
		<textureWidth>32</textureWidth>
		<textureHeight>27</textureHeight>
		<subitems>
		<subitem>starblue.png</subitem>
		<subitem>starwhite.png</subitem>
		</subitems>
		<orientation>horizontal</orientation>
		<percentage>#rating</percentage>
		<imagesToDraw>5</imagesToDraw>
		<animation effect="fade" start="0" end="100" time="300" delay="350">WindowOpen</animation>
		<animation effect="fade" start="100" end="0" time="0" delay="0">WindowClose</animation>
	</control>

	<control>
		<description>Plot value</description>
		<type>textboxscrollup</type>
		<id>20</id>
        <posX>745</posX>
        <posY>535</posY>
        <width>640</width>
        <height>320</height>
		<onleft>2</onleft>
		<onright>2</onright>
		<onup>2</onup>
		<ondown>2</ondown>
		<label>#plot</label>
		<animation effect="fade" start="0" end="100" time="300" delay="350">WindowOpen</animation>
		<animation effect="fade" start="100" end="0" time="0" delay="0">WindowClose</animation>
	</control>

	<control>
		<description>textarea</description>
		<type>textbox</type>
		<id>22</id>
        <posX>745</posX>
        <posY>535</posY>
        <width>640</width>
        <height>350</height>
		<onleft>2</onleft>
		<onright>2</onright>
		<onup>2</onup>
		<ondown>2</ondown>
		<label>#cast</label>
		<spinPosX>1250</spinPosX>
		<spinPosY>840</spinPosY>
		<spinWidth>28</spinWidth>
		<spinHeight>28</spinHeight>
		<animation effect="fade" start="0" end="100" time="300" delay="350">WindowOpen</animation>
		<animation effect="fade" start="100" end="0" time="0" delay="0">WindowClose</animation>
	</control>

<import>common.overlay.xml</import>
</controls>
</window>
