<?xml version="1.0" encoding="utf-8" standalone="yes"?>
<window>
<id>2001</id>
<defaultcontrol>5</defaultcontrol>
<allowoverlay>no</allowoverlay>
<controls>

	<control>
		<description>background image</description>
		<type>image</type>
		<id>0</id>
		<width>1920</width>
		<height>1080</height>
		<texture>semi_trans_back_general_menu.png</texture>
		<animation effect="fade" time="450">windowopen</animation>
		<animation effect="fade" time="400">windowclose</animation>
	</control>
	
	<control>
		<animation effect="fade" time="250">WindowOpen</animation>
		<animation effect="fade" time="0">WindowClose</animation>
		<animation effect="slide" start="0,150" end="0,0" tween="quadratic" easing="in" time="200" delay="0">WindowOpen</animation>
		<description>listcontrol background</description>
		<type>image</type>
		<id>1</id>
		<posX>202</posX>
		<posY>179</posY>
		<width>1518</width>
		<height>872</height>
		<texture>myfilms_details_bg.png</texture>
	</control>
	
	
	<control>
		<type>label</type>
		<id>1</id>
		<posX>587</posX>
		<posY>396</posY>
		<textcolor>6aa5cb</textcolor>
		<font>AvalonLight12</font>
		<label>Albumartist</label>
		<animation effect="fade" time="250">WindowOpen</animation>
		<animation effect="fade" time="0">WindowClose</animation>
		<animation effect="slide" start="0,150" end="0,0" tween="quadratic" easing="in" time="200" delay="0">WindowOpen</animation>
	</control>
	
	<control>
		<description>Artist value</description>
		<type>fadelabel</type>
		<id>21</id>
		<posX>843</posX>
		<posY>396</posY>
		<widht>800</width>
		<font>AvalonLight14</font>
		<label>-</label>
		<animation effect="fade" time="250">WindowOpen</animation>
		<animation effect="fade" time="0">WindowClose</animation>
		<animation effect="slide" start="0,150" end="0,0" tween="quadratic" easing="in" time="200" delay="0">WindowOpen</animation>
	</control>
	
	<control>
		<type>label</type>
		<id>1</id>
		<posX>587</posX>
		<posY>352</posY>
		<textcolor>6aa5cb</textcolor>
		<font>AvalonLight12</font>
		<label>Album</label>
		<animation effect="fade" time="250">WindowOpen</animation>
		<animation effect="fade" time="0">WindowClose</animation>
		<animation effect="slide" start="0,150" end="0,0" tween="quadratic" easing="in" time="200" delay="0">WindowOpen</animation>
	</control>
	
	<control>
		<description>Album value</description>
		<type>fadelabel</type>
		<id>20</id>
		<posX>843</posX>
		<posY>352</posY>
		<widht>800</width>
		<label>-</label>
		<font>AvalonLight14</font>
		<animation effect="fade" time="250">WindowOpen</animation>
		<animation effect="fade" time="0">WindowClose</animation>
		<animation effect="slide" start="0,150" end="0,0" tween="quadratic" easing="in" time="200" delay="0">WindowOpen</animation>
	</control>

	<control>
		<description>Genre</description>
		<type>label</type>
		<id>1</id>
		<posX>587</posX>
		<posY>475</posY>
		<label>174</label>
		<textcolor>6aa5cb</textcolor>
		<font>AvalonLight12</font>
		<animation effect="fade" time="250">WindowOpen</animation>
		<animation effect="fade" time="0">WindowClose</animation>
		<animation effect="slide" start="0,150" end="0,0" tween="quadratic" easing="in" time="200" delay="0">WindowOpen</animation>
	</control>
	
	<control>
		<description>Year</description>
		<type>label</type>
		<id>1</id>
		<posX>587</posX>
		<posY>438</posY>
		<label>201</label>
		<textcolor>6aa5cb</textcolor>
		<font>AvalonLight12</font>
		<animation effect="fade" time="250">WindowOpen</animation>
		<animation effect="fade" time="0">WindowClose</animation>
		<animation effect="slide" start="0,150" end="0,0" tween="quadratic" easing="in" time="200" delay="0">WindowOpen</animation>
	</control>

	<control>
		<description>Rating</description>
		<type>label</type>
		<id>1</id>
		<posX>587</posX>
		<posY>519</posY>
		<label>173</label>
		<textcolor>6aa5cb</textcolor>
		<font>AvalonLight12</font>
		<animation effect="fade" time="250">WindowOpen</animation>
		<animation effect="fade" time="0">WindowClose</animation>
		<animation effect="slide" start="0,150" end="0,0" tween="quadratic" easing="in" time="200" delay="0">WindowOpen</animation>
	</control>


	<control>
		<description>Genre value</description>
		<type>label</type>
		<id>24</id>
		<posX>843</posX>
		<posY>475</posY>
		<width>560</width>
		<label>-</label>
		<font>AvalonLight14</font>
		<animation effect="fade" time="250">WindowOpen</animation>
		<animation effect="fade" time="0">WindowClose</animation>
		<animation effect="slide" start="0,150" end="0,0" tween="quadratic" easing="in" time="200" delay="0">WindowOpen</animation>
	</control>

	<control>
		<description>Year value</description>
		<type>label</type>
		<id>22</id>
		<posX>843</posX>
		<posY>438</posY>
		<label>-</label>
		<font>AvalonLight14</font>
		<animation effect="fade" time="250">WindowOpen</animation>
		<animation effect="fade" time="0">WindowClose</animation>
		<animation effect="slide" start="0,150" end="0,0" tween="quadratic" easing="in" time="200" delay="0">WindowOpen</animation>
	</control>

	<control>
		<description>Tones value</description>
		<type>fadelabel</type>
		<id>25</id>
		<posX>-2000</posX>
		<posY>313</posY>
		<width>560</width>
		<label>-</label>
		<animation effect="fade" time="250">WindowOpen</animation>
		<animation effect="fade" time="0">WindowClose</animation>
		<animation effect="slide" start="0,150" end="0,0" tween="quadratic" easing="in" time="200" delay="0">WindowOpen</animation>
	</control>

	<control>
		<description>Styles value</description>
		<type>fadelabel</type>
		<id>26</id>
		<posX>-2000</posX>
		<posY>337</posY>
		<width>560</width>
		<label>-</label>
		<animation effect="fade" time="250">WindowOpen</animation>
		<animation effect="fade" time="0">WindowClose</animation>
		<animation effect="slide" start="0,150" end="0,0" tween="quadratic" easing="in" time="200" delay="0">WindowOpen</animation>
	</control>
	
	<control>
		<description>Rating value</description>
		<type>label</type>
		<id>23</id>
		<posX>843</posX>
		<posY>519</posY>
		<label>-</label>
		<animation effect="fade" time="250">WindowOpen</animation>
		<animation effect="fade" time="0">WindowClose</animation>
		<animation effect="slide" start="0,150" end="0,0" tween="quadratic" easing="in" time="200" delay="0">WindowOpen</animation>
	</control>

	<control>
		<id>3</id>
		<type>image</type>
		<posX>297</posX>
		<posY>347</posY>
		<width>250</width>
		<height>250</height>
		<texture>-</texture>
		<animation effect="fade" time="250">WindowOpen</animation>
		<animation effect="fade" time="0">WindowClose</animation>
		<animation effect="slide" start="0,150" end="0,0" tween="quadratic" easing="in" time="200" delay="0">WindowOpen</animation>
	</control>

	<control>
		<description>textarea</description>
		<type>textbox</type>
		<id>4</id>
		<posX>590</posX>
		<posY>630</posY>
		<width>900</width>
		<height>290</height>
		<onleft>5</onleft>
		<onright>5</onright>
		<onup>5</onup>
		<ondown>5</ondown>
		<spinWidth>28</spinWidth>
		<spinHeight>28</spinHeight>
		<spinPosX>595</spinPosX>
		<spinPosY>888</spinPosY>
		<spinAlign>left</spinAlign>
		<spinColor>FF6aa5cb</spinColor>
		<textXOff2>100</textXOff2>
		<animation effect="fade" time="250">WindowOpen</animation>
		<animation effect="fade" time="0">WindowClose</animation>
		<animation effect="slide" start="0,150" end="0,0" tween="quadratic" easing="in" time="200" delay="0">WindowOpen</animation>
	</control>

	<control>
		<description>Tracks/Review</description>
		<type>button</type>
		<id>5</id>
		<posX>565</posX>
		<posY>561</posY>
		<label>182</label>
		<onleft>4</onleft>
		<onright>6</onright>
		<onup>4</onup>
		<ondown>4</ondown>
		<textcolor>FFFFFFFF</textcolor>
		<textcolorNoFocus>FF6aa5cb</textcolorNoFocus>
		<textureFocus>-</textureFocus>
		<textureNoFocus>-</textureNoFocus>
		<animation effect="fade" time="250">WindowOpen</animation>
		<animation effect="fade" time="0">WindowClose</animation>
		<animation effect="slide" start="0,150" end="0,0" tween="quadratic" easing="in" time="200" delay="0">WindowOpen</animation>
	</control>
	
	<control>
		<description>Refresh</description>
		<type>button</type>
		<id>6</id>
		<posX>820</posX>
		<posY>561</posY>
		<label>184</label>
		<onleft>5</onleft>
		<onright>4</onright>
		<onup>5</onup>
		<ondown>5</ondown>
		<textcolor>FFFFFFFF</textcolor>
		<textcolorNoFocus>FF6aa5cb</textcolorNoFocus>
		<textureFocus>-</textureFocus>
		<textureNoFocus>-</textureNoFocus>
		<animation effect="fade" time="250">WindowOpen</animation>
		<animation effect="fade" time="0">WindowClose</animation>
		<animation effect="slide" start="0,150" end="0,0" tween="quadratic" easing="in" time="200" delay="0">WindowOpen</animation>
	</control>

</controls>
</window>
