<?xml version="1.0" encoding="utf-8" standalone="yes"?>
<window>
    <id>2016</id>
    <defaultcontrol>4</defaultcontrol>
    <allowoverlay>no</allowoverlay>
    <controls>
        <control>
            <description>group element</description>
            <type>group</type>
            <dimColor>ffffffff</dimColor>
            <animation effect="fade" time="250">WindowOpen</animation>
			<animation effect="slide" start="0,150" end="0,0" tween="quadratic" easing="in" time="200" delay="0">WindowOpen</animation>
			<animation effect="fade" time="0">WindowClose</animation>
            <control>
                <id>0</id>
                <type>image</type>
                <posX>367</posX>
                <posY>662</posY>
                <width>1190</width>
                <height>389</height>
                <texture>dialog_notify.png</texture>
            </control>
	
			<control>
				<id>3</id>
				<description>Heading text label</description>
				<type>label</type>
				<posX>455</posX>
				<posY>726</posY>
				<width>960</width>
				<font>AvalonLight20</font>
				<textcolor>ffffff</textcolor>
				<label>181</label>
				<animation effect="fade" time="250">WindowOpen</animation>
				<animation effect="slide" start="0,150" end="0,0" tween="quadratic" easing="in" time="200" delay="0">WindowOpen</animation>
				<animation effect="fade" time="0">WindowClose</animation>
			</control>
			
            <control>
                <id>0</id>
                <description>logo</description>
                <type>image</type>
                <visible>window.isvisible(602)+!string.contains(#thumb,MySleepTimer)</visible>
                <posX>1288</posX>
                <posY>732</posY>
				<width>44</width>
				<height>45</height>
                <texture>tv_is_recording.gif</texture>
            </control>
			
			<control>
				<description>rec</description>
				<type>label</type>
				<id>0</id>
				<posX>1350</posX>
				<posY>738</posY>
				<width>200</width>
				<font>font12</font>
				<label>#Avalon.Recording</label>
				<textcolor>ffbf0101</textcolor>
                <visible>window.isvisible(602)+!string.contains(#thumb,MySleepTimer)</visible>
			</control>
			
            <control>
                <id>0</id>
                <description>logo</description>
                <type>image</type>
                <visible>window.isvisible(602)+!string.contains(#thumb,MySleepTimer)</visible>
				<posX>455</posX>
				<posY>799</posY>
				<width>187</width>
				<height>154</height>
				<texture>osd_thumb_bg.png</texture>
            </control>
            <control>
                <id>4</id>
                <description>OK button</description>
                <type>button</type>
                <onleft>4</onleft>
                <onright>4</onright>
                <onup>4</onup>
                <ondown>4</ondown>
                <posX>200</posX>
                <textureFocus>-</textureFocus>
                <textureNoFocus>-</textureNoFocus>
            </control>
            <control>
                <id>5</id>
                <description>logo</description>
                <type>image</type>
				<posX>475</posX>
				<posY>815</posY>
				<width>150</width>
				<height>120</height>
				<align>center</align>
                <texture>#thumb</texture>
                <keepaspectratio>yes</keepaspectratio>
            </control>
            <control>
                <id>6</id>
                <description>textarea</description>
                <type>textbox</type>
                <onleft>4</onleft>
                <onright>4</onright>
                <onup>4</onup>
                <ondown>4</ondown>
                <posX>680</posX>
                <posY>800</posY>
                <width>800</width>
                <height>210</height>
                <textcolor>ffffffff</textcolor>
                <spinPosX>1031</spinPosX>
                <spinPosY>-2000</spinPosY>
                <font>fontB16</font>
                <label>-</label>
            </control>
        </control>
    </controls>
</window>
