﻿<?xml version="1.0" encoding="utf-8" standalone="yes"?>
<window>
  <controls>
  
	<control>
		<description>RSS background</description>
		<type>image</type>
		<id>0</id>
		<posX>0</posX>
		<posY>829</posY>
		<width>1865</width>
		<height>96</height>
		<texture>basichome_rss_bg.png</texture>
		<visible>[facadeview.list | facadeview.smallicons | facadeview.largeicons] + control.isvisible(50)</visible>
		<animation effect="fade" start="0" end="100" time="300" delay="350">WindowOpen</animation>
		<animation effect="fade" start="100" end="0" time="0" delay="0">WindowClose</animation>
	</control>
  
	<!--            :: Count ::            -->

	<control>
		<description>Number of Files Label</description>
		<type>label</type>
		<id>1</id>
        <posX>456</posX>
        <posY>875</posY>
        <align>left</align>
        <font>AvalonLight12</font>
        <textcolor>6aa5cb</textcolor>
		<label>#FritzManager.TotalMessages</label>
		<visible>[facadeview.list | facadeview.smallicons | facadeview.largeicons]+Control.IsVisible(50)</visible>
		<animation effect="fade" start="0" end="100" time="300" delay="350">WindowOpen</animation>
		<animation effect="fade" start="100" end="0" time="0" delay="0">WindowClose</animation>
	</control>
  
    <control>
      <description>group element</description>
      <type>group</type>
		<animation effect="fade" start="0" end="100" time="300" delay="350">WindowOpen</animation>
		<animation effect="fade" start="100" end="0" time="0" delay="0">WindowClose</animation>
      <control>
        <description>composite control consisting of a list control and a thumbnail panel</description>
        <type>facadeview</type>
        <id>50</id>
        <control>
          <description>listcontrol</description>
          <type>listcontrol</type>
          <id>50</id>
		  <posX>906</posX>
		  <posY>153</posY>
		  <width>924</width>
		  <height>750</height>
		  <textXOff>50</textXOff>
		  <dimColor>ffffffff</dimColor>
          <onleft>2</onleft>
          <onright>2</onright>
          <font2>AvalonLight11</font2>
          <keepaspectratio>no</keepaspectratio>
        </control>
			<control>
				<description>Thumbnail Panel</description>
				<type>thumbnailpanel</type>
				<id>50</id>
				<posX>723</posX>
				<posY>188</posY>
				<width>1120</width>
				<height>750</height>
				<textureUp>page_up_nofocus.png</textureUp>
				<textureDown>page_down_nofocus.png</textureDown>
				<textureUpFocus>page_up_focus.png</textureUpFocus>
				<textureDownFocus>page_down_focus.png</textureDownFocus>
				<onleft>2</onleft>
				<onright>50</onright>
				<itemWidth>155</itemWidth>
				<itemHeight>155</itemHeight>
				<textureWidth>155</textureWidth>
				<textureHeight>155</textureHeight>
				<thumbWidth>155</thumbWidth>
				<thumbHeight>155</thumbHeight>
				<thumbPosX>0</thumbPosX>
				<thumbPosY>0</thumbPosY>
				<imageFolder>-</imageFolder>
    			<imageFolderFocus>-</imageFolderFocus>
				<suffix>|</suffix>
				<itemWidthBig>208</itemWidthBig>
				<itemHeightBig>208</itemHeightBig>
				<textureWidthBig>208</textureWidthBig>
				<textureHeightBig>208</textureHeightBig>
				<thumbWidthBig>208</thumbWidthBig>
				<thumbHeightBig>208</thumbHeightBig>
				<thumbPosXBig>0</thumbPosXBig>
				<thumbPosYBig>0</thumbPosYBig>
				<thumbZoom>no</thumbZoom>
				<enableFocusZoom>no</enableFocusZoom>
				<zoomXPixels>40</zoomXPixels>
				<zoomYPixels>40</zoomYPixels>
				<hideUnfocusTexture>no</hideUnfocusTexture>
				<renderFocusText>no</renderFocusText>
				<renderUnfocusText>no</renderUnfocusText>
				<folderPrefix></folderPrefix>
				<folderSuffix></folderSuffix>
				<textureUp>-</textureUp>
				<textureDown>-</textureDown>
				<textureUpFocus>-</textureUpFocus>
				<textureDownFocus>-</textureDownFocus>
				<frameNoFocus>music_thumb_nofocus.png</frameNoFocus>
				<frameFocus>music_thumb_focus.png</frameFocus>
				<textureMask>music_thumb_mask.png</textureMask>
				<keepaspectratio>no</keepaspectratio>
			    <spinPosX>1832</spinPosX>
		      	<spinPosY>880</spinPosY>
			</control>
      </control>
    </control>
  </controls>
</window>