<?xml version="1.0" encoding="utf-8" standalone="yes"?>
<window>
	<id>30885</id>
	<defaultcontrol>1</defaultcontrol>
	<allowoverlay>no</allowoverlay>
	<controls>

		<!--            :: BACKGROUNDS ::           	 -->
		
		<control>
			<description>BG</description>
			<type>image</type>
			<id>1</id>
			<width>1920</width>
			<height>1080</height>
		</control>
		<control>
			<description>viewport list</description>
			<type>image</type>
			<id>0</id>
			<posX>0</posX>
			<posY>92</posY>
			<width>1893</width>
			<height>795</height>
			<texture>viewport_settings.png</texture>
		</control>
		
		<control>
			<type>label</type>
			<description>label</description>
			<id>121</id>
			<posX>185</posX>
			<posY>38</posY>
			<width>500</width>
			<label>#Avalon.SearchMusic</label>
			<textcolor>6aa5cb</textcolor>
			<font>font22</font>
      		<animation effect="fade" time="250">WindowOpen</animation>
    		<animation effect="fade" time="250">WindowClose</animation>
		</control>

	<import>common.time.xml</import>

		<control>
			<description>group element</description>
			<type>group</type>
			<control>
				<description>button group</description>
				<type>group</type>
				<posX>130</posX>
				<posY>156</posY>
				<layout>StackLayout(0, Vertical, true)</layout>
        		<animation effect="fade" start="0" end="100" time="300" delay="350">WindowOpen</animation>
        		<animation effect="fade" start="100" end="0" time="0" delay="0">WindowClose</animation>
				<control>
					<description>Searchphrase to use</description>
					<type>button</type>
					<id>2</id>
					<label>#Avalon.SearchPhrase</label>
					<ondown>7</ondown>
					<onup>9</onup>
				</control>	  
				<control>
					<description>Last searches</description>
					<type>button</type>
					<id>7</id>
					<label>#Avalon.SearchHistory</label>
					<onup>2</onup>
					<ondown>6</ondown>
				</control>
				<control>
					<description>Search fields (Song, Album, Artist, etc.)</description>
					<type>button</type>
					<id>6</id>
					<label>#Avalon.SearchFields</label>
					<ondown>3</ondown>
					<onup>7</onup>
				</control>
				<control>
					<description>Case sensitivity</description>
					<type>togglebutton</type>
					<id>3</id>
					<label>#Avalon.CaseSensitive</label>
					<ondown>10</ondown>
					<onup>6</onup>
                    <textcolorNoFocus>FF6aa5cb</textcolorNoFocus>
				</control>
				<control>
					<description>Searchtype</description>
					<type>button</type>
					<id>10</id>
					<label>#Avalon.SearchType</label>
					<ondown>8</ondown>
					<onup>3</onup>
                    <textcolorNoFocus>FF6aa5cb</textcolorNoFocus>
				</control>
				<control>
					<description>Jump to (my) music</description>
					<type>button</type>
					<id>8</id>
					<label>2</label>
					<onup>10</onup>
					<ondown>9</ondown>
				</control>
				<control>
					<description>Jump to playing now</description>
					<type>button</type>
					<id>9</id>
					<label>4540</label>
					<onup>8</onup>
					<ondown>2</ondown>
				</control>
			</control>
		</control>
    	<!--            :: Count Background ::            -->
    
    	<control>
    		<description>RSS background</description>
    		<type>image</type>
    		<id>0</id>
    		<posX>0</posX>
    		<posY>829</posY>
    		<width>1865</width>
    		<height>96</height>
    		<texture>basichome_rss_bg.png</texture>
    		<animation effect="fade" start="100" end="0" time="0" delay="0">WindowClose</animation>
    	</control>
        <control>
          <description>group element</description>
          <type>group</type>
    		<animation effect="fade" start="0" end="100" time="300" delay="350">WindowOpen</animation>
    		<animation effect="fade" start="100" end="0" time="0" delay="0">WindowClose</animation>
          <control>
            <description>composite control consisting of a list control and a thumbnail panel</description>
            <type>facadeview</type>
            <id>50</id>
    			<control>
    				<description>listcontrol</description>
    				<type>listcontrol</type>
    				<id>50</id>
    				<onleft>2</onleft>
    				<onright>2</onright>
    				<scrollOffset>1</scrollOffset>
    				<posX>573</posX>
        			<posY>153</posY>
        			<height>750</height>
        			<width>1152</width>
    				<textXOff>50</textXOff>
    				<textXOff2>1152</textXOff2>
    				<textureHeight>55</textureHeight>
    				<spinCanFocus>no</spinCanFocus>
    				<textureFocus>listcontrol_item_selected_wide.png</textureFocus>
    				<dimColor>ffffffff</dimColor>
    			</control>
            </control>
       </control>
		<import>common.overlay.xml</import>
	</controls>
</window>