<?xml version="1.0" encoding="utf-8" standalone="yes"?>
<window>
<id>16003</id>
<defaultcontrol>50</defaultcontrol>
<allowoverlay>yes</allowoverlay>
<controls>

    <control>
      <description>DEFAULT BACKGROUND</description>
      <type>image</type>
      <id>0</id>
      <posX>0</posX>
      <posY>0</posY>
      <width>1920</width>
      <height>1080</height>
      <texture>background.png</texture>
      <shouldCache>true</shouldCache>
    </control>
		
		<!--            :: Overlays ::            -->	
		
	<control>
		<description>background listview</description>
		<type>image</type>
		<id>1</id>
		<posX>0</posX>
        <posY>0</posY>
		<width>1920</width>
		<height>1080</height>
		<texture>overlay.png</texture>
		<visible>Control.IsVisible(50)</visible>
	</control>
	
	<control>
		<description>viewport list</description>
		<type>image</type>
		<id>2020</id>
		<posX>1</posX>
		<posY>92</posY>
		<width>1893</width>
		<height>795</height>
		<texture>viewport_onlinevideos.png</texture>
		<visible>Control.IsVisible(50)</visible>
		<animation effect="fade" time="250">WindowOpen</animation>
		<animation effect="fade" time="250">WindowClose</animation>
		<animation effect="slide" time="250" start="-1890,0">WindowOpen</animation>
		<animation effect="slide" time="250" end="-1890,0">WindowClose</animation>
	</control>
	
	<import>common.time.xml</import>

    <control>
		<type>fadelabel</type>
		<id>1</id>      
		<posX>185</posX>
		<posY>38</posY>
		<width>500</width>
		<label>Infoservice - Twitter</label>
		<textcolor>6aa5cb</textcolor>
		<font>font22</font>
		<animation effect="fade" start="0" end="100" time="300" delay="350">WindowOpen</animation>
		<animation effect="fade" start="100" end="0" time="0" delay="0">WindowClose</animation>
    </control>	

	<control>
		<description>Selected item Label</description>
		<type>fadelabel</type>
		<id>1</id>
		<posX>1832</posX>
		<posY>956</posY>
		<width>1170</width>
		<label>#infoservice.twitter.selected.username</label>
		<font>fontB16</font>
		<align>right</align>
		<visible>control.isvisible(50)</visible>
		<animation effect="fade" start="0" end="100" time="300" delay="350">WindowOpen</animation>
		<animation effect="fade" start="100" end="0" time="0" delay="0">WindowClose</animation>
	</control>
	
	<!--            :: Count Background ::            -->

	<control>
		<description>RSS background</description>
		<type>image</type>
		<id>0</id>
		<posX>0</posX>
		<posY>829</posY>
		<width>1865</width>
		<height>96</height>
		<texture>basichome_rss_bg.png</texture>
		<visible>control.isvisible(50)</visible>
		<animation effect="fade" start="0" end="100" time="300" delay="350">WindowOpen</animation>
		<animation effect="fade" start="100" end="0" time="0" delay="0">WindowClose</animation>
	</control>
	
    <control>
		<description>Feed Item Logo</description>
		<id>101</id>
		<type>image</type>
		<posX>200</posX>
		<posY>500</posY>
		<width>300</width>
		<height>300</height>
		<texture flipY="true" diffuse="Thumb_Mask_test.png" mask="poster_mask.png">#infoservice.twitter.selected.userpicture</texture>	
		<keepaspectratio>no</keepaspectratio>
		<visible>Control.HasFocus(50)</visible>
		<animation effect="fade" start="0" end="100" time="300" delay="350">WindowOpen</animation>
		<animation effect="fade" start="100" end="0" time="0" delay="0">WindowClose</animation>				  	  
	</control>

	<control>
		<description>Number of Files Label</description>
		<type>label</type>
		<id>1</id>
    	<posX>714</posX>
        <posY>876</posY>
        <align>left</align>
        <font>AvalonLight12</font>
        <textcolor>6aa5cb</textcolor>
		<label>#currentmodule: #infoservice.twitter.itemcount</label>
		<visible>Control.IsVisible(50)</visible>
		<animation effect="fade" start="0" end="100" time="300" delay="350">WindowOpen</animation>
		<animation effect="fade" start="100" end="0" time="0" delay="0">WindowClose</animation>
	</control>
	
	<control>
		<description>Chosen selected item Description</description>
		<type>textboxscrollup</type>
		<id>506</id>
		<posX>74</posX>
		<posY>153</posY>
		<width>600</width>
		<height>320</height>
		<label>-</label>
		<visible>Control.HasFocus(50)</visible>    	 	   
		<seperator>----------------------------------------------------------------------------------------------</seperator>
		<animation effect="fade" start="0" end="100" time="300" delay="350">WindowOpen</animation>
		<animation effect="fade" start="100" end="0" time="0" delay="0">WindowClose</animation>
	</control>
	
	<control>
		<type>actiongroup</type>
		<description>action menu</description>
		<defaultcontrol>2</defaultcontrol>
		<onexit>50</onexit>
		<dimColor>00ffffff</dimColor>
		<buttonX>0</buttonX>
		<buttonY>0</buttonY>
		<buttonwidth>521</buttonwidth>
		<buttonheight>1080</buttonheight>
		
		<control>
			<type>image</type>
			<id>0</id>
			<width>1920</width>
			<height>1080</height>
			<texture>semi_trans_back_hidden_menu.png</texture>
			<visible>!Control.HasFocus(50)+control.isvisible(50)</visible>
			<animation effect="fade" time="450">visible</animation>
			<animation effect="fade" time="400">hidden</animation>
		</control>
	
		<control>
			<type>image</type>
			<id>0</id>
			<posY>15</posY>
			<posX>0</posX>
			<width>631</width>
			<height>1044</height>
			<texture>menu_bg.png</texture>
			<visible>!Control.HasFocus(50)+control.isvisible(50)</visible>
    	<animation effect="fade" time="0">WindowClose</animation>
    	<animation effect="slide" start="-150,0" time="100">visible</animation>
    	<animation effect="fade" time="50">visible</animation>
    	<animation effect="fade" time="0">hidden</animation>
		</control>
	
		<control>
			<description>Menu label</description>
			<type>label</type>
			<id>1</id>
			<posX>128</posX>
			<posY>114</posY>
			<label>924</label>
			<font>fontB12</font>
			<textcolor>ffffff</textcolor>
			<visible>!Control.HasFocus(50)</visible>
    	<animation effect="fade" time="0">WindowClose</animation>
    	<animation effect="slide" start="-150,0" time="100">visible</animation>
    	<animation effect="fade" time="50">visible</animation>
    	<animation effect="fade" time="0">hidden</animation>
    </control>
		
			<control>
				<type>group</type>
        <description>group element</description>
				<visible>!Control.HasFocus(50)+control.isvisible(50)</visible>
    		<animation effect="fade" time="0">WindowClose</animation>
    		<animation effect="slide" start="-150,0" time="100">visible</animation>
    		<animation effect="fade" time="50">visible</animation>
    		<animation effect="fade" time="0">hidden</animation>
        <posX>69</posX>
        <posY>155</posY>
        <layout>StackLayout(0, Vertical, true)</layout>	
			
					<control>
						<description>Refresh Button</description>
						<type>button</type>
						<id>2</id>
						<textureFocus>hiddenmenu_item_selected.png</textureFocus>
						<textureNoFocus>-</textureNoFocus>
						<width>497</width>
						<height>64</height>
						<textXOff>58</textXOff>
						<textYOff>14</textYOff>
						<label>184</label>
						<onleft>50</onleft>
						<onright>50</onright>
						<onup>5</onup>
						<ondown>4</ondown>
					</control>
					
					<control>
						<description>RSS feed select</description>
						<type>button</type>
						<id>4</id>
						<textureFocus>hiddenmenu_item_selected.png</textureFocus>
						<textureNoFocus>-</textureNoFocus>
						<width>497</width>
						<height>64</height>
						<textXOff>58</textXOff>
						<textYOff>14</textYOff>
						<label>706</label>
						<onleft>50</onleft>
						<onright>50</onright>
						<onup>2</onup>
						<ondown>5</ondown>
					</control>
			
					<control>
						<description>All feeds</description>
						<type>button</type>
						<id>5</id>
						<textureFocus>hiddenmenu_item_selected.png</textureFocus>
						<textureNoFocus>-</textureNoFocus>
						<width>497</width>
						<height>64</height>
						<textXOff>58</textXOff>
						<textYOff>14</textYOff>
						<onleft>50</onleft>
						<onright>50</onright>
						<onup>4</onup>
						<ondown>2</ondown>
					</control>
		</control>
	</control>


		<control>
			<description>listcontrol</description>
			<type>listcontrol</type>
			<id>50</id>
			<onleft>2</onleft>
			<onright>80</onright>
			<scrollOffset>1</scrollOffset>
			<posX>679</posX>
			<posY>153</posY>
			<width>1152</width>
			<height>750</height>
			<textXOff>50</textXOff>
			<textXOff2>1152</textXOff2>
			<textureHeight>55</textureHeight>
			<spinCanFocus>no</spinCanFocus>
			<textureFocus>listcontrol_item_selected_wide.png</textureFocus>
			<dimColor>ffffffff</dimColor>
			<animation effect="fade" start="0" end="100" time="300" delay="350">WindowOpen</animation>
			<animation effect="fade" start="100" end="0" time="0" delay="0">WindowClose</animation>
		</control>	

	<control>
		<animation effect="slide" start="-60,0" end="0,0" tween="quadratic" easing="in" time="250" delay="400">WindowOpen</animation>
		<animation effect="slide" start="0,0" end="-60,0" tween="quadratic" easing="in" time="250" delay="100">WindowClose</animation>
		<id>1</id>
		<type>image</type>
		<posY>440</posY>
		<width>64</width>
		<height>199</height>
		<texture>hiddenmenu_tab.png</texture>
		<visible>Control.HasFocus(50) + !string.contains(#Avalon.HiddenMenu, false)</visible>
	</control>
	
<import>common.overlay.xml</import>
</controls>
</window>
