<?xml version="1.0" encoding="utf-8"?>
<!--
This file should contain the facade view
-->
<window>
<controls>
	<!--            :: Count Background ::            -->

	<control>
		<description>RSS background</description>
		<type>image</type>
		<id>0</id>
		<posX>0</posX>
		<posY>829</posY>
		<width>1865</width>
		<height>96</height>
		<texture>basichome_rss_bg.png</texture>
		<visible>facadeview.list + control.isvisible(50)</visible>
		<animation effect="fade" start="0" end="100" time="300" delay="350">WindowOpen</animation>
		<animation effect="fade" start="100" end="0" time="0" delay="0">WindowClose</animation>
	</control>
    
	<control>
		<description>RSS background</description>
		<type>image</type>
		<id>0</id>
		<posX>0</posX>
		<posY>883</posY>
		<width>1865</width>
		<height>51</height>
		<texture>movies_count_bg_filmstrip.png</texture>
		<visible>[facadeview.smallicons | facadeview.largeicons] + control.isvisible(50)</visible>
		<animation effect="fade" start="0" end="100" time="300" delay="350">WindowOpen</animation>
		<animation effect="fade" start="100" end="0" time="0" delay="0">WindowClose</animation>
	</control>

	<!--            :: Count ::            -->
	
    <control>
      <animation effect="fade" start="0" end="100" time="300" delay="350">WindowOpen</animation>
      <animation effect="fade" start="100" end="0" time="0" delay="0">WindowClose</animation>
      <animation effect="fade" start="0" end="100" time="300" delay="350" reversible="false">visible</animation>
      <description>Moviecount</description>
      <type>label</type>
      <label>#MovingPictures.Translation.Movies.Label: #MovingPictures.general.filteredmoviecount  |  Filter: #MovingPictures.CurrentNode.name</label>
      <id>0</id>
      <posX>714</posX>
      <posY>875</posY>
      <align>left</align>
      <font>AvalonLight12</font>
      <textcolor>6aa5cb</textcolor>
	  <visible>facadeview.list + control.isvisible(50)</visible>
    </control>
    
    <control>
      <animation effect="fade" start="0" end="100" time="300" delay="350">WindowOpen</animation>
      <animation effect="fade" start="100" end="0" time="0" delay="0">WindowClose</animation>
      <animation effect="fade" start="0" end="100" time="300" delay="350" reversible="false">visible</animation>
      <description>Parental Lock</description>
      <type>image</type>
      <id>0</id>
      <posX>683</posX>
      <posY>871</posY>
      <with>22</with>
      <height>34</height>
      <align>left</align>
      <texture>parental_lock.png</texture>
	  <visible>facadeview.list + control.isvisible(16) + control.isvisible(50)</visible>
    </control>
    
    <control>
      <animation effect="fade" start="0" end="100" time="300" delay="350">WindowOpen</animation>
      <animation effect="fade" start="100" end="0" time="0" delay="0">WindowClose</animation>
      <animation effect="fade" start="0" end="100" time="300" delay="350" reversible="false">visible</animation>
      <description>Moviecount</description>
      <type>label</type>
      <label>#MovingPictures.Translation.Movies.Label: #MovingPictures.general.filteredmoviecount  |  Filter: #MovingPictures.CurrentNode.name</label>
      <id>0</id>
      <posX>1346</posX>
      <posY>892</posY>
      <align>left</align>
      <font>AvalonLight12</font>
      <textcolor>6aa5cb</textcolor>
	  <visible>[facadeview.smallicons | facadeview.largeicons] + control.isvisible(50)</visible>
    </control>

    <control>
      <animation effect="fade" start="0" end="100" time="300" delay="350">WindowOpen</animation>
      <animation effect="fade" start="100" end="0" time="0" delay="0">WindowClose</animation>
      <animation effect="fade" start="0" end="100" time="300" delay="350" reversible="false">visible</animation>
      <description>Parental Lock</description>
      <type>image</type>
      <id>0</id>
      <posX>1315</posX>
      <posY>888</posY>
      <with>22</with>
      <height>34</height>
      <align>left</align>
      <texture>parental_lock.png</texture>
	  <visible>[facadeview.smallicons | facadeview.largeicons] + control.isvisible(16) + control.isvisible(50)</visible>
    </control>

<control>		
      <type>facadeview</type>
      <id>51</id>
	  	<animation effect="fade" start="0" end="100" time="300" delay="350">WindowOpen</animation>
		<animation effect="fade" start="100" end="0" time="0" delay="0">WindowClose</animation>
		
      <control>
        <description>Categories List</description>
        <type>listcontrol</type>
        <id>51</id>
        <onleft>51</onleft>
        <onright>51</onright>
		<scrollOffset>1</scrollOffset>
		<posX>1166</posX>
		<posY>153</posY>
		<height>750</height>
		<width>684</width>
		<spinPosX>1667</spinPosX>
		<spinPosY>1010</spinPosY>
		<spinAlign>right</spinAlign>
		<textXOff>50</textXOff>
		<textureHeight>55</textureHeight>		
		<textureFocus>listcontrol_item_selected_small.png</textureFocus>
		<textureNoFocus>-</textureNoFocus>
      </control>
    </control>

	<control>
		<type>facadeview</type>
		<id>50</id>
		<animation effect="fade" start="0" end="100" time="300" delay="350">WindowOpen</animation>
		<animation effect="fade" start="100" end="0" time="0" delay="0">WindowClose</animation>
		<control>
			<description>Movie List</description>
			<type>listcontrol</type>
			<id>50</id>
			<onleft>3</onleft>
			<onright>80</onright>
			<scrollOffset>1</scrollOffset>
			<posX>1166</posX>
			<posY>153</posY>
			<height>750</height>
			<width>684</width>
			<textXOff>50</textXOff>
			<textXOff2>650</textXOff2>
			<textureHeight>55</textureHeight>
			<textureFocus>listcontrol_item_selected_small_info.png</textureFocus>
			<textureNoFocus>-</textureNoFocus>
			<dimColor>ffffffff</dimColor>
		</control>

		<control>
			<description>Filmstrip view</description>
			<type>filmstrip</type>
			<dimColor>90ffffff</dimColor>
			<id>50</id>
				<scrollOffset>3</scrollOffset>
				<folderPrefix></folderPrefix>
				<folderSuffix></folderSuffix>
				<posX>114</posX>
				<posY>520</posY>
				<width>1920</width>
				<height>768</height>
				<onup>3</onup>
				<ondown>3</ondown>
				<onleft>50</onleft>
				<onright>50</onright>
				<thumbWidth>230</thumbWidth>
				<thumbHeight>327</thumbHeight>
				<thumbPosX>0</thumbPosX>
				<thumbPosY>0</thumbPosY>
				<itemWidth>248</itemWidth>
				<itemHeight>345</itemHeight>
				<textureWidth>230</textureWidth>
				<textureHeight>327</textureHeight>
				<textYOff>-2000</textYOff>
				<imageFolderFocus>-</imageFolderFocus>
				<frame>-</frame>
				<frameFocus>-</frameFocus>
				<background>-</background>
				<thumbs flipY="true" diffuse="Thumb_Mask.png" mask="video_filmstrip_mask.png"></thumbs>
				<showFrame>yes</showFrame>
				<showFolder>no</showFolder>
				<showBackGround>no</showBackGround>
				<showInfoImage>no</showInfoImage>
                <scrollbarBackground>scrollbar_bg.png</scrollbarBackground>
                <scrollbarLeft>scrollbar_left_hor.png</scrollbarLeft>
                <scrollbarRight>scrollbar_right_hor.png</scrollbarRight>
                <scrollbarWidth>689</scrollbarWidth>
				<scrollbarHeight>4</scrollbarHeight>
                <scrollbarYOff>538</scrollbarYOff>
				<thumbAnimation effect="zoom" acceleration="-2" start="100,100" reversible="false" end="138,138" center="0,780" time="200">focus</thumbAnimation>
				<thumbAnimation effect="zoom" start="138,138" reversible="false" end="100,100" center="0,780" time="100">unfocus</thumbAnimation>
		</control>

			<control>
				<description>Thumbnail Panel</description>
				<type>thumbnailpanel</type>
				<id>50</id>
				<posX>55</posX>
				<posY>154</posY>
				<width>1920</width>
				<height>800</height>
				<folderPrefix></folderPrefix>
				<folderSuffix></folderSuffix>
				<onleft>3</onleft>
				<onright>3</onright>
				<itemWidth>184</itemWidth>
				<itemHeight>239</itemHeight>
				<textureWidth>167</textureWidth>
				<textureHeight>232</textureHeight>
				<thumbWidth>167</thumbWidth>
				<thumbHeight>232</thumbHeight>
				<thumbPosX>0</thumbPosX>
				<thumbPosY>0</thumbPosY>
				<itemWidthBig>263</itemWidthBig>
				<itemHeightBig>360</itemHeightBig>
				<thumbWidthBig>248</thumbWidthBig>
				<thumbHeightBig>345</thumbHeightBig>
				<textureWidthBig>248</textureWidthBig>
				<textureHeightBig>345</textureHeightBig>
				<thumbPosXBig>0</thumbPosXBig>
				<thumbPosYBig>0</thumbPosYBig>
				<zoomXPixels>40</zoomXPixels>
				<zoomYPixels>60</zoomYPixels>
				<hideUnfocusTexture>no</hideUnfocusTexture>
				<keepaspectratio>no</keepaspectratio>
				<renderFocusText>no</renderFocusText>
				<renderUnfocusText>no</renderUnfocusText>
				<showFrame>true</showFrame>
				<frameNoFocus>video_thumb_nofocus.png</frameNoFocus>
				<frameFocus>video_thumb_focus.png</frameFocus>
				<textureMask>video_thumb_mask.png</textureMask>
				<shadowAngle>90</shadowAngle>
    			<shadowDistance>50</shadowDistance>
				<thumbZoom>yes</thumbZoom>
    			<spinPosX>1832</spinPosX>
    			<spinPosY>895</spinPosY>
			</control>
			
				<control>
				  <description>Cover Flow view</description>
				  <type>coverflow</type>
				  <colordiffuse>90ffffff</colordiffuse>
				  <dimColor>90ffffff</dimColor>
				  <id>50</id>
				  <onup>3</onup>
				  <ondown>3</ondown>
				  <onleft>50</onleft>
				  <onright>50</onright>	  
				  <posX>0</posX>
				  <posY>520</posY>
				  <width>1920</width>
				  <height>1080</height>	  
				  <selectedCard>0</selectedCard>
				  <cardWidth>280</cardWidth>
				  <cardHeight>385</cardHeight>
				  <angle>45</angle>
				  <sideShift>310</sideShift>
				  <sideGap>100</sideGap>
				  <sideDepth>270</sideDepth>
				  <offsetY>0</offsetY>
				  <selectedOffsetY>0</selectedOffsetY>
				  <speed>8</speed>
				  <showFrame>yes</showFrame>
				  <frame>-</frame>
				  <frameFocus>-</frameFocus>
				  <keepaspectratio>no</keepaspectratio>		  
				  <frameWidth>280</frameWidth>
				  <frameHeight>385</frameHeight>
				  <spinSpeed>8</spinSpeed>
				  <unfocusedAlpha>FF</unfocusedAlpha>
				  <folderPrefix></folderPrefix>
				  <folderSuffix></folderSuffix>
				  <font1>font13</font1>
				  <font2>font11</font2>
				  <label1>#title</label1>
				  <label2>#genre</label2>
				  <textColor>FFFFFFFF</textColor>
				  <remoteColor>FFFF0000</remoteColor>
				  <playedColor>FFA0D0FF</playedColor>
				  <downloadColor>FF00FF00</downloadColor>
				  <selectedColor>FFFFFFFF</selectedColor>
				  <shadowAngle>45</shadowAngle>
				  <shadowDistance>1</shadowDistance>
				  <shadowColor>FF000000</shadowColor>
				  <label1YOff>1430</label1YOff>
				  <label2YOff>1390</label2YOff>
				  <pageSize>5</pageSize>
                <scrollbarBackground>scrollbar_bg.png</scrollbarBackground>
                <scrollbarLeft>scrollbar_left_hor.png</scrollbarLeft>
                <scrollbarRight>scrollbar_right_hor.png</scrollbarRight>
                <scrollbarWidth>689</scrollbarWidth>
				<scrollbarHeight>4</scrollbarHeight>
                <scrollbarYOff>538</scrollbarYOff>
					<keepaspectratio>no</keepaspectratio>
					<cards flipY="true" diffuse="Thumb_Mask.png" mask="video_filmstrip_fanart_mask.png"></cards>
				</control>
	</control>
</controls>
</window>
