<?xml version="1.0" encoding="utf-8"?>
<!--
This file should contain the details view
-->
<window>
<controls>

	<!--            :: MAIN DETAILS ::            -->
	
	<control>
		<description>Vignette background</description>
		<type>image</type>
		<id>0</id>
		<posX>202</posX>
		<posY>179</posY>
		<width>1518</width>
		<height>872</height>
		<texture>myfilms_details_bg.png</texture>
		<visible>!Control.IsVisible(50)+!Control.IsVisible(51) + !Control.HasFocus(10003)</visible>
		<animation effect="fade" time="250">Visible</animation>
		<animation effect="fade" time="0">WindowClose</animation>
	</control>
	
	<!-- Tabs -->
	
    <control>
		<description>Summary</description>
		<type>image</type>
	    <id>900</id>
		<posX>248</posX>
		<posY>155</posY>
		<width>491</width>
		<height>99</height>	
		<texture>movies_tab_left_focus.png</texture>
        <visible>!Control.IsVisible(50)+!Control.IsVisible(51) + !Control.HasFocus(10001) + !Control.HasFocus(10002) + !Control.HasFocus(10003)</visible>
		<animation effect="fade" time="250">Visible</animation>
		<animation effect="fade" time="0">WindowClose</animation>
	</control>
    
    <control>
		<description>Summary</description>
		<type>image</type>
	    <id>0</id>
		<posX>248</posX>
		<posY>155</posY>
		<width>491</width>
		<height>99</height>	
		<texture>movies_tab_left_nofocus.png</texture>
        <visible>!Control.IsVisible(50)+!Control.IsVisible(51) + ![Control.HasFocus(6) | Control.HasFocus(700) | Control.HasFocus(800)] + !Control.HasFocus(10003)</visible>
		<animation effect="fade" time="250">Visible</animation>
		<animation effect="fade" time="0">WindowClose</animation>
	</control>
    
    <control>
		<description>Summary label</description>
		<type>label</type>
	    <id>0</id>
		<posX>392</posX>
		<posY>175</posY>
		<width>491</width>
		<font>fontB11</font>
 		<textalign>center</textalign>	
        <label>#Avalon.Overview</label>
        <visible>!Control.IsVisible(50)+!Control.IsVisible(51) + !Control.HasFocus(10003)</visible>
		<animation effect="fade" time="250">Visible</animation>
		<animation effect="fade" time="0">WindowClose</animation>
	</control>
    
	<control>
		<description>Description</description>		
		<type>button</type>
		<id>10001</id>
		<posX>723</posX>
		<posY>155</posY>
		<width>493</width>
		<height>70</height>
		<onup>10001</onup>
		<ondown>107</ondown>
		<onleft>6</onleft>
		<onright>10002</onright>
		<label>#Avalon.Description</label>
		<font>fontB11</font>
		<textcolor>white</textcolor>
		<textcolorNoFocus>ffffffff</textcolorNoFocus>
		<textYOff>4</textYOff>				
 		<textalign>center</textalign>	
		<textureFocus>movies_tab_middle_focus.png</textureFocus>
		<textureNoFocus>movies_tab_middle_nofocus.png</textureNoFocus>
        <visible>!Control.IsVisible(50)+!Control.IsVisible(51) + !Control.HasFocus(10003)</visible>
		<animation effect="fade" time="250">Visible</animation>
		<animation effect="fade" time="0">WindowClose</animation>
	</control>
	<control>
		<description>Technical Infos</description>		
		<type>button</type>
		<id>10002</id>
		<posX>1199</posX>
		<posY>155</posY>
		<width>475</width>
		<height>99</height>
		<onup>10002</onup>
		<ondown>107</ondown>
		<onleft>10001</onleft>
		<onright>10003</onright>
		<label>#Avalon.Techinfo</label>
		<font>fontB11</font>
		<textcolor>white</textcolor>
		<textcolorNoFocus>ffffffff</textcolorNoFocus>
		<textYOff>-10</textYOff>				
 		<textalign>center</textalign>	
		<textureFocus>movies_tab_right_focus.png</textureFocus>
		<textureNoFocus>movies_tab_right_nofocus.png</textureNoFocus>
        <visible allowhiddenfocus="true">!Control.IsVisible(50)+!Control.IsVisible(51) + !Control.HasFocus(10003)</visible>
		<animation effect="fade" time="250">Visible</animation>
		<animation effect="fade" time="0">WindowClose</animation>
	</control>
    
	<!-- Buttons -->
	
	<control>
		<description>PLAY Button</description>
		<type>button</type>
		<posX>463</posX>
		<posY>884</posY>
		<id>6</id>
		<label>-</label>
		<onup>6</onup>
		<ondown>6</ondown>
		<onleft>700</onleft>
		<onright>10001</onright>
		<width>58</width>
		<height>59</height>
		<textureFocus>movie_details_play_focus.png</textureFocus>
		<textureNoFocus>movie_details_play_nofocus.png</textureNoFocus>
		<visible allowhiddenfocus="true">!Control.IsVisible(50)+!Control.IsVisible(51) + !Control.HasFocus(10003)</visible>
		<animation effect="fade" time="250">Visible</animation>
		<animation effect="fade" time="0">WindowClose</animation>
	</control>
	
	<control>
		<description>Subtitle Button</description>
		<type>button</type>
		<posX>391</posX>
		<posY>884</posY>
		<id>700</id>
		<label>-</label>
		<onup>700</onup>
		<ondown>700</ondown>
		<onleft>800</onleft>
		<onright>6</onright>
		<width>58</width>
		<height>59</height>
		<hyperlink>84623</hyperlink>
		<textureFocus>movie_details_sub_focus.png</textureFocus>
		<textureNoFocus>movie_details_sub_nofocus.png</textureNoFocus>
		<visible>!Control.IsVisible(50)+!Control.IsVisible(51) + !Control.HasFocus(10003)</visible>
		<animation effect="fade" time="250">Visible</animation>
		<animation effect="fade" time="0">WindowClose</animation>
	</control>
	
	<control>
		<description>Trailer Button</description>
		<type>button</type>
		<posX>320</posX>
		<posY>884</posY>
		<id>800</id>
		<label>-</label>
		<onup>800</onup>
		<ondown>800</ondown>
		<onleft>6</onleft>
		<onright>700</onright>
		<width>58</width>
		<height>59</height>
		<hyperlink>4755</hyperlink>
		<hyperlinkParameter>site:#Avalon.TrailerSite|search:#MovingPictures.SelectedMovie.title|return:Locked</hyperlinkParameter>
		<textureFocus>movie_details_trailer_focus.png</textureFocus>
		<textureNoFocus>movie_details_trailer_nofocus.png</textureNoFocus>
		<visible>!Control.IsVisible(50)+!Control.IsVisible(51) + !Control.HasFocus(10003)</visible>
		<animation effect="fade" time="250">Visible</animation>
		<animation effect="fade" time="0">WindowClose</animation>
	</control>
	
	<!-- Summary labels -->
    
	<control>
		<animation effect="fade" time="100">WindowOpen</animation>
		<animation effect="fade" time="100">WindowClose</animation>
		<description>Cover</description>
		<type>image</type>
		<id>2024</id>
		<posX>298</posX>
		<posY>350</posY>
		<width>250</width>
		<height>354</height>
		<texture flipY="true" diffuse="Thumb_Mask.png" mask="poster_mask.png">#MovingPictures.Coverart</texture>		
		<visible>!Control.IsVisible(50)+!Control.IsVisible(51) + !Control.HasFocus(10003)</visible>
		<animation effect="fade" time="250">Visible</animation>
		<animation effect="fade" time="0">WindowClose</animation>
	</control>
	
	<control>
		<description>Movie Title</description>
		<type>fadelabel</type>
		<id>0</id>
		<posX>586</posX>
		<posY>280</posY>
		<width>1005</width>
		<font>fontB20</font>
		<label>#MovingPictures.SelectedMovie.title</label>
		<visible>!Control.IsVisible(50)+!Control.IsVisible(51) + !Control.HasFocus(10003)</visible>
		<animation effect="fade" time="250">Visible</animation>
		<animation effect="fade" time="0">WindowClose</animation>
	</control>
	
	<control Style="InfoLabelDetails">
		<description>Release Date Label</description>
		<type>label</type>
		<label>#Avalon.ReleaseDate</label>
		<id>0</id>
		<posX>586</posX>
		<posY>364</posY>
		<visible>!Control.IsVisible(50)+!Control.IsVisible(51) + !Control.HasFocus(10001)+ !Control.HasFocus(10002) + !Control.HasFocus(10003)</visible>
		<animation effect="fade" time="250">Visible</animation>
		<animation effect="fade" time="0">WindowClose</animation>
	</control>
	
	<control Style="InfoValueDetails">
		<description>Year</description>
		<type>label</type>
		<label>#MovingPictures.SelectedMovie.year</label>
		<id>0</id>
		<posX>838</posX>
		<posY>360</posY>
		<visible>!Control.IsVisible(50)+!Control.IsVisible(51) + !Control.HasFocus(10001)+ !Control.HasFocus(10002) + !Control.HasFocus(10003)</visible>
		<animation effect="fade" time="250">Visible</animation>
		<animation effect="fade" time="0">WindowClose</animation>
	</control>

	<control Style="InfoLabelDetails">
		<type>label</type>
		<label>#Avalon.Runtime</label>
		<id>0</id>
		<posX>586</posX>
		<posY>405</posY>
		<visible>!Control.IsVisible(50)+!Control.IsVisible(51) + !Control.HasFocus(10001)+ !Control.HasFocus(10002) + !Control.HasFocus(10003)</visible>
		<animation effect="fade" time="250">Visible</animation>
		<animation effect="fade" time="0">WindowClose</animation>
	</control>
			
	<control Style="InfoValueDetails">
		<description>Runtime</description>
		<type>label</type>
		<label>#MovingPictures.SelectedMovie.runtime.totalminutes min</label>
		<id>0</id>
		<posX>838</posX>
		<posY>401</posY>
		<visible>!Control.IsVisible(50)+!Control.IsVisible(51) + !Control.HasFocus(10001)+ !Control.HasFocus(10002) + !Control.HasFocus(10003)</visible>
		<animation effect="fade" time="250">Visible</animation>
		<animation effect="fade" time="0">WindowClose</animation>
	</control>

	<control Style="InfoLabelDetails">
		<description>Genre Label</description>
		<type>label</type>
		<label>#MovingPictures.Translation.Genre.Label</label>
		<id>0</id>
		<posX>586</posX>
		<posY>446</posY>
		<visible>!Control.IsVisible(50)+!Control.IsVisible(51) + !Control.HasFocus(10001)+ !Control.HasFocus(10002) + !Control.HasFocus(10003)</visible>
		<animation effect="fade" time="250">Visible</animation>
		<animation effect="fade" time="0">WindowClose</animation>
	</control>
			
	<control>
		<description>Genre</description>
		<type>fadelabel</type>
		<label>#MovingPictures.SelectedMovie.genres</label>
		<id>0</id>
		<posX>838</posX>
		<posY>442</posY>
		<width>770</width>
		<align>left</align>
		<font>AvalonLight14</font>
		<textcolor>ffffff</textcolor>
		<visible>!Control.IsVisible(50)+!Control.IsVisible(51) + !Control.HasFocus(10001)+ !Control.HasFocus(10002) + !Control.HasFocus(10003)</visible>
		<animation effect="fade" time="250">Visible</animation>
		<animation effect="fade" time="0">WindowClose</animation>
	</control>
	
	<control Style="InfoLabelDetails">
		<description>Director Label</description>
		<type>label</type>
		<label>#MovingPictures.Translation.Director.Label</label>
		<id>0</id>
		<posX>586</posX>
		<posY>488</posY>
		<visible>!Control.IsVisible(50)+!Control.IsVisible(51) + !Control.HasFocus(10001)+ !Control.HasFocus(10002) + !Control.HasFocus(10003)</visible>
		<animation effect="fade" time="250">Visible</animation>
		<animation effect="fade" time="0">WindowClose</animation>
	</control>
			
	<control>
		<description>Director</description>
		<type>fadelabel</type>
		<label>#MovingPictures.SelectedMovie.directors</label>
		<id>0</id>
		<posX>838</posX>
		<posY>484</posY>
		<width>770</width>
		<align>left</align>
		<font>AvalonLight14</font>
		<textcolor>ffffff</textcolor>
		<visible>!Control.IsVisible(50)+!Control.IsVisible(51) + !Control.HasFocus(10001)+ !Control.HasFocus(10002) + !Control.HasFocus(10003)</visible>
		<animation effect="fade" time="250">Visible</animation>
		<animation effect="fade" time="0">WindowClose</animation>
	</control>
	
	<control Style="InfoLabelDetails">
		<description>Actors Label</description>
		<type>label</type>
		<label>#MovingPictures.Translation.Actors.Label</label>
		<id>0</id>
		<posX>586</posX>
		<posY>528</posY>
		<visible>!Control.IsVisible(50)+!Control.IsVisible(51) + !Control.HasFocus(10001)+ !Control.HasFocus(10002) + !Control.HasFocus(10003)</visible>
		<animation effect="fade" time="250">Visible</animation>
		<animation effect="fade" time="0">WindowClose</animation>
	</control>
			
	<control>
		<description>Actors</description>
		<type>fadelabel</type>
		<label>#MovingPictures.SelectedMovie.actors</label>
		<id>0</id>
		<posX>838</posX>
		<posY>524</posY>
		<width>770</width>
		<align>left</align>
		<font>AvalonLight14</font>
		<textcolor>ffffff</textcolor>
		<visible>!Control.IsVisible(50)+!Control.IsVisible(51) + !Control.HasFocus(10001)+ !Control.HasFocus(10002) + !Control.HasFocus(10003)</visible>
		<animation effect="fade" time="250">Visible</animation>
		<animation effect="fade" time="0">WindowClose</animation>
	</control>
	
	<control>
		<type>textboxscrollup</type>
		<description>Summary (list)</description>
		<id>1025</id>
		<posX>586</posX>
		<posY>581</posY>
		<width>1090</width>
		<height>240</height>
		<label>#MovingPictures.SelectedMovie.summary</label>
		<seperator>---------------------------------------------------------------------------------------------------------</seperator>
		<onleft>1026</onleft>
		<onright>1026</onright>
		<onup>1026</onup>
		<ondown>1026</ondown>
		<visible>!Control.IsVisible(50)+!Control.IsVisible(51) + !Control.HasFocus(10001)+ !Control.HasFocus(10002) + !Control.HasFocus(10003)</visible>
		<animation effect="fade" time="250">Visible</animation>
		<animation effect="fade" time="0">WindowClose</animation>
	</control>
			
	<control>
		<description>frame</description>
		<type>image</type>
		<id>0</id>
		<posX>586</posX>
		<posY>880</posY>
		<width>1041</width>
		<height>73</height>
		<texture>movie_detail_frame.png</texture>
		<visible>!Control.IsVisible(50)+!Control.IsVisible(51) + !Control.HasFocus(10003)</visible>
		<animation effect="fade" time="250">Visible</animation>
		<animation effect="fade" time="0">WindowClose</animation>
	</control>
			
	<control>
		<description>certification logo</description>
		<type>image</type>
		<id>101</id>
		<posX>595</posX>
		<posY>886</posY>
		<width>60</width>
		<height>60</height>
        <keepaspectratio>yes</keepaspectratio>
        <centered>yes</centered>
		<texture>certification\#MovingPictures.SelectedMovie.certification.png</texture>
		<visible>!Control.IsVisible(50)+!Control.IsVisible(51) + !Control.HasFocus(10003)</visible>
		<animation effect="fade" time="250">Visible</animation>
		<animation effect="fade" time="0">WindowClose</animation>
	</control>
	
	<control>
		<type>image</type>
		<id>101</id>
		<posX>684</posX>
		<posY>901</posY>
		<width>315</width>
		<height>27</height>
		<texture>star#MovingPictures.SelectedMovie.score.rounded.png</texture>
		<visible>!Control.IsVisible(50)+!Control.IsVisible(51) + !Control.HasFocus(10003)</visible>
		<animation effect="fade" time="250">Visible</animation>
		<animation effect="fade" time="0">WindowClose</animation>
	</control>
	
	<control>
		<description>Score</description>
		<type>label</type>
		<label>#MovingPictures.SelectedMovie.score.localized</label>
		<id>0</id>
		<posX>1064</posX>
		<posY>896</posY>
		<width>185</width>
		<align>right</align>
		<font>fontB14</font>
		<textcolor>ffffff</textcolor>
		<visible>!Control.IsVisible(50)+!Control.IsVisible(51) + !Control.HasFocus(10003)</visible>
		<animation effect="fade" time="250">Visible</animation>
		<animation effect="fade" time="0">WindowClose</animation>
	</control>
    
	<!-- Description -->
    
	<control>
		<description>Description</description>
		<type>textboxscrollup</type>
		<id>0</id>
		<posX>585</posX>
		<posY>354</posY>
		<width>1039</width>
		<height>470</height>
		<textcolor>FFFFFFFF</textcolor>
        <font>AvalonLight14</font>
		<label>#MovingPictures.SelectedMovie.summary</label>
		<visible>Control.HasFocus(10001)</visible>
		<animation effect="fade" time="250">Visible</animation>
		<animation effect="fade" time="0">WindowClose</animation>			
	</control>
    
 	<!-- Technical Details -->
    
	<control Style="InfoLabelDetails">
		<type>label</type>
		<id>1</id>
		<posX>585</posX>
		<posY>356</posY>
		<label>#Avalon.VideoFormat</label>
		<visible>Control.HasFocus(10002)</visible>
		<animation effect="fade" time="250">Visible</animation>
		<animation effect="fade" time="0">WindowClose</animation>				
	</control>
		
 	<control Style="InfoValueDetails">
		<type>fadelabel</type>
		<id>1</id>
		<posX>840</posX>
		<posY>352</posY>
		<label>#MovingPictures.LocalMedia.videocodec</label>
		<visible>Control.HasFocus(10002)</visible>
		<animation effect="fade" time="250">Visible</animation>
		<animation effect="fade" time="0">WindowClose</animation>				
	</control>
 
	<control Style="InfoLabelDetails">
	   <type>label</type>
	   <id>1</id>
	   <posX>1142</posX>
	   <posY>356</posY>
	   <label>#Avalon.Aspectratio</label>
	   <visible>Control.HasFocus(10002)</visible>
		<animation effect="fade" time="250">Visible</animation>
		<animation effect="fade" time="0">WindowClose</animation>			
	</control>
		
 	<control Style="InfoValueDetails">
		<type>fadelabel</type>
		<id>1</id>
		<posX>1395</posX>
		<posY>352</posY>
		<label>#MovingPictures.LocalMedia.videoaspectratio</label>
		<visible>Control.HasFocus(10002)</visible>
		<animation effect="fade" time="250">Visible</animation>
		<animation effect="fade" time="0">WindowClose</animation>				
	</control>
    
	<control Style="InfoLabelDetails">
		<type>label</type>
		<id>1</id>
		<posX>585</posX>
		<posY>398</posY>
		<label>#Avalon.Resolution</label>
		<visible>Control.HasFocus(10002)</visible>
		<animation effect="fade" time="250">Visible</animation>
		<animation effect="fade" time="0">WindowClose</animation>				
	</control>
		
 	<control Style="InfoValueDetails">
		<type>fadelabel</type>
		<id>1</id>
		<posX>840</posX>
		<posY>394</posY>
		<label>#MovingPictures.LocalMedia.videoresolution</label>
		<visible>Control.HasFocus(10002)</visible>
		<animation effect="fade" time="250">Visible</animation>
		<animation effect="fade" time="0">WindowClose</animation>				
	</control>
    
	<control Style="InfoLabelDetails">
		<type>label</type>
		<id>1</id>
		<posX>585</posX>
		<posY>439</posY>
		<label>174</label>
		<label>#Avalon.Framerate</label>
		<visible>Control.HasFocus(10002)</visible>
		<animation effect="fade" time="250">Visible</animation>
		<animation effect="fade" time="0">WindowClose</animation>				
	</control>
		
	<control Style="InfoValueDetails">
		<type>fadelabel</type>
		<id>1</id>
		<posX>840</posX>
		<posY>435</posY>
		<label>#MovingPictures.LocalMedia.videoframerate fps</label>
		<visible>Control.HasFocus(10002)</visible>
		<animation effect="fade" time="250">Visible</animation>
		<animation effect="fade" time="0">WindowClose</animation>				
	</control>
    
	<control Style="InfoLabelDetails">
		<type>label</type>
		<id>1</id>
		<posX>585</posX>
		<posY>480</posY>
		<label>#Avalon.AudioFormat</label>
		<visible>Control.HasFocus(10002)</visible>
		<animation effect="fade" time="250">Visible</animation>
		<animation effect="fade" time="0">WindowClose</animation>				
	</control>
		
	<control Style="InfoValueDetails">
		<type>fadelabel</type>
		<id>1</id>
		<posX>840</posX>
		<posY>476</posY>
		<label>#MovingPictures.LocalMedia.audiocodec</label>
		<visible>Control.HasFocus(10002)</visible>
		<animation effect="fade" time="250">Visible</animation>
		<animation effect="fade" time="0">WindowClose</animation>				
	</control>
    
	<control Style="InfoLabelDetails">
		<type>label</type>
		<id>1</id>
		<posX>585</posX>
		<posY>521</posY>
		<label>#Avalon.AudioChannels</label>
		<visible>Control.HasFocus(10002)</visible>
		<animation effect="fade" time="250">Visible</animation>
		<animation effect="fade" time="0">WindowClose</animation>				
	</control>
		
	<control Style="InfoValueDetails">
		<type>fadelabel</type>
		<id>1</id>
		<posX>840</posX>
		<posY>517</posY>
		<label>#MovingPictures.LocalMedia.audiochannels</label>
		<visible>Control.HasFocus(10002)</visible>
		<animation effect="fade" time="250">Visible</animation>
		<animation effect="fade" time="0">WindowClose</animation>				
	</control>
 
	<control Style="InfoLabelDetails">
		<type>label</type>
		<id>1</id>
		<posX>585</posX>
		<posY>604</posY>
		<label>#Avalon.DateAdded</label>
		<visible>Control.HasFocus(10002)</visible>
		<animation effect="fade" time="250">Visible</animation>
		<animation effect="fade" time="0">WindowClose</animation>				
	</control>
		
	<control Style="InfoValueDetails">
		<type>fadelabel</type>
		<id>1</id>
		<posX>840</posX>
		<posY>600</posY>
		<label>#MovingPictures.SelectedMovie.date_added</label>
		<visible>Control.HasFocus(10002)</visible>
		<animation effect="fade" time="250">Visible</animation>
		<animation effect="fade" time="0">WindowClose</animation>				
	</control>
    
	<control Style="InfoLabelDetails">
		<type>label</type>
		<id>1</id>
		<posX>585</posX>
		<posY>645</posY>
		<label>#Avalon.MediaType</label>
		<visible>Control.HasFocus(10002)</visible>
		<animation effect="fade" time="250">Visible</animation>
		<animation effect="fade" time="0">WindowClose</animation>				
	</control>
		
	<control Style="InfoValueDetails">
		<type>fadelabel</type>
		<id>1</id>
		<posX>840</posX>
		<posY>641</posY>
		<label>#MovingPictures.LocalMedia.videoformat</label>
		<visible>Control.HasFocus(10002)</visible>
		<animation effect="fade" time="250">Visible</animation>
		<animation effect="fade" time="0">WindowClose</animation>				
	</control>
 
	<control Style="InfoLabelDetails">
		<type>label</type>
		<id>1</id>
	    <posX>1142</posX>
		<posY>604</posY>
		<label>#Avalon.WatchedCount</label>
		<visible>Control.HasFocus(10002)</visible>
		<animation effect="fade" time="250">Visible</animation>
		<animation effect="fade" time="0">WindowClose</animation>				
	</control>
		
	<control Style="InfoValueDetails">
		<type>fadelabel</type>
		<id>1</id>
	    <posX>1395</posX>
		<posY>600</posY>
		<label>#MovingPictures.UserMovieSettings.watched</label>
		<visible>Control.HasFocus(10002)</visible>
		<animation effect="fade" time="250">Visible</animation>
		<animation effect="fade" time="0">WindowClose</animation>				
	</control>
    
	<control Style="InfoLabelDetails">
		<type>label</type>
		<id>1</id>
		<posX>585</posX>
		<posY>730</posY>
		<label>#Avalon.InfoUrl</label>
		<visible>Control.HasFocus(10002)</visible>
		<animation effect="fade" time="250">Visible</animation>
		<animation effect="fade" time="0">WindowClose</animation>				
	</control>
		
	<control>
		<type>fadelabel</type>
		<id>1</id>
		<posX>840</posX>
		<posY>724</posY>
	    <width>770</width>
        <font>AvalonLight14</font>
        <textcolor>FFffffff</textcolor>
		<label>#MovingPictures.SelectedMovie.details_url</label>
		<visible>Control.HasFocus(10002)</visible>
		<animation effect="fade" time="250">Visible</animation>
		<animation effect="fade" time="0">WindowClose</animation>				
	</control>
    
	<control Style="InfoLabelDetails">
		<type>label</type>
		<id>1</id>
		<posX>585</posX>
		<posY>771</posY>
		<label>#Avalon.Source</label>
		<visible>Control.HasFocus(10002)</visible>
		<animation effect="fade" time="250">Visible</animation>
		<animation effect="fade" time="0">WindowClose</animation>				
	</control>
		
	<control>
		<type>fadelabel</type>
		<id>1</id>
		<posX>840</posX>
		<posY>775</posY>
	    <width>770</width>
        <font>AvalonLight14</font>
        <textcolor>FFffffff</textcolor>
		<label>#MovingPictures.LocalMedia.fullpath</label>
		<visible>Control.HasFocus(10002)</visible>
		<animation effect="fade" time="250">Visible</animation>
		<animation effect="fade" time="0">WindowClose</animation>				
	</control>
    
<!-- Fanart -->

	<control>
		<description>Fanart Overlay</description>
		<type>image</type>
		<id>0</id>
		<width>1518</width>
		<height>267</height>
		<posX>202</posX>		
		<posY>814</posY>		
		<texture>MyFilms_fanart info_panel.png</texture>
		<visible>Control.HasFocus(10003)</visible>
		<animation effect="fade" time="250">Visible</animation>
		<animation effect="fade" time="0">WindowClose</animation>				
	</control>

	<control>
		<type>label</type>
		<description>Title (Fanart View)</description>
		<id>1</id>
		<posX>0</posX>
		<posY>906</posY>
		<width>1920</width>
		<align>center</align>
		<font>fontB20</font>			
		<label>#MovingPictures.SelectedMovie.title</label>
		<visible>Control.HasFocus(10003)</visible>
		<animation effect="fade" time="250">Visible</animation>
		<animation effect="fade" time="0">WindowClose</animation>	
	</control> 
		
	<control>
		<type>label</type>
		<description>Year and Category (Fanart View)</description>
		<id>1</id>
		<posX>0</posX>
		<posY>956</posY>
		<width>1920</width>
		<align>center</align>
		<font>AvalonLight14</font>
		<textcolor>6aa5cb</textcolor>
		<label>#MovingPictures.SelectedMovie.year - #MovingPictures.SelectedMovie.runtime.totalminutes #Avalon.Minutes - #MovingPictures.SelectedMovie.extra.genres.1</label>
		<visible>Control.HasFocus(10003)</visible>
		<animation effect="fade" time="250">Visible</animation>
		<animation effect="fade" time="0">WindowClose</animation>	
	</control> 
	
    <control>
		<type>image</type>
		<id>1</id>
		<posX>772</posX>
		<posY>986</posY>
		<width>315</width>
		<height>27</height>
		<texture>star#MovingPictures.SelectedMovie.score.rounded.png</texture>
		<visible>Control.HasFocus(10003)</visible>
		<animation effect="fade" time="250">Visible</animation>
		<animation effect="fade" time="0">WindowClose</animation>
	</control>

	<control>
		<description>Rating Value</description>
		<type>label</type>
		<id>0</id>
		<posX>1108</posX>
		<posY>980</posY>
		<label>#MovingPictures.SelectedMovie.score.localized</label>
		<font>fontB14</font>
		<visible>Control.HasFocus(10003)</visible>
		<animation effect="fade" time="250">Visible</animation>
		<animation effect="fade" time="0">WindowClose</animation>				
	</control>
</controls>
</window>
