<?xml version="1.0" encoding="utf-8" standalone="yes"?>
<window>
	<controls>

	<!-- Videocodec -->
	<control>
		<description>Video</description>
		<type>image</type>
		<id>0</id>
		<posX>1213</posX>
		<posY>896</posY>
		<width>191</width>
		<height>41</height>
		<keepaspectratio>yes</keepaspectratio>
		<texture>Logos\video\#MovingPictures.LocalMedia.videoresolution #MovingPictures.LocalMedia.videocodec #MovingPictures.LocalMedia.videoaspectratio.png</texture>
		<visible>!Control.IsVisible(50)+ !Control.IsVisible(51) + !Control.HasFocus(10003)</visible>
 		<animation effect="fade" time="250">Visible</animation>
		<animation effect="fade" time="0">WindowClose</animation>
	</control>
	
	<!-- Audiocodec -->
	<control>
		<description>AC3 / 5.1</description>
		<type>image</type>
		<id>0</id>
		<posX>1425</posX>
		<posY>896</posY>
		<width>191</width>
		<height>41</height>
		<keepaspectratio>yes</keepaspectratio>
		<texture>Logos\audio\#MovingPictures.LocalMedia.audiocodec #MovingPictures.LocalMedia.audiochannels.png</texture>
		<visible>!Control.IsVisible(50)+ !Control.IsVisible(51) + !Control.HasFocus(10003)</visible>
 		<animation effect="fade" time="250">Visible</animation>
		<animation effect="fade" time="0">WindowClose</animation>
	</control>
		
	<!-- Source -->
	<control>
		<description>BluRay</description>
		<type>image</type>
		<id>0</id>
		<posX>1118</posX>
		<posY>896</posY>
		<height>41</height>
		<keepaspectratio>yes</keepaspectratio>
		<texture>Logos\source\bluray.png</texture>
		<visible>!Control.IsVisible(50)+ !Control.IsVisible(51) + !Control.HasFocus(10003) + [string.contains(#MovingPictures.LocalMedia.videoresolution,720p)|string.contains(#MovingPictures.LocalMedia.videoresolution,1080p)]</visible>
 		<animation effect="fade" time="250">Visible</animation>
		<animation effect="fade" time="0">WindowClose</animation>
	</control>
	
	<control>
		<description>DVD</description>
		<type>image</type>
		<id>0</id>
		<posX>1118</posX>
		<posY>896</posY>
		<height>41</height>
		<keepaspectratio>yes</keepaspectratio>
		<texture>Logos\source\dvd.png</texture>
		<visible>!Control.IsVisible(50)+ !Control.IsVisible(51) + !Control.HasFocus(10003) + [string.contains(#MovingPictures.LocalMedia.videoresolution,SD)]</visible>
 		<animation effect="fade" time="250">Visible</animation>
		<animation effect="fade" time="0">WindowClose</animation>
	</control>

	<!-- Subtitle -->
	<control>
		<type>image</type>
		<id>0</id>
		<posX>1558</posX>
		<posY>900</posY>
		<width>36</width>
		<height>37</height>
		<texture>Logos\#MovingPictures.LocalMedia.Subtitles.png</texture>
		<visible>!Control.IsVisible(50)+ !Control.IsVisible(51) + !Control.HasFocus(10003)</visible>
 		<animation effect="fade" time="250">Visible</animation>
		<animation effect="fade" time="0">WindowClose</animation>
	</control>
	
	<control>
		<type>image</type>
		<id>0</id>
		<posX>1558</posX>
		<posY>900</posY>
		<width>36</width>
		<height>37</height>
		<texture>Logos\#MovingPictures.LocalMedia.Subtitles.png</texture>
		<visible>!Control.IsVisible(50)+ !Control.IsVisible(51) + !Control.HasFocus(10003)</visible>
 		<animation effect="fade" time="250">Visible</animation>
		<animation effect="fade" time="0">WindowClose</animation>
	</control>
	
	</controls>
</window>