﻿<?xml version="1.0" encoding="utf-8"?>
<window>
  <id>96743</id>
  <defaultcontrol>310</defaultcontrol>
  <allowoverlay>yes</allowoverlay>
  <disabletopbar>no</disabletopbar>
  <define>#header.label:#MovingPictures.Translation.Importer.Label</define>
  <controls>
    <control>
      <description>DEFAULT BACKGROUND</description>
      <type>image</type>
      <id>0</id>
      <posX>0</posX>
      <posY>0</posY>
      <width>1920</width>
      <height>1080</height>
      <texture>background.png</texture>
      <shouldCache>true</shouldCache>
    </control>
		<control>
      <description>Movie Backdrop (Fan Art) - Plug-in sets to invisible, if no art.</description>
      <type>image</type>
      <id>400</id>
      <posX>0</posX>
      <posY>0</posY>
      <width>1920</width>
      <height>1080</height>
      <texture>#MovingPictures.Backdrop</texture>
      <animation effect="fade" time="150">visible</animation>
      <animation effect="fade" time="150">hidden</animation>
    </control>
    <control>
      <description>Alternate Movie Backdrop - Toggles Load with Component 400 for animations on visibiltiy</description>
      <type>image</type>
      <id>401</id>
      <posX>0</posX>
      <posY>0</posY>
      <width>1920</width>
      <height>1080</height>
      <texture>#MovingPictures.Backdrop2</texture>
      <animation effect="fade" time="150">visible</animation>
      <animation effect="fade" time="150">hidden</animation>
    </control>
    <control>
      <description>background listview</description>
      <type>image</type>
      <id>0</id>
      <posX>0</posX>
      <posY>0</posY>
      <width>1920</width>
      <height>219</height>
      <texture>fanart_overlay_top.png</texture>
      <animation effect="fade" time="250">WindowOpen</animation>
      <animation effect="fade" time="250">WindowClose</animation>
    </control>
    <control>
      <id>0</id>
      <type>image</type>
      <posX>60</posX>
      <posY>34</posY>
      <width>68</width>
      <height>60</height>
      <texture>icon_movies.png</texture>
      <animation effect="fade" time="250">WindowOpen</animation>
      <animation effect="fade" time="250">WindowClose</animation>
    </control>
    <control>
      <type>image</type>
      <id>0</id>
			<posX>10</posX>
			<posY>145</posY>
			<width>1903</width>
			<height>897</height>
      <texture>panel_movingpictures_importer.png</texture>
      <animation effect="fade" time="250">WindowOpen</animation>
      <animation effect="fade" time="250">WindowClose</animation>
    </control>
		<control>
			<description>files label</description>
			<type>label</type>
			<id>0</id>
			<label>Files</label>
			<posX>235</posX>
			<posY>234</posY>
			<align>left</align>
			<textcolor>FF00b7ff</textcolor>
			<font>font22</font>
			<animation effect="fade" time="100">Hidden</animation>
			<animation effect="fade" delay="100" time="100">Visible</animation>
			<animation effect="fade" time="250">WindowOpen</animation>
			<animation effect="fade" time="250">WindowClose</animation>
		</control>	
		<control>
			<description>possible matches label</description>
			<type>label</type>
			<id>0</id>
			<label>#MovingPictures.Translation.PossibleMatches.Label</label>
			<posX>1830</posX>
			<posY>234</posY>
			<align>right</align>
			<textcolor>FF00b7ff</textcolor>
			<font>font22</font>
			<animation effect="fade" time="100">Hidden</animation>
			<animation effect="fade" delay="100" time="100">Visible</animation>
			<animation effect="fade" time="250">WindowOpen</animation>
			<animation effect="fade" time="250">WindowClose</animation>
		</control>	
    <control>
      <description>all files list</description>
      <type>listcontrol</type>
      <id>310</id>
      <scrollOffset>1</scrollOffset>
      <posX>149</posX>
      <posY>331</posY>
      <height>700</height>
      <width>1658</width>
			<textcolor>FF85cffe</textcolor>
			<textcolor2>FF85cffe</textcolor2>
			<textcolor3>FF85cffe</textcolor3>
      <textXOff>79</textXOff>
      <textXOff2>1688</textXOff2>
      <textXOff3>2500</textXOff3>
			<font2>TitanLight12</font2>
			<textpadding>40</textpadding>
      <PinIconXOff>0</PinIconXOff>
      <PinIconYOff>8</PinIconYOff>
      <IconYOff>5000</IconYOff>
      <dimColor>ffffffff</dimColor>
      <textureFocus>movingpictures_importer_list_focus.png</textureFocus>
      <textureNoFocus>-</textureNoFocus>
      <spinPosX>1828</spinPosX>
      <spinPosY>1000</spinPosY>
			<onright>311</onright>
			<onleft>310</onleft>
			<visible allowhiddenfocus="true">string.equals(#MovingPictures.Importer.ListMode.Flag,ALL)</visible>
			<animation effect="fade" time="100">Hidden</animation>
			<animation effect="fade" delay="100" time="100">Visible</animation>
      <animation effect="fade" time="250">WindowOpen</animation>
      <animation effect="fade" time="250">WindowClose</animation>
    </control>
		<control>
			<description>pending List</description>
			<type>listcontrol</type>
			<id>311</id>
			<scrollOffset>1</scrollOffset>
			<posX>149</posX>
			<posY>331</posY>
			<height>700</height>
			<width>1658</width>
			<textcolor>FF85cffe</textcolor>
			<textcolor2>FF85cffe</textcolor2>
			<textcolor3>FF85cffe</textcolor3>
			<textXOff>79</textXOff>
			<textXOff2>1688</textXOff2>
			<textXOff3>2500</textXOff3>
			<font2>TitanLight12</font2>
			<textpadding>40</textpadding>
			<PinIconXOff>0</PinIconXOff>
			<PinIconYOff>8</PinIconYOff>
			<IconYOff>5000</IconYOff>
			<dimColor>ffffffff</dimColor>
			<textureFocus>movingpictures_importer_list_focus.png</textureFocus>
			<textureNoFocus>-</textureNoFocus>
			<spinPosX>1828</spinPosX>
			<spinPosY>1000</spinPosY>
			<onright>312</onright>
			<onleft>310</onleft>
			<visible allowhiddenfocus="true">string.equals(#MovingPictures.Importer.ListMode.Flag,PENDING)</visible>
			<animation effect="fade" time="100">Hidden</animation>
			<animation effect="fade" delay="100" time="100">Visible</animation>
			<animation effect="fade" time="250">WindowOpen</animation>
			<animation effect="fade" time="250">WindowClose</animation>
		</control>
		<control>
			<description>complete List</description>
			<type>listcontrol</type>
			<id>312</id>
			<scrollOffset>1</scrollOffset>
			<posX>149</posX>
			<posY>331</posY>
			<height>700</height>
			<width>1658</width>
			<textcolor>FF85cffe</textcolor>
			<textcolor2>FF85cffe</textcolor2>
			<textcolor3>FF85cffe</textcolor3>
			<textXOff>79</textXOff>
			<textXOff2>1688</textXOff2>
			<textXOff3>2500</textXOff3>
			<font2>TitanLight12</font2>
			<textpadding>40</textpadding>
			<PinIconXOff>0</PinIconXOff>
			<PinIconYOff>8</PinIconYOff>
			<IconYOff>5000</IconYOff>
			<dimColor>ffffffff</dimColor>
			<textureFocus>movingpictures_importer_list_focus.png</textureFocus>
			<textureNoFocus>-</textureNoFocus>
			<spinPosX>1828</spinPosX>
			<spinPosY>1000</spinPosY>
			<onleft>311</onleft>
			<onright>312</onright>
			<visible allowhiddenfocus="true">string.equals(#MovingPictures.Importer.ListMode.Flag,COMPLETED)</visible>
			<animation effect="fade" time="100">Hidden</animation>
			<animation effect="fade" delay="100" time="100">Visible</animation>
			<animation effect="fade" time="250">WindowOpen</animation>
			<animation effect="fade" time="250">WindowClose</animation>
			</control>
    <!--<control>
      <description>status label</description>
      <type>label</type>
      <id>0</id>
      <posX>140</posX>
      <posY>994</posY>
      <label>#MovingPictures.Importer.Status</label>
      <align>left</align>
    </control>
    <control>
      <description>single file label - can be used instead of the below three. simpler but no animation</description>
      <type>label</type>
      <id>0</id>
      <label>#MovingPictures.Importer.ListMode.Label</label>
      <align>left</align>
  	  <posX>145</posX>
      <posY>100</posY>
      <font>TitanLight12</font>
    </control-->
		
	  <control>
      <type>image</type>
      <id>0</id>
			<posX>1890</posX>
			<posY>528</posY>
			<width>30</width>
			<height>149</height>
      <texture>myfilms_details_next.png</texture>
			<visible>string.equals(#MovingPictures.Importer.ListMode.Flag,ALL)|string.equals(#MovingPictures.Importer.ListMode.Flag,PENDING)</visible>
    </control>
		
	  <control>
      <type>image</type>
      <id>0</id>
			<posX>0</posX>
			<posY>528</posY>
			<width>30</width>
			<height>149</height>
      <texture>myfilms_details_prev.png</texture>
			<visible>string.equals(#MovingPictures.Importer.ListMode.Flag,PENDING)|string.equals(#MovingPictures.Importer.ListMode.Flag,COMPLETED)</visible>
    </control>
		
		<control>
      <description>all files label</description>
      <type>label</type>
      <id>0</id>
      <label>#MovingPictures.Translation.AllFiles.Label</label>
			<posX>72</posX>
      <posY>94</posY>
      <align>left</align>
      <textcolor>FFFFFFFF</textcolor>
      <font>TitanLight12</font>
			<visible>string.equals(#MovingPictures.Importer.ListMode.Flag,ALL)</visible>
			<animation effect="fade" time="100">Hidden</animation>
			<animation effect="fade" delay="100" time="100">Visible</animation>
      <animation effect="fade" time="250">WindowOpen</animation>
      <animation effect="fade" time="250">WindowClose</animation>  
    </control>
		<control>
      <description>pending files label</description>
      <type>label</type>
      <id>0</id>
      <label>#MovingPictures.Translation.FilesNeedingAttention.Label</label>
			<posX>72</posX>
      <posY>94</posY>
      <align>left</align>
      <textcolor>FFFFFFFF</textcolor>
      <font>TitanLight12</font>
			<visible>string.equals(#MovingPictures.Importer.ListMode.Flag,PENDING)</visible>
			<animation effect="fade" time="100">Hidden</animation>
			<animation effect="fade" delay="100" time="100">Visible</animation>
      <animation effect="fade" time="250">WindowOpen</animation>
      <animation effect="fade" time="250">WindowClose</animation>
    </control>
		<control>
      <description>completed files label</description>
      <type>label</type>
      <id>0</id>
      <label>#MovingPictures.Translation.CompletedFiles.Label</label>
			<posX>72</posX>
      <posY>94</posY>
      <align>left</align>
      <textcolor>FFFFFFFF</textcolor>
      <font>TitanLight12</font>
			<visible>string.equals(#MovingPictures.Importer.ListMode.Flag,COMPLETED)</visible>
			<animation effect="fade" time="100">Hidden</animation>
			<animation effect="fade" delay="100" time="100">Visible</animation>
      <animation effect="fade" time="250">WindowOpen</animation>
      <animation effect="fade" time="250">WindowClose</animation>
    </control>

    <control>
      <description>group element</description>
      <type>group</type>
      <animation effect="fade" time="250">WindowOpen</animation>
      <animation effect="fade" time="250">WindowClose</animation>
      <dimColor>0xffffffff</dimColor>		
			 
	  <control>
      <type>image</type>
      <id>0</id>
			<posX>816</posX>
			<posY>251</posY>
      <texture>movingpictures_done.png</texture>
    </control>
	  <control>
      <description>processing label</description>
      <type>label</type>
      <id>0</id>
			<posX>862</posX>
			<posY>256</posY>
      <label>#MovingPictures.Importer.Done.Count</label>
      <align>left</align>
      <font>TitanLight12</font>
			<textcolor>FF00b7ff</textcolor>
    </control>
  	  <control>
      <type>image</type>
      <id>0</id>
			<posX>918</posX>
			<posY>251</posY>
      <texture>movingpictures_needinput.png</texture>
    </control>
    <control>
      <description>needs attention label</description>
      <type>label</type>
			<id>0</id>
			<posX>962</posX>
			<posY>256</posY>
      <label>#MovingPictures.Importer.NeedInput.Count</label>
      <align>left</align>
			<font>TitanLight12</font>
			<textcolor>FF00b7ff</textcolor>
     </control>
  	 <control>
      <type>image</type>
      <id>0</id>
			<posX>1016</posX>
			<posY>252</posY>
      <texture>movingpictures_processing.png</texture>
    </control>
    <control>
      <description>completed label</description>
      <type>label</type>
      <id>0</id>
			<posX>1060</posX>
			<posY>256</posY>
      <label>#MovingPictures.Importer.Processing.Count</label>
      <align>left</align>
      <font>TitanLight12</font>
			<textcolor>FF00b7ff</textcolor>
    </control>
	</control>
	<control>
    <description>progress count</description>
    <type>label</type>
    <id>0</id>
    <label>#MovingPictures.Importer.Status (#MovingPictures.Importer.CurrentTask.Count/#MovingPictures.Importer.CurrentTask.Total)</label>
	  <posX>96</posX>
    <posY>998</posY>
    <align>left</align>
    <font>TitanLight12</font>
    <textcolor>000000</textcolor>
	  <visible>!string.equals(#MovingPictures.Importer.Status,)</visible>
	  <animation effect="fade" time="100">Hidden</animation>
	  <animation effect="fade" delay="100" time="100">Visible</animation>
    <animation effect="fade" time="250">WindowOpen</animation>
    <animation effect="fade" time="250">WindowClose</animation>
  </control>
	
  <import>common.time.xml</import>
  <import>common.overlay.xml</import>
	
	<control>
    <description>Playback Indicator</description>
    <type>image</type>
    <id>18</id>
    <posX>0</posX>
    <posY>0</posY>
    <width>1920</width>
    <height>1080</height>
    <texture>black.png</texture>
    <colordiffuse>50fefaff</colordiffuse>
  </control>
  </controls>
</window>