﻿<window>
  <id>3847</id>
  <defaultcontrol>2</defaultcontrol>
  <allowoverlay>no</allowoverlay>
  <controls>

    <import>common.time.xml</import>

    <control>
      <description>BG</description>
      <type>image</type>
      <id>100</id>
      <width>1920</width>
      <height>1080</height>
      <texture>background.png</texture> 
    </control>

	<control>
		<description>background listview</description>
		<type>image</type>
		<id>0</id>
		<posX>0</posX>
        <posY>0</posY>
		<width>1920</width>
		<height>1080</height>
		<texture>overlay.png</texture>
	</control>
	
	<control>
		<description>viewport list</description>
		<type>image</type>
		<id>0</id>
		<posX>0</posX>
		<posY>92</posY>
		<width>1893</width>
		<height>795</height>
		<texture>viewport_onlinevideos.png</texture>
		<animation effect="fade" time="250">WindowOpen</animation>
		<animation effect="fade" time="250">WindowClose</animation>
		<animation effect="slide" time="250" start="-1890,0">WindowOpen</animation>
		<animation effect="slide" time="250" end="-1890,0">WindowClose</animation>
	</control>

    <control>
        <description>Page Title</description>
        <type>label</type>
        <id>19</id>
		<posX>185</posX>
		<posY>38</posY>
        <label>#PageTitle</label>
		<textcolor>6aa5cb</textcolor>
		<font>font22</font>
		<animation effect="fade" start="0" end="100" time="300" delay="350">WindowOpen</animation>
		<animation effect="fade" start="100" end="0" time="0" delay="0">WindowClose</animation>
    </control>
    
    <import>common.time.xml</import>

        <control>
            <description>Refresh</description>
            <type>button</type>
            <id>1</id>
    		<posX>130</posX>
    		<posY>156</posY>
            <label>Refresh</label>
            <onright>50</onright>
            <ondown>2</ondown>
		    <animation effect="fade" start="0" end="100" time="300" delay="350">WindowOpen</animation>
		    <animation effect="fade" start="100" end="0" time="0" delay="0">WindowClose</animation>
        </control>
    
        <control>
            <description>Feeds</description>
            <type>button</type>
            <id>2</id>
    		<posX>130</posX>
    		<posY>220</posY>
            <label>Feeds</label>
            <onright>50</onright>
            <onup>1</onup>
            <ondown>3</ondown>
		    <animation effect="fade" start="0" end="100" time="300" delay="350">WindowOpen</animation>
		    <animation effect="fade" start="100" end="0" time="0" delay="0">WindowClose</animation>
        </control>
    
        <control>
            <description>Groups</description>
            <type>button</type>
            <id>3</id>
    		<posX>130</posX>
    		<posY>284</posY>
            <label>Groups</label>
            <onright>50</onright>
            <onup>2</onup>
            <ondown>4</ondown>
		    <animation effect="fade" start="0" end="100" time="300" delay="350">WindowOpen</animation>
		    <animation effect="fade" start="100" end="0" time="0" delay="0">WindowClose</animation>
        </control>
    
        <control>
            <description>Search</description>
            <type>button</type>
            <id>4</id>
    		<posX>130</posX>
    		<posY>348</posY>
            <label>Search</label>
            <onright>50</onright>
            <onup>3</onup>
            <ondown>5</ondown>
		    <animation effect="fade" start="0" end="100" time="300" delay="350">WindowOpen</animation>
		    <animation effect="fade" start="100" end="0" time="0" delay="0">WindowClose</animation>
        </control>
    
        <control>
            <description>Job Queue</description>
            <type>button</type>
            <id>5</id>
    	    <posX>130</posX>
    		<posY>412</posY>
            <label>Job Queue</label>
            <onright>50</onright>
            <onup>4</onup>
            <ondown>7</ondown>
		    <animation effect="fade" start="0" end="100" time="300" delay="350">WindowOpen</animation>
		    <animation effect="fade" start="100" end="0" time="0" delay="0">WindowClose</animation>
        </control>
    
        <control>
            <description>History</description>
            <type>button</type>
            <id>7</id>
    	    <posX>130</posX>
    		<posY>476</posY>
            <label>History</label>
            <onright>50</onright>
            <onup>5</onup>
            <ondown>6</ondown>
		    <animation effect="fade" start="0" end="100" time="300" delay="350">WindowOpen</animation>
		    <animation effect="fade" start="100" end="0" time="0" delay="0">WindowClose</animation>
        </control>
    
        <control>
            <description>Pause Queue</description>
            <type>togglebutton</type>
            <id>6</id>
    	    <posX>130</posX>
    		<posY>540</posY>
            <label>Pause Queue</label>
            <onright>50</onright>
            <onup>7</onup>
            <ondown>2</ondown>
		    <animation effect="fade" start="0" end="100" time="300" delay="350">WindowOpen</animation>
		    <animation effect="fade" start="100" end="0" time="0" delay="0">WindowClose</animation>
        </control>

        <control>
            <description>Paused</description>
            <type>label</type>
            <id>6</id>
        	<posX>240</posX>
        	<posY>620</posY>
            <label>Paused:</label>
            <align>Right</align>
            <font>AvalonLight12</font>
            <textcolor>ff6aa5cb</textcolor>
		    <animation effect="fade" start="0" end="100" time="300" delay="350">WindowOpen</animation>
		    <animation effect="fade" start="100" end="0" time="0" delay="0">WindowClose</animation>
        </control>

        <control>
            <description>Paused</description>
            <type>label</type>
            <id>7</id>
            <posX>247</posX>
        	<posY>620</posY>
            <label>#Paused</label>
            <align>Left</align>
            <font>AvalonLight12</font>
            <textcolor>ffffffff</textcolor>
		    <animation effect="fade" start="0" end="100" time="300" delay="350">WindowOpen</animation>
		    <animation effect="fade" start="100" end="0" time="0" delay="0">WindowClose</animation> 
        </control>

        <control>
            <description>Speed</description>
            <type>label</type>
            <id>8</id>
        	<posX>240</posX>
        	<posY>650</posY>
            <label>Speed:</label>
            <align>Right</align> 
            <font>AvalonLight12</font>
            <textcolor>ff6aa5cb</textcolor>
		    <animation effect="fade" start="0" end="100" time="300" delay="350">WindowOpen</animation>
		    <animation effect="fade" start="100" end="0" time="0" delay="0">WindowClose</animation>
        </control>

        <control>
            <description>Speed</description>
            <type>label</type>
            <id>9</id>
            <posX>247</posX>
        	<posY>650</posY>
            <label>#KBps</label>
            <align>Left</align> 
            <font>AvalonLight12</font>
            <textcolor>ffffffff</textcolor>
		    <animation effect="fade" start="0" end="100" time="300" delay="350">WindowOpen</animation>
		    <animation effect="fade" start="100" end="0" time="0" delay="0">WindowClose</animation> 
        </control>

        <control>
            <description>Queued</description>
            <type>label</type>
            <id>10</id>
        	<posX>240</posX>
        	<posY>680</posY>
            <label>Queued:</label>
            <align>Right</align> 
            <font>AvalonLight12</font>
            <textcolor>ff6aa5cb</textcolor>
		    <animation effect="fade" start="0" end="100" time="300" delay="350">WindowOpen</animation>
		    <animation effect="fade" start="100" end="0" time="0" delay="0">WindowClose</animation>
        </control>
    
        <control>
            <description>Queued</description>
            <type>label</type>
            <id>11</id>
            <posX>247</posX>
        	<posY>680</posY>
            <label>#MBStatus</label>
            <align>Left</align> 
            <font>AvalonLight12</font>
            <textcolor>ffffffff</textcolor> 
		    <animation effect="fade" start="0" end="100" time="300" delay="350">WindowOpen</animation>
		    <animation effect="fade" start="100" end="0" time="0" delay="0">WindowClose</animation>
        </control>

        <control>
            <description>Job Count</description>
            <type>label</type>
            <id>12</id>
        	<posX>240</posX>
        	<posY>710</posY>
            <label>Count:</label>
            <align>Right</align>
            <font>AvalonLight12</font>
            <textcolor>ff6aa5cb</textcolor>
		    <animation effect="fade" start="0" end="100" time="300" delay="350">WindowOpen</animation>
		    <animation effect="fade" start="100" end="0" time="0" delay="0">WindowClose</animation>
        </control>
    
        <control>
            <description>Job Count</description>
            <type>label</type>
            <id>13</id>
            <posX>247</posX>
        	<posY>710</posY>
            <label>#JobCount</label>
            <align>Left</align>
            <font>AvalonLight12</font>
            <textcolor>ffffffff</textcolor> 
		    <animation effect="fade" start="0" end="100" time="300" delay="350">WindowOpen</animation>
		    <animation effect="fade" start="100" end="0" time="0" delay="0">WindowClose</animation>
        </control>

        <control>
            <description>Disk Space 1</description>
            <type>label</type>
            <id>14</id>
        	<posX>240</posX>
        	<posY>740</posY>
            <label>D/L DIR:</label>
            <align>Right</align>
            <font>AvalonLight12</font>
            <textcolor>ff6aa5cb</textcolor>
		    <animation effect="fade" start="0" end="100" time="300" delay="350">WindowOpen</animation>
		    <animation effect="fade" start="100" end="0" time="0" delay="0">WindowClose</animation>
        </control>
    
        <control>
            <description>Disk Space 1</description>
            <type>label</type>
            <id>15</id>
            <posX>247</posX>
        	<posY>740</posY>
            <label>#DiskSpace1</label>
            <align>Left</align>
            <font>AvalonLight12</font>
            <textcolor>ffffffff</textcolor> 
		    <animation effect="fade" start="0" end="100" time="300" delay="350">WindowOpen</animation>
		    <animation effect="fade" start="100" end="0" time="0" delay="0">WindowClose</animation>
        </control>
    
        <control>
            <description>Disk Space 2</description>
            <type>label</type>
            <id>16</id>
        	<posX>240</posX>
        	<posY>770</posY>
            <label>Temp DIR:</label>
            <align>Right</align> 
            <font>AvalonLight12</font>
            <textcolor>ff6aa5cb</textcolor>
		    <animation effect="fade" start="0" end="100" time="300" delay="350">WindowOpen</animation>
		    <animation effect="fade" start="100" end="0" time="0" delay="0">WindowClose</animation>
        </control>
    
        <control>
            <description>Disk Space 2</description>
            <type>label</type>
            <id>17</id>
            <posX>247</posX>
        	<posY>770</posY>
            <label>#DiskSpace2</label>
            <align>Left</align> 
            <font>AvalonLight12</font>
            <textcolor>ffffffff</textcolor> 
		    <animation effect="fade" start="0" end="100" time="300" delay="350">WindowOpen</animation>
		    <animation effect="fade" start="100" end="0" time="0" delay="0">WindowClose</animation>
        </control>

        <control>
            <description>Time Left</description>
            <type>label</type>
            <id>18</id>
        	<posX>240</posX>
        	<posY>800</posY>
            <label>ETA:</label>
            <align>Right</align> 
            <font>AvalonLight12</font>
            <textcolor>ff6aa5cb</textcolor>
		    <animation effect="fade" start="0" end="100" time="300" delay="350">WindowOpen</animation>
		    <animation effect="fade" start="100" end="0" time="0" delay="0">WindowClose</animation>
        </control>

        <control>
            <description>Time Left</description>
            <type>label</type>
            <id>19</id>
            <posX>247</posX>
        	<posY>800</posY>
            <label>#TimeLeft</label>
            <align>Left</align> 
            <font>AvalonLight12</font>
            <textcolor>ffffffff</textcolor>
		    <animation effect="fade" start="0" end="100" time="300" delay="350">WindowOpen</animation>
		    <animation effect="fade" start="100" end="0" time="0" delay="0">WindowClose</animation> 
        </control>
    
    	<control>
    		<description>RSS background</description>
    		<type>image</type>
    		<id>0</id>
    		<posX>0</posX>
    		<posY>829</posY>
    		<width>1865</width>
    		<height>96</height>
    		<texture>basichome_rss_bg.png</texture>
    		<animation effect="fade" start="0" end="100" time="300" delay="350">WindowOpen</animation>
    		<animation effect="fade" start="100" end="0" time="0" delay="0">WindowClose</animation>
    	</control>

    <control>
      <type>group</type>
      <description>Content</description>
	  <dimColor>ffffffff</dimColor>
		    <animation effect="fade" start="0" end="100" time="300" delay="350">WindowOpen</animation>
		    <animation effect="fade" start="100" end="0" time="0" delay="0">WindowClose</animation>

      <control>
		  <description>listcontrol</description>
		  <type>listcontrol</type>
		  <id>50</id>
		  <onleft>2</onleft>
		  <onright>2</onright>
		  <scrollOffset>1</scrollOffset>
		  <posX>678</posX>
    	  <posY>153</posY>
    	  <height>750</height>
    	  <width>1152</width>
		  <textXOff>50</textXOff>
		  <textXOff2>1152</textXOff2>
		  <textureHeight>55</textureHeight>
		  <spinCanFocus>no</spinCanFocus>
		  <textureFocus>listcontrol_item_selected_wide.png</textureFocus>
      </control>

      <control>
            <description>Status</description>
            <type>label</type>
            <id>51</id>
            <label>Status:</label>
            <posX>714</posX>
            <posY>875</posY>
            <align>left</align>
            <font>AvalonLight12</font>
            <textcolor>6aa5cb</textcolor>
		    <animation effect="fade" start="0" end="100" time="300" delay="350">WindowOpen</animation>
		    <animation effect="fade" start="100" end="0" time="0" delay="0">WindowClose</animation>
      </control>

      <control>
            <description>Status</description>
            <type>label</type>
            <id>52</id>
            <label>#Status</label>
            <posX>810</posX>
            <posY>875</posY>
            <align>left</align>
            <font>AvalonLight12</font>
            <textcolor>6aa5cb</textcolor>
		    <animation effect="fade" start="0" end="100" time="300" delay="350">WindowOpen</animation>
		    <animation effect="fade" start="100" end="0" time="0" delay="0">WindowClose</animation>
      </control>
    </control>

  </controls>
</window>