﻿<?xml version="1.0" encoding="utf-8" standalone="yes"?>
<window>
  <id>803</id>
  <defaultcontrol>50</defaultcontrol>
  <allowoverlay>yes</allowoverlay>
  <controls>
  
	<control>
		<description>BG</description>
		<type>image</type>
		<id>1</id>
		<width>1920</width>
		<height>1080</height>
		<texture>background.png</texture>
	</control>
	
	<control>
		<description>background listview</description>
		<type>image</type>
		<id>1</id>
		<posX>0</posX>
        <posY>0</posY>
		<width>1920</width>
		<height>1080</height>
		<texture>overlay.png</texture>
	</control>
	
	<control>
		<description>viewport list</description>
		<type>image</type>
		<id>0</id>
		<posX>0</posX>
		<posY>92</posY>
		<width>1893</width>
		<height>795</height>
		<texture>viewport_onlinevideos.png</texture>
		<animation effect="fade" time="250">WindowOpen</animation>
		<animation effect="fade" time="250">WindowClose</animation>
		<animation effect="slide" time="250" start="-1890,0">WindowOpen</animation>
		<animation effect="slide" time="250" end="-1890,0">WindowClose</animation>
	</control>
    
	<control>
		<description>RSS background</description>
		<type>image</type>
		<id>0</id>
		<posX>0</posX>
		<posY>829</posY>
		<width>1865</width>
		<height>96</height>
		<texture>basichome_rss_bg.png</texture>
		<animation effect="fade" start="0" end="100" time="300" delay="350">WindowOpen</animation>
		<animation effect="fade" start="100" end="0" time="0" delay="0">WindowClose</animation>
	</control>

	<control>
		<animation effect="fade" time="250">WindowOpen</animation>
		<animation effect="fade" time="250">WindowClose</animation>
		<type>label</type>
		<id>1</id>
		<posX>185</posX>
		<posY>38</posY>
		<width>500</width>
		<label>14001</label>
		<textcolor>6aa5cb</textcolor>
		<font>font22</font>
	</control>	
	
    <import>common.time.xml</import>
		
	<control>
		<type>group</type>
		<description>group element</description>
		<animation effect="fade" start="0" end="100" time="300" delay="350">WindowOpen</animation>
		<animation effect="fade" start="100" end="0" time="0" delay="0">WindowClose</animation>
				
        <control>
            <id>2</id>
            <description>Sections</description>
            <type>button</type>
            <onup>3</onup>
			<ondown>3</ondown>
			<onright>50</onright>
			<onleft>50</onleft>	
    		<posX>130</posX>
    		<posY>156</posY>
            <label>#MPEI.Translation.Sections.Label</label>
        </control>
		
        <control>
            <id>3</id>
            <description>Restore Defaults</description>
            <type>button</type>
            <onup>2</onup>
			<ondown>2</ondown>
			<onright>50</onright>
			<onleft>50</onleft>	
    		<posX>130</posX>
    		<posY>220</posY>
            <label>#MPEI.Translation.RestoreDefaults.Label</label>
        </control>
    </control>
			
    <control>
      <description>group element</description>
      <type>group</type>
      <visible>!Control.HasFocus(50)</visible>
	  <animation effect="fade" start="0" end="100" time="300" delay="350">WindowOpen</animation>
	  <animation effect="fade" start="100" end="0" time="0" delay="0">WindowClose</animation>
	  
      <control>
        <description>composite control consisting of a list control and a thumbnail panel</description>
        <type>facadeview</type>
        <id>50</id>
			<control>
				<description>listcontrol</description>
				<type>listcontrol</type>
				<id>50</id>
				<onleft>2</onleft>
				<onright>2</onright>
				<scrollOffset>1</scrollOffset>
				<posX>678</posX>
    			<posY>370</posY>
    			<height>530</height>
    			<width>1152</width>
				<textXOff>50</textXOff>
				<textXOff2>1152</textXOff2>
				<textureHeight>55</textureHeight>
				<spinCanFocus>no</spinCanFocus>
				<textureFocus>listcontrol_item_selected_wide.png</textureFocus>
				<dimColor>ffffffff</dimColor>
			</control>
      </control>
    </control>

	 <control>
            <type>fadelabel</type>
    		<posX>745</posX>
    		<posY>162</posY>
    		<width>1170</width>
    		<textcolor>6aa5cb</textcolor>
    		<font>fontB20</font>
            <label>#MPE.Selected.Name</label>
			<animation effect="fade" start="0" end="100" time="300" delay="350">WindowOpen</animation>
			<animation effect="fade" start="100" end="0" time="0" delay="0">WindowClose</animation>
        </control>
		
		 <control>
            <type>image</type>
     		<posX>1600</posX>
    		<posY>162</posY>
            <width>200</width>
            <height>200</height>
            <texture>#MPE.Selected.Icon</texture>
            <keepaspectratio>yes</keepaspectratio>
			<animation effect="fade" start="0" end="100" time="300" delay="350">WindowOpen</animation>
			<animation effect="fade" start="100" end="0" time="0" delay="0">WindowClose</animation>
        </control>
		
	<import>common.overlay.home.xml</import>

  </controls>
</window>