<?xml version="1.0" encoding="utf-8" standalone="yes"?>
<window>
    <id>804</id>
    <defaultcontrol>2</defaultcontrol>
    <allowoverlay>yes</allowoverlay>
    <controls>
	
	<control>
		<description>BG</description>
		<type>image</type>
		<id>1</id>
		<width>1920</width>
		<height>1080</height>
		<texture>background.png</texture>
	</control>
		
    	<control>
    		<description>viewport list</description>
    		<type>image</type>
    		<id>0</id>
    		<posX>0</posX>
    		<posY>92</posY>
    		<width>1893</width>
    		<height>795</height>
    		<texture>viewport_settings.png</texture>
    	</control>
    	
    	<control>
    		<description>RSS background</description>
    		<type>image</type>
    		<id>0</id>
    		<posX>0</posX>
    		<posY>829</posY>
    		<width>1865</width>
    		<height>96</height>
    		<texture>basichome_rss_bg.png</texture>
    	</control>
		
	<control>
		<animation effect="fade" time="250">WindowOpen</animation>
		<animation effect="fade" time="250">WindowClose</animation>
		<type>label</type>
		<id>1</id>
		<posX>185</posX>
		<posY>38</posY>
		<width>500</width>
		<label>1020</label>
		<textcolor>6aa5cb</textcolor>
		<font>font22</font>
	</control>	
		
        <import>common.time.xml</import>
		
	<control>
		<type>group</type>
		<description>group element</description>
		<animation effect="fade" start="0" end="100" time="300" delay="350">WindowOpen</animation>
		<animation effect="fade" start="100" end="0" time="0" delay="0">WindowClose</animation>
		
        <control>
            <id>2</id>
            <description>Install</description>
            <type>button</type>
            <onup>8</onup>
			<ondown>3</ondown>
            <visible>!string.equals(#MPE.Selected.isinstalled,true)</visible>
    		<posX>130</posX>
    		<posY>156</posY>
            <label>#MPEI.Translation.Install.Label</label>
        </control>
		
        <control>
            <id>3</id>
            <description>UnInstall</description>
            <type>button</type>
            <visible>string.equals(#MPE.Selected.isinstalled,true)</visible>
    		<posX>130</posX>
    		<posY>220</posY>
            <label>#MPEI.Translation.Uninstall.Label</label>
        </control>
		
        <control>
            <id>4</id>
            <description>Update</description>
            <type>button</type>
            <visible>string.equals(#MPE.Selected.haveupdate,true)</visible>
    		<posX>130</posX>
    		<posY>284</posY>
            <label>#MPEI.Translation.Update.Label</label>
        </control>
		
        <control>
            <id>5</id>
            <description>Disable</description>
            <type>button</type>
            <visible>string.equals(#MPE.Selected.IsEnabled,true)</visible>
    		<posX>130</posX>
    		<posY>348</posY>
            <label>#MPEI.Translation.Disable.Label</label>
        </control>
		
        <control>
            <id>6</id>
            <description>Enable</description>
            <type>button</type>
            <visible>string.equals(#MPE.Selected.IsDisabled,true)</visible>
    		<posX>130</posX>
    		<posY>412</posY>
            <label>#MPEI.Translation.Enable.Label</label>
        </control>
		
        <control>
            <id>7</id>
            <description>Settings</description>
            <type>button</type>
            <visible>string.equals(#MPE.Selected.HaveSettings,true)</visible>
    		<posX>130</posX>
    		<posY>476</posY>
            <label>#MPEI.Translation.Settings.Label</label>
        </control>
		
        <control>
            <id>8</id>
            <description>ChangeLog</description>
            <type>button</type>
            <onup>7</onup>
			<ondown>2</ondown>
    		<posX>130</posX>
    		<posY>540</posY>
            <label>#MPEI.Translation.ChangeLog.Label</label>
        </control>
    </control>
		
        <control>
            <type>image</type>
     		<posX>1600</posX>
    		<posY>162</posY>
            <width>200</width>
            <height>200</height>
            <texture>#MPE.Selected.Icon</texture>
            <keepaspectratio>yes</keepaspectratio>
        </control>
		
        <control>
            <type>textboxscrollup</type>
    		<posX>744</posX>
            <posY>507</posY>
            <width>1050</width>
            <height>250</height>
            <seperator>---------------------------------------------------</seperator>
            <font>AvalonLight11</font>
            <label>#MPE.Selected.Description</label>
        </control>
		
	   <control Style="InfoLabelDetails">
            <type>fadelabel</type>
    		<posX>744</posX>
    		<posY>256</posY>
            <label>#MPEI.Translation.Version.Label</label>
        </control>
	   <control Style="InfoValue">
            <type>fadelabel</type>
    		<posX>1058</posX>
    		<posY>256</posY>
            <label>#MPE.Selected.Version</label>
        </control>
	   <control Style="InfoLabelDetails">
            <type>fadelabel</type>
    		<posX>744</posX>
    		<posY>296</posY>
            <label>#MPEI.Translation.Author.Label</label>
        </control>
	   <control Style="InfoValue">
            <type>fadelabel</type>
    		<posX>1058</posX>
    		<posY>296</posY>
            <label>#MPE.Selected.Author</label>
        </control>
        <control>
            <type>fadelabel</type>
    		<posX>745</posX>
    		<posY>162</posY>
    		<width>1170</width>
    		<textcolor>6aa5cb</textcolor>
    		<font>fontB20</font>
            <label>#MPE.Selected.Name</label>
        </control>
	   <control Style="InfoLabelDetails">
            <type>fadelabel</type>
    		<posX>744</posX>
    		<posY>336</posY>
            <label>#MPEI.Translation.ReleaseDate.Label</label>
        </control>
	   <control Style="InfoValue">
            <type>fadelabel</type>
    		<posX>1058</posX>
    		<posY>336</posY>
            <label>#MPE.Selected.ReleaseDate</label>
        </control>
	   <control Style="InfoLabelDetails">
            <type>fadelabel</type>
    		<posX>744</posX>
    		<posY>376</posY>
            <label>#MPEI.Translation.Id.Label</label>
        </control>
	   <control Style="InfoValue">
            <type>fadelabel</type>
    		<posX>1058</posX>
    		<posY>376</posY>
            <label>#MPE.Selected.Id</label>
        </control>
        <control>
            <type>image</type>
            <posX>714</posX>
            <posY>885</posY>
			<visible>string.equals(#MPE.Selected.DeveloperPick,true)</visible>
            <texture>status_editorpick.png</texture>
        </control>
        <control>
            <type>image</type>
            <posX>814</posX>
            <posY>885</posY>
		    <visible>string.equals(#MPE.Selected.JustAded,true)</visible>
            <texture>status_new.png</texture>
        </control>
        <control>
            <type>image</type>
            <posX>914</posX>
            <posY>885</posY>
			<visible>string.equals(#MPE.Selected.Popular,true)</visible>			
            <texture>status_popular.png</texture>
        </control>
		
		<import>common.overlay.home.xml</import>
		
    </controls>
</window>
