<?xml version="1.0" encoding="utf-8" standalone="yes"?>
<window>
    <id>801</id>
    <defaultcontrol>50</defaultcontrol>
    <allowoverlay>yes</allowoverlay>
    <define>#header.label:14001</define>
    <define>#header.image:-</define>
    <define>#header.hover:-</define>
    <controls>

     <control>
      <description>BackGround</description>
      <type>image</type>
      <id>1</id>
      <width>1920</width>
      <height>1080</height>
      <texture>background.png</texture>      
    </control>
	
	<control>
		<description>background listview</description>
		<type>image</type>
		<id>1</id>
		<posX>0</posX>
        <posY>0</posY>
		<width>1920</width>
		<height>1080</height>
		<texture>overlay.png</texture>
	</control>
	
	<control>
		<description>viewport list</description>
		<type>image</type>
		<id>0</id>
		<posX>0</posX>
		<posY>92</posY>
		<width>1893</width>
		<height>795</height>
		<texture>viewport_onlinevideos.png</texture>
		<visible>facadeview.list</visible>
		<animation effect="fade" time="250">WindowOpen</animation>
		<animation effect="fade" time="250">WindowClose</animation>
		<animation effect="slide" time="250" start="-1890,0">WindowOpen</animation>
		<animation effect="slide" time="250" end="-1890,0">WindowClose</animation>
	</control>
	
	<control>
		<description>background thumbs</description>
		<type>image</type>
		<id>0</id>
		<posX>0</posX>
		<posY>92</posY>
		<width>1893</width>
		<height>646</height>
		<texture>viewport_thumbs_short2.png</texture>
		<visible>[facadeview.smallicons | facadeview.largeicons]</visible>
		<animation effect="fade" time="250">WindowOpen</animation>
		<animation effect="fade" time="250">WindowClose</animation>
		<animation effect="slide" time="250" start="-1890,0">WindowOpen</animation>
		<animation effect="slide" time="250" end="-1890,0">WindowClose</animation>
	</control>
    
        <import>common.time.xml</import>

	<control>
		<id>1</id>
		<type>image</type>
		<posX>0</posX>
		<posY>440</posY>
		<width>64</width>
		<height>199</height>
		<texture>hiddenmenu_tab.png</texture>
		<visible>[facadeview.list | facadeview.smallicons | facadeview.largeicons]+Control.HasFocus(50) + !string.contains(#Avalon.HiddenMenu, false)</visible>
		<animation effect="slide" start="-60,0" time="250" delay="400">WindowOpen</animation>
		<animation effect="slide" start="0,0" end="-60,0" time="250" delay="100">WindowClose</animation>
	</control>
    
	<control>
		<id>1</id>
		<type>image</type>
		<posX>858</posX>
		<posY>0</posY>
		<texture>hiddenmenu_tab_up.png</texture>
		<visible>[facadeview.filmstrip | facadeview.coverflow] + Control.HasFocus(50) + !string.contains(#Avalon.HiddenMenu, false)</visible>
		<animation effect="slide" start="0,-60" time="250" delay="400">WindowOpen</animation>
		<animation effect="slide" start="0,0" end="0,-60" time="250" delay="100">WindowClose</animation>
	</control>	
	
	<control>
		<type>actiongroup</type>
		<description>action menu</description>
		<defaultcontrol>2</defaultcontrol>
		<onexit>50</onexit>
		<dimColor>00ffffff</dimColor>
		<buttonX>0</buttonX>
		<buttonY>0</buttonY>
		<buttonwidth>497</buttonwidth>
		<buttonheight>1080</buttonheight>
		
		<control>
			<type>image</type>
			<id>0</id>
			<width>1920</width>
			<height>1080</height>
			<texture>semi_trans_back_hidden_menu.png</texture>
			<visible>!Control.HasFocus(50)</visible>
			<animation effect="fade" time="450">visible</animation>
			<animation effect="fade" time="400">hidden</animation>
		</control>
	
		<control>
			<type>image</type>
			<id>0</id>
			<posY>15</posY>
			<posX>0</posX>
			<width>631</width>
			<height>1044</height>
			<texture>menu_bg.png</texture>
			<visible>!Control.HasFocus(50)</visible>
    		<animation effect="fade" time="0">WindowClose</animation>
    		<animation effect="slide" start="-150,0" time="100">visible</animation>
    		<animation effect="fade" time="50">visible</animation>
    		<animation effect="fade" time="0">hidden</animation>
		</control>
		<control>
			<description>Menu label</description>
			<type>label</type>
			<id>1</id>
			<posX>128</posX>
			<posY>114</posY>
			<label>924</label>
			<font>fontB12</font>
			<textcolor>ffffff</textcolor>
			<visible>!Control.HasFocus(50)</visible>
    		<animation effect="fade" time="0">WindowClose</animation>
    		<animation effect="slide" start="-150,0" time="100">visible</animation>
    		<animation effect="fade" time="50">visible</animation>
    		<animation effect="fade" time="0">hidden</animation>
    	</control>
          <control>
            <type>group</type>
            <description>group element</description>
 			<visible>!Control.HasFocus(50)</visible>
    		<animation effect="fade" time="0">WindowClose</animation>
    		<animation effect="slide" start="-150,0" time="100">visible</animation>
    		<animation effect="fade" time="50">visible</animation>
    		<animation effect="fade" time="0">hidden</animation>
            <posX>69</posX>
            <posY>155</posY>
            <layout>StackLayout(0, Vertical, true)</layout>	

                <control>
                    <id>2</id>
                    <description>View-As</description>
                    <type>button</type>
                    <onright>50</onright>
                    <label>100</label>
    				<textureFocus>hiddenmenu_item_selected.png</textureFocus>
    				<textureNoFocus>-</textureNoFocus>
    				<width>497</width>
    				<height>64</height>
    				<textXOff>58</textXOff>
    				<textYOff>14</textYOff>
                </control>
                <control>
                    <id>3</id>
                    <description>Sort</description>
                    <type>sortbutton</type>
                    <onright>50</onright>
    				<textureFocus>hiddenmenu_item_selected.png</textureFocus>
    				<textureNoFocus>-</textureNoFocus>
    				<width>497</width>
    				<height>64</height>
    				<textXOff>58</textXOff>
    				<textYOff>14</textYOff>
                </control>
                <control>
                    <id>6</id>
                    <description>Views</description>
                    <type>button</type>
                    <onright>50</onright>
                    <label>14002</label>
    				<textureFocus>hiddenmenu_item_selected.png</textureFocus>
    				<textureNoFocus>-</textureNoFocus>
    				<width>497</width>
    				<height>64</height>
    				<textXOff>58</textXOff>
    				<textYOff>14</textYOff>
                </control>
                <control>
                    <id>5</id>
                    <description>Restart</description>
                    <type>button</type>
                    <onright>50</onright>
                    <label>#MPEI.Translation.Restart.Label</label>
    				<textureFocus>hiddenmenu_item_selected.png</textureFocus>
    				<textureNoFocus>-</textureNoFocus>
    				<width>497</width>
    				<height>64</height>
    				<textXOff>58</textXOff>
    				<textYOff>14</textYOff>
                </control>
                <control>
                    <id>8</id>
                    <description>Update all</description>
                    <type>button</type>
                    <onright>50</onright>
                    <ondown>90</ondown>
                    <label>#MPEI.Translation.UpdateAll.Label</label>
    				<textureFocus>hiddenmenu_item_selected.png</textureFocus>
    				<textureNoFocus>-</textureNoFocus>
    				<width>497</width>
    				<height>64</height>
    				<textXOff>58</textXOff>
    				<textYOff>14</textYOff>
                </control>
                <control>
                    <id>90</id>
                    <description>MPEIUPDATE:a6afa4d6-4fd8-4607-8878-5911db044fd7</description>
                    <type>button</type>
                    <onright>50</onright>
                    <ondown>2</ondown>
                    <visible>string.equals(#mpei.a6afa4d6_4fd8_4607_8878_5911db044fd7.haveupdate,true)</visible>
                    <label>#MPEI.Translation.NewVersion.Label</label>
    				<textureFocus>hiddenmenu_item_selected.png</textureFocus>
    				<textureNoFocus>-</textureNoFocus>
    				<width>497</width>
    				<height>64</height>
    				<textXOff>58</textXOff>
    				<textYOff>14</textYOff>
                </control>
            </control>
        </control>
        <control>
            <id>1</id>
            <type>label</type>
    		<posX>185</posX>
    		<posY>38</posY>
    		<width>500</width>
    		<textcolor>6aa5cb</textcolor>
    		<font>font22</font>
            <label>#MPE.View.Name</label>
            <animation effect="Fade" time="250">WindowOpen</animation>
            <animation effect="Fade" time="250">WindowClose</animation>
        </control>
        <control>
            <id>0</id>
            <description>Summary</description>
            <type>textboxscrollup</type>
            <visible>facadeview.list+Control.HasFocus(50)</visible>
    		<posX>55</posX>
    		<posY>156</posY>
            <width>600</width>
            <height>320</height>
            <seperator>---------------------------------------------------</seperator>
    		<font>AvalonLight12</font>
            <label>#MPE.Selected.Description</label>
    		<animation effect="fade" start="0" end="100" time="300" delay="350">WindowOpen</animation>
    		<animation effect="fade" start="100" end="0" time="0" delay="0">WindowClose</animation>
        </control>
        
        <control>
            <id>0</id>
            <description>Summary</description>
            <type>textboxscrollup</type>
		    <visible>[facadeview.smallicons | facadeview.largeicons]</visible>
    		<posX>678</posX>
    		<posY>906</posY>
    		<width>1060</width>
    		<height>150</height>
    		<font>AvalonLight12</font>
            <seperator>---------------------------------------------------</seperator>
            <label>#MPE.Selected.Description</label>
    		<animation effect="fade" start="0" end="100" time="300" delay="350">WindowOpen</animation>
    		<animation effect="fade" start="100" end="0" time="0" delay="0">WindowClose</animation>
        </control>
        
        <control>
            <id>600</id>
            <description>music logo</description>
            <type>image</type>
            <posX>176</posX>
            <posY>526</posY>
    		<width>250</width>
    		<height>250</height>
            <texture>#selectedthumb</texture>
            <overlay>yes</overlay>
            <keepaspectratio>yes</keepaspectratio>
            <centered>yes</centered>
		    <visible>facadeview.list</visible>
    		<animation effect="fade" start="0" end="100" time="300" delay="350">WindowOpen</animation>
    		<animation effect="fade" start="100" end="0" time="0" delay="0">WindowClose</animation>
        </control>
        
	<control>
		<description>RSS background</description>
		<type>image</type>
		<id>0</id>
		<posX>0</posX>
		<posY>829</posY>
		<width>1865</width>
		<height>96</height>
		<texture>basichome_rss_bg.png</texture>
		<visible>facadeview.list</visible>
		<animation effect="fade" start="0" end="100" time="300" delay="350">WindowOpen</animation>
		<animation effect="fade" start="100" end="0" time="0" delay="0">WindowClose</animation>
	</control>
    
	<control>
		<description>RSS background</description>
		<type>image</type>
		<id>0</id>
		<posX>0</posX>
		<posY>680</posY>
		<width>1865</width>
		<height>96</height>
		<texture>basichome_rss_bg.png</texture>
		<visible>[facadeview.smallicons | facadeview.largeicons]</visible>
		<animation effect="fade" start="0" end="100" time="300" delay="350">WindowOpen</animation>
		<animation effect="fade" start="100" end="0" time="0" delay="0">WindowClose</animation>
	</control>
        
    <control>
      <description>group element</description>
      <type>group</type>
		<animation effect="fade" start="0" end="100" time="300" delay="350">WindowOpen</animation>
		<animation effect="fade" start="100" end="0" time="0" delay="0">WindowClose</animation>
      <control>
        <description>composite control consisting of a list control and a thumbnail panel</description>
        <type>facadeview</type>
        <id>50</id>
			<control>
				<description>listcontrol</description>
				<type>listcontrol</type>
				<id>50</id>
				<onleft>2</onleft>
				<onright>2</onright>
				<scrollOffset>1</scrollOffset>
				<posX>678</posX>
    			<posY>153</posY>
    			<height>750</height>
    			<width>1152</width>
				<textXOff>50</textXOff>
				<textXOff2>1152</textXOff2>
				<textureHeight>55</textureHeight>
				<spinCanFocus>no</spinCanFocus>
				<textureFocus>listcontrol_item_selected_wide.png</textureFocus>
				<dimColor>ffffffff</dimColor>
			</control>
			<control>
				<description>Thumbnail Panel</description>
				<type>thumbnailpanel</type>
				<id>50</id>
				<posX>80</posX>
				<posY>162</posY>
				<width>1800</width>
				<height>600</height>
				<onleft>2</onleft>
				<onright>50</onright>       
			    <imageFolder>-</imageFolder>          
			    <imageFolderFocus>-</imageFolderFocus>  
			    <showFrame>true</showFrame>          
			    <dimColor>90ffffff</dimColor> 
			    <enableFocusZoom>no</enableFocusZoom>                    
			    <zoomXPixels>60</zoomXPixels>
			    <zoomYPixels>40</zoomYPixels>          
			    <hideUnfocusTexture>no</hideUnfocusTexture>          
		      	<renderFocusText>no</renderFocusText>
			    <renderUnfocusText>no</renderUnfocusText>                    
			    <thumbZoom>no</thumbZoom>
			    <frameNoFocus>onlinevideos_thumb_nofocus.png</frameNoFocus>
		      	<frameFocus>onlinevideos_thumb_focus.png</frameFocus>
		      	<textureMask>onlinevideos_thumb_mask.png</textureMask>
			    <itemWidth>245</itemWidth>
			    <itemHeight>129</itemHeight>
			    <textureWidth>245</textureWidth>
			    <textureHeight>129</textureHeight>
			    <thumbWidth>245</thumbWidth>
			    <thumbHeight>129</thumbHeight>
			    <thumbPosX>0</thumbPosX>
			    <thumbPosY>0</thumbPosY>
			    <itemWidthBig>292</itemWidthBig>
			    <itemHeightBig>171</itemHeightBig>
			    <textureWidthBig>292</textureWidthBig>
			    <textureHeightBig>171</textureHeightBig>
    			<thumbWidthBig>292</thumbWidthBig>
    			<thumbHeightBig>171</thumbHeightBig>
    			<thumbPosXBig>0</thumbPosXBig>
    			<thumbPosYBig>0</thumbPosYBig>
                <spinPosX>1832</spinPosX>
                <spinPosY>730</spinPosY>
                <keepaspectratio>yes</keepaspectratio>       
            </control>        
      </control>
    </control>
    
        <control>
            <type>image</type>
            <posX>714</posX>
            <posY>885</posY>
			<visible>string.equals(#MPE.Selected.DeveloperPick,true)</visible>
            <texture>status_editorpick.png</texture>
     		<animation effect="fade" start="0" end="100" time="300" delay="350">WindowOpen</animation>
    		<animation effect="fade" start="100" end="0" time="0" delay="0">WindowClose</animation>
        </control>
        
        <control>
            <type>image</type>
            <posX>814</posX>
            <posY>885</posY>
		    <visible>string.equals(#MPE.Selected.JustAded,true)</visible>
            <texture>status_new.png</texture>
     		<animation effect="fade" start="0" end="100" time="300" delay="350">WindowOpen</animation>
    		<animation effect="fade" start="100" end="0" time="0" delay="0">WindowClose</animation>
        </control>
        
        <control>
            <type>image</type>
            <posX>914</posX>
            <posY>885</posY>
			<visible>string.equals(#MPE.Selected.Popular,true)</visible>			
            <texture>status_popular.png</texture>
        </control>
        
        <control>
    		<description>Selected item Label</description>
    		<type>fadelabel</type>
    		<id>1</id>
    		<posX>1832</posX>
    		<posY>956</posY>
    		<width>1170</width>
    		<label>#selecteditem</label>
    		<font>fontB16</font>
    		<align>right</align>
            <visible>facadeview.list</visible>
    		<animation effect="fade" start="0" end="100" time="300" delay="350">WindowOpen</animation>
    		<animation effect="fade" start="100" end="0" time="0" delay="0">WindowClose</animation>
        </control>
        
         <control>
    		<description>Selected item Label</description>
    		<type>fadelabel</type>
    		<id>1</id>
     		<posX>678</posX>
    		<posY>814</posY>
    		<width>1170</width>
    		<label>#selecteditem</label>
    		<font>fontB16</font>
            <visible>[facadeview.smallicons | facadeview.largeicons]</visible>
    		<animation effect="fade" start="0" end="100" time="300" delay="350">WindowOpen</animation>
    		<animation effect="fade" start="100" end="0" time="0" delay="0">WindowClose</animation>
        </control>
    </controls>
</window>
