﻿<?xml version="1.0" encoding="utf-8" standalone="yes"?>
<window>
  <id>803</id>
  <defaultcontrol>50</defaultcontrol>
  <allowoverlay>yes</allowoverlay>
  <define>#header.label:14001</define>
  <define>#header.image:-</define>
  <define>#header.hover:-</define>
  <controls>
     <control>
      <description>BackGround</description>
      <type>image</type>
      <id>1</id>
      <width>1920</width>
      <height>1080</height>
      <texture>background.png</texture>      
    </control>
	
	<control>
		<description>background listview</description>
		<type>image</type>
		<id>1</id>
		<posX>0</posX>
        <posY>0</posY>
		<width>1920</width>
		<height>1080</height>
		<texture>overlay.png</texture>
	</control>
	
	<control>
		<description>viewport list</description>
		<type>image</type>
		<id>0</id>
		<posX>0</posX>
		<posY>92</posY>
		<width>1893</width>
		<height>795</height>
		<texture>viewport_onlinevideos.png</texture>
		<animation effect="fade" time="250">WindowOpen</animation>
		<animation effect="fade" time="250">WindowClose</animation>
		<animation effect="slide" time="250" start="-1890,0">WindowOpen</animation>
		<animation effect="slide" time="250" end="-1890,0">WindowClose</animation>
	</control>
    
	<control>
		<description>RSS background</description>
		<type>image</type>
		<id>0</id>
		<posX>0</posX>
		<posY>829</posY>
		<width>1865</width>
		<height>96</height>
		<texture>basichome_rss_bg.png</texture>
		<animation effect="fade" start="0" end="100" time="300" delay="350">WindowOpen</animation>
		<animation effect="fade" start="100" end="0" time="0" delay="0">WindowClose</animation>
	</control>
    <import>common.time.xml</import>
	

    <control>
      <type>actiongroup</type>
      <description>action menu</description>
      <defaultcontrol>2</defaultcontrol>
      <onexit>50</onexit>
      <buttonX>0</buttonX>
      <buttonY>0</buttonY>
      <buttonwidth>106</buttonwidth>
      <buttonheight>720</buttonheight>
      <textureFocus>-</textureFocus>
      <textureNoFocus>-</textureNoFocus>
      <width>320</width>
      <height>720</height>
      <dimColor>00ffffff</dimColor>
      <control>
        <type>image</type>
        <posX>26</posX>
        <posY>78</posY>
        <width>367</width>
        <height>591</height>
        <texture>Backslide.png</texture>
        <colorDiffuse>fffffffff</colorDiffuse>
        <visible>!Control.HasFocus(50)</visible>
        <animation effect="slide" time="300" start="-300,0" reversible="false">visible</animation>
        <animation effect="slide" time="300" end="-300,0" reversible="false">hidden</animation>
      </control>
      <control>
        <description>group element</description>
        <type>group</type>
        <animation effect="slide" time="300" start="-300,0" reversible="false">visible</animation>
        <animation effect="slide" time="300" end="-300,0" reversible="false">hidden</animation>
        <posX>60</posX>
        <posY>117</posY>
        <layout>StackLayout</layout>
        <visible>!Control.HasFocus(50)</visible>

        <control>
          <description>Sections</description>
          <type>button</type>
          <id>2</id>
          <label>#MPEI.Translation.Sections.Label</label>
          <onright>50</onright>
          <onup>17</onup>
        </control>
	
      </control>
    </control>
	
    <control>
      <description>group element</description>
      <type>group</type>
      <visible>!Control.HasFocus(50)</visible>
		<animation effect="fade" start="0" end="100" time="300" delay="350">WindowOpen</animation>
		<animation effect="fade" start="100" end="0" time="0" delay="0">WindowClose</animation>
      <control>
        <description>composite control consisting of a list control and a thumbnail panel</description>
        <type>facadeview</type>
        <id>50</id>
			<control>
				<description>listcontrol</description>
				<type>listcontrol</type>
				<id>50</id>
				<onleft>2</onleft>
				<onright>2</onright>
				<scrollOffset>1</scrollOffset>
				<posX>678</posX>
    			<posY>153</posY>
    			<height>750</height>
    			<width>1152</width>
				<textXOff>50</textXOff>
				<textXOff2>1152</textXOff2>
				<textureHeight>55</textureHeight>
				<spinCanFocus>no</spinCanFocus>
				<textureFocus>listcontrol_item_selected_wide.png</textureFocus>
				<dimColor>ffffffff</dimColor>
			</control>

      </control>
    </control>

  </controls>
</window>