<?xml version="1.0" encoding="utf-8" standalone="yes"?>
<window>
    <id>804</id>
    <defaultcontrol>2</defaultcontrol>
    <allowoverlay>yes</allowoverlay>
    <define>#header.label:14001</define>
    <define>#header.image:-</define>
    <define>#header.hover:-</define>
    <controls>
    	<control>
    		<description>BG</description>
    		<type>image</type>
    		<id>1</id>
    		<width>1920</width>
    		<height>1080</height>
    	</control>
    	<control>
    		<description>viewport list</description>
    		<type>image</type>
    		<id>0</id>
    		<posX>0</posX>
    		<posY>92</posY>
    		<width>1893</width>
    		<height>795</height>
    		<texture>viewport_settings.png</texture>
    	</control>
    	
    	<control>
    		<description>RSS background</description>
    		<type>image</type>
    		<id>0</id>
    		<posX>0</posX>
    		<posY>829</posY>
    		<width>1865</width>
    		<height>96</height>
    		<texture>basichome_rss_bg.png</texture>
    	</control>
        <control>
            <id>1</id>
            <type>label</type>
    		<posX>185</posX>
    		<posY>38</posY>
    		<width>500</width>
    		<textcolor>6aa5cb</textcolor>
    		<font>font22</font>
            <label>14001</label>
            <animation effect="Fade" time="250">WindowOpen</animation>
            <animation effect="Fade" time="250">WindowClose</animation>
        </control>
        <import>common.time.xml</import>
        <control>
            <description>action menu</description>
            <type>actiongroup</type>
            <dimColor>00ffffff</dimColor>
            <width>1</width>
            <height>1</height>
            <buttonX>0</buttonX>
            <buttonY>0</buttonY>
            <buttonwidth>106</buttonwidth>
            <buttonheight>720</buttonheight>
            <onexit>50</onexit>
            <defaultcontrol>2</defaultcontrol>
            <textureFocus>-</textureFocus>
            <textureNoFocus>-</textureNoFocus>
        </control>
        <control>
            <id>2</id>
            <description>Install</description>
            <type>button</type>
            <onright>50</onright>
            <visible>!string.equals(#MPE.Selected.isinstalled,true)</visible>
    		<posX>130</posX>
    		<posY>156</posY>
            <label>#MPEI.Translation.Install.Label</label>
        </control>
        <control>
            <id>3</id>
            <description>UnInstall</description>
            <type>button</type>
            <onright>50</onright>
            <visible>string.equals(#MPE.Selected.isinstalled,true)</visible>
    		<posX>130</posX>
    		<posY>220</posY>
            <label>#MPEI.Translation.Uninstall.Label</label>
        </control>
        <control>
            <id>4</id>
            <description>Update</description>
            <type>button</type>
            <onright>50</onright>
            <visible>string.equals(#MPE.Selected.haveupdate,true)</visible>
    		<posX>130</posX>
    		<posY>284</posY>
            <label>#MPEI.Translation.Update.Label</label>
        </control>
        <control>
            <id>5</id>
            <description>Disable</description>
            <type>button</type>
            <onright>50</onright>
            <visible>string.equals(#MPE.Selected.IsEnabled,true)</visible>
    		<posX>130</posX>
    		<posY>348</posY>
            <label>#MPEI.Translation.Disable.Label</label>
        </control>
        <control>
            <id>6</id>
            <description>Enable</description>
            <type>button</type>
            <onright>50</onright>
            <visible>string.equals(#MPE.Selected.IsDisabled,true)</visible>
    		<posX>130</posX>
    		<posY>412</posY>
            <label>#MPEI.Translation.Enable.Label</label>
        </control>
        <control>
            <id>7</id>
            <description>Settings</description>
            <type>button</type>
            <onright>50</onright>
            <visible>string.equals(#MPE.Selected.HaveSettings,true)</visible>
    		<posX>130</posX>
    		<posY>476</posY>
            <label>#MPEI.Translation.Settings.Label</label>
        </control>
        <control>
            <id>8</id>
            <description>ChangeLOg</description>
            <type>button</type>
            <onright>50</onright>
    		<posX>130</posX>
    		<posY>540</posY>
            <label>#MPEI.Translation.ChangeLog.Label</label>
        </control>
        <control>
            <type>image</type>
     		<posX>1600</posX>
    		<posY>162</posY>
            <width>200</width>
            <height>200</height>
            <texture>#MPE.Selected.Icon</texture>
            <keepaspectratio>yes</keepaspectratio>
        </control>
        <control>
            <type>textboxscrollup</type>
    		<posX>744</posX>
            <posY>507</posY>
            <width>1050</width>
            <height>250</height>
            <seperator>---------------------------------------------------</seperator>
            <font>AvalonLight11</font>
            <label>#MPE.Selected.Description</label>
        </control>
	   <control Style="InfoLabelDetails">
            <type>fadelabel</type>
    		<posX>744</posX>
    		<posY>256</posY>
            <label>#MPEI.Translation.Version.Label</label>
        </control>
	   <control Style="InfoValue">
            <type>fadelabel</type>
    		<posX>1058</posX>
    		<posY>256</posY>
            <label>#MPE.Selected.Version</label>
        </control>
	   <control Style="InfoLabelDetails">
            <type>fadelabel</type>
    		<posX>744</posX>
    		<posY>296</posY>
            <label>#MPEI.Translation.Author.Label</label>
        </control>
	   <control Style="InfoValue">
            <type>fadelabel</type>
    		<posX>1058</posX>
    		<posY>296</posY>
            <label>#MPE.Selected.Author</label>
        </control>
        <control>
            <type>fadelabel</type>
    		<posX>745</posX>
    		<posY>162</posY>
    		<width>1170</width>
    		<textcolor>6aa5cb</textcolor>
    		<font>fontB20</font>
            <label>#MPE.Selected.Name</label>
        </control>
	   <control Style="InfoLabelDetails">
            <type>fadelabel</type>
    		<posX>744</posX>
    		<posY>336</posY>
            <label>#MPEI.Translation.ReleaseDate.Label</label>
        </control>
	   <control Style="InfoValue">
            <type>fadelabel</type>
    		<posX>1058</posX>
    		<posY>336</posY>
            <label>#MPE.Selected.ReleaseDate</label>
        </control>
	   <control Style="InfoLabelDetails">
            <type>fadelabel</type>
    		<posX>744</posX>
    		<posY>376</posY>
            <label>#MPEI.Translation.Id.Label</label>
        </control>
	   <control Style="InfoValue">
            <type>fadelabel</type>
    		<posX>1058</posX>
    		<posY>376</posY>
            <label>#MPE.Selected.Id</label>
        </control>
        <control>
            <type>image</type>
            <posX>714</posX>
            <posY>885</posY>
			<visible>string.equals(#MPE.Selected.DeveloperPick,true)</visible>
            <texture>status_editorpick.png</texture>
        </control>
        <control>
            <type>image</type>
            <posX>814</posX>
            <posY>885</posY>
		    <visible>string.equals(#MPE.Selected.JustAded,true)</visible>
            <texture>status_new.png</texture>
        </control>
        <control>
            <type>image</type>
            <posX>914</posX>
            <posY>885</posY>
			<visible>string.equals(#MPE.Selected.Popular,true)</visible>			
            <texture>status_popular.png</texture>
        </control>
    </controls>
</window>
