﻿<?xml version="1.0" encoding="utf-8"?>
<window>
	<id>7987</id>
	<defaultcontrol>10000</defaultcontrol>
	<allowoverlay>no</allowoverlay>
	<controls>
	
    <control>
        <type>label</type>
        <description>(Fanart) - Visible when Fanart found</description>
        <id>35</id>
        <posX>0</posX>
        <posY>0</posY>
        <visible>yes</visible>
        <focusable>no</focusable>
    </control>

    <!--            :: MOVIE BACKDROP ::            -->
    <control>
      <description>DEFAULT BACKGROUND</description>
      <type>image</type>
      <id>0</id>
      <posX>0</posX>
      <posY>0</posY>
      <width>1920</width>
      <height>1080</height>
      <texture>background.png</texture>
      <shouldCache>true</shouldCache>
    </control>
	
    <control>
		<description>Movie Backdrop</description>
		<type>image</type>
		<id>1000</id>
		<posX>0</posX>
		<posY>0</posY>
		<width>1920</width>
		<height>1080</height>
		<texture>#myfilms.fanart</texture>	
		<keepaspectratio>no</keepaspectratio>		
		<animation effect="fade" time="250">WindowClose</animation>	
		<animation effect="fade" time="250">WindowOpen</animation>
    </control>
	
    <control>
		<description>Alternate Movie Backdrop</description>
		<type>multiimage</type>
		<id>1001</id>
		<posX>0</posX>
		<posY>0</posY>
		<width>1920</width>
		<height>1080</height>
		<timeperimage>6000</timeperimage>
		<fadetime>1500</fadetime>
		<loop>yes</loop>		  
		<randomize>true</randomize>
		<keepaspectratio>no</keepaspectratio> 
		<animation effect="fade" time="250">WindowClose</animation>	
		<animation effect="fade" time="250">WindowOpen</animation>
	</control>

	<!--            :: MAIN DETAILS ::            -->
	
	<control>
		<description>Vignette background</description>
		<type>image</type>
		<id>0</id>
		<posX>202</posX>
		<posY>179</posY>
		<width>1518</width>
		<height>872</height>
		<texture>myfilms_details_bg.png</texture>
		<visible>!control.hasfocus(10099)</visible>
		<animation effect="fade" time="250">WindowClose</animation>	
		<animation effect="fade" time="0">WindowOpen</animation>
	</control>

	
	<!-- Mouse Buttons -->
	
    	<control>
			<description>Play Button and Overview</description>
			<type>button</type>
			<id>10000</id>
			<posX>248</posX>
			<posY>155</posY>
			<width>302</width>
			<height>99</height>		
			<onup>10099</onup>
			<ondown>107</ondown>
			<onleft>109</onleft>
			<onright>10001</onright>
			<label>#Avalon.Overview</label>
			<font>fontB11</font>
			<textcolor>white</textcolor>
			<textcolorNoFocus>ffffffff</textcolorNoFocus>
			<textYOff>-10</textYOff>				
			<textalign>center</textalign>	
			<textureFocus>myfilms_tab_left_focus.png</textureFocus>
			<textureNoFocus>myfilms_tab_left_nofocus.png</textureNoFocus>
			<visible allowhiddenfocus="true">!Control.HasFocus(10099)</visible>
			<animation effect="fade" time="250">WindowClose</animation>	
			<animation effect="fade" time="0">WindowOpen</animation>
		</control>

		<control>
			<description>Description</description>		
			<type>button</type>
			<id>10001</id>
			<posX>534</posX>
			<posY>155</posY>
			<width>302</width>
			<height>70</height>
			<onup>10099</onup>
			<ondown>107</ondown>
			<onleft>10000</onleft>
			<onright>10002</onright>
			<label>#Avalon.Description</label>
			<font>fontB11</font>
			<textcolor>white</textcolor>
			<textcolorNoFocus>ffffffff</textcolorNoFocus>
			<textYOff>4</textYOff>				
 			<textalign>center</textalign>	
			<textureFocus>myfilms_tab_middle_focus.png</textureFocus>
			<textureNoFocus>myfilms_tab_middle_nofocus.png</textureNoFocus>
			<visible allowhiddenfocus="true">!Control.HasFocus(10099)</visible>
			<animation effect="fade" time="250">WindowClose</animation>	
			<animation effect="fade" time="0">WindowOpen</animation>
		</control>
	
		<control>
			<description>Comments</description>		
			<type>button</type>
			<id>10002</id>			
			<posX>819</posX>
			<posY>155</posY>
			<width>302</width>
			<height>70</height>
			<onup>10099</onup>
			<ondown>107</ondown>
			<onleft>10001</onleft>
			<onright>10003</onright>
			<label>#Avalon.Comments</label>
			<font>fontB11</font>
			<textcolor>white</textcolor>
			<textcolorNoFocus>ffffffff</textcolorNoFocus>	
			<textYOff>4</textYOff>				
			<textalign>center</textalign>		
			<textureFocus>myfilms_tab_middle_focus.png</textureFocus>
			<textureNoFocus>myfilms_tab_middle_nofocus.png</textureNoFocus>
			<visible>!Control.HasFocus(10099)</visible>
			<animation effect="fade" time="250">WindowClose</animation>	
			<animation effect="fade" time="0">WindowOpen</animation>
		</control>
	
		<control>
			<description>Actor Details</description>		
			<type>button</type>
			<id>10003</id>			
			<posX>1104</posX>
			<posY>155</posY>
			<width>302</width>
			<height>70</height>
			<onup>10099</onup>
			<ondown>107</ondown>
			<onleft>10002</onleft>
			<onright>10004</onright>
			<label>#Avalon.Actors</label>
			<font>fontB11</font>
			<textcolor>white</textcolor>
			<textcolorNoFocus>ffffffff</textcolorNoFocus>	
			<textYOff>4</textYOff>				
			<textalign>center</textalign>			
			<textureFocus>myfilms_tab_middle_focus.png</textureFocus>
			<textureNoFocus>myfilms_tab_middle_nofocus.png</textureNoFocus>
			<visible>!Control.HasFocus(10099)</visible>
			<animation effect="fade" time="250">WindowClose</animation>	
			<animation effect="fade" time="0">WindowOpen</animation>
		</control>
	
		<control>
			<description>Technical Details</description>		
			<type>button</type>
			<id>10004</id>			
			<posX>1389</posX>
			<posY>155</posY>
			<width>285</width>
			<height>99</height>
			<onup>10099</onup>
			<ondown>107</ondown>
			<onleft>10003</onleft>
			<onright>10099</onright>
			<label>#Avalon.Techinfo</label>
			<font>fontB11</font>
			<textcolor>white</textcolor>
			<textcolorNoFocus>ffffffff</textcolorNoFocus>	
			<textYOff>-10</textYOff>	
			<textalign>center</textalign>				
			<textureFocus>myfilms_tab_right_focus.png</textureFocus>
			<textureNoFocus>myfilms_tab_right_nofocus.png</textureNoFocus>
			<visible>!Control.HasFocus(10099)</visible>
			<animation effect="fade" time="250">WindowClose</animation>	
			<animation effect="fade" time="0">WindowOpen</animation>
		</control>

		<control>
			<description>Full Colour Fanart View</description>		
			<type>button</type>
			<id>10099</id>			
			<posX>-2000</posX>
			<posY>155</posY>
			<onleft>10000</onleft>
			<onup>10099</onup>
			<ondown>107</ondown>
			<onright>10099</onright>
			<label>-</label>
			<font>fontB11</font>
			<textcolor>white</textcolor>
			<textcolorNoFocus>ffffffff</textcolorNoFocus>				
			<textureFocus>-</textureFocus>
			<textureNoFocus>-</textureNoFocus>
			<animation effect="fade" time="250">WindowClose</animation>	
			<animation effect="fade" time="0">WindowOpen</animation>		
		</control>
		
	
    <!--            :: HEADER ::            -->
    <control>
      <animation effect="fade" time="250">WindowOpen</animation>
      <animation effect="fade" time="250">WindowClose</animation>
      <type>label</type>
      <id>1</id>
      <posX>-2000</posX>
      <posY>38</posY>
      <width>500</width>
      <label>My Films</label>
      <textcolor>6aa5cb</textcolor>
      <font>font22</font>
	  <visible>!control.hasfocus(10099)</visible>
    </control>			
			
		<import>MyFilms.details.hiddenmenu.xml</import>	

		
<!-- Description and MoviePlay -->

	<control>
		<description>PLAY Button</description>
		<type>image</type>
		<id>0</id>		
		<posX>584</posX>
		<posY>268</posY>
		<label>-</label>
		<width>58</width>
		<height>59</height>
		<texture>movingpictures_details_play.png</texture>
		<visible>!Control.HasFocus(10099)</visible>
		<animation effect="fade" time="250">WindowClose</animation>	
		<animation effect="fade" time="0">WindowOpen</animation>		
	</control>
	
	<control>
		<description>Movie Title</description>
		<type>fadelabel</type>
		<id>0</id>
		<posX>674</posX>
		<posY>271</posY>
		<width>1005</width>
		<font>fontB20</font>
		<label>#myfilms.user.mastertitle.value</label>
		<visible>!Control.HasFocus(10099)</visible>
		<animation effect="fade" time="250">WindowClose</animation>	
		<animation effect="fade" time="0">WindowOpen</animation>		
	</control>


		<control>
			<description>Secundary Titel label</description>		
			<type>fadelabel</type>
			<id>1</id>
			<posX>-2000</posX>
			<posY>185</posY>
			<label>#myfilms.db.originaltitle.label:</label>
			<textcolor>6aa5cb</textcolor>
			<font>AvalonLight12</font>
			<width>170</width>
			<visible>!Control.HasFocus(10001)+!Control.HasFocus(10002)+!Control.HasFocus(10003)+!Control.HasFocus(10004)+!Control.HasFocus(10099)</visible>	
			<animation effect="fade" time="250">WindowClose</animation>	
			<animation effect="fade" time="0">WindowOpen</animation>			
		</control>
		
 		<control>
			<description>Secundary Titel Value</description>
			<type>fadelabel</type>
			<id>2026</id>
			<posX>-2000</posX>
			<posY>192</posY>
			<label>#myfilms.db.originaltitle.value</label>
			<font>AvalonLight12</font>
			<align>left</align>			
			<width>535</width>
			<textcolor>ffFFFFFF</textcolor>
			<visible>!Control.HasFocus(10001)+!Control.HasFocus(10002)+!Control.HasFocus(10003)+!Control.HasFocus(10004)+!Control.HasFocus(10099)</visible>		
			<animation effect="fade" time="250">WindowClose</animation>	
			<animation effect="fade" time="0">WindowOpen</animation>				
		</control>

		<control>
			<description>Country/Year label</description>
			<type>label</type>
			<id>2033</id>
			<posX>585</posX>
			<posY>352</posY>
			<label>#myfilms.db.country.label/#myfilms.db.year.label:</label>
			<textcolor>6aa5cb</textcolor>
			<font>AvalonLight12</font>
			<width>170</width>
			<visible>!Control.HasFocus(10001)+!Control.HasFocus(10002)+!Control.HasFocus(10003)+!Control.HasFocus(10004)+!Control.HasFocus(10099)</visible>		
			<animation effect="fade" time="250">WindowClose</animation>	
			<animation effect="fade" time="0">WindowOpen</animation>				
		</control>
		
		<control>
			<description>Country/Year Value</description>
			<type>fadelabel</type>
			<id>2063</id>
			<posX>840</posX>
			<posY>352</posY>
			<label>#myfilms.db.country.value/#myfilms.db.year.value</label>
			<width>535</width>			
			<font>AvalonLight12</font>
			<align>left</align>				
			<visible>!Control.HasFocus(10001)+!Control.HasFocus(10002)+!Control.HasFocus(10003)+!Control.HasFocus(10004)+!Control.HasFocus(10099)</visible>	
			<animation effect="fade" time="250">WindowClose</animation>	
			<animation effect="fade" time="0">WindowOpen</animation>				
		</control>
		
		<control>
			<description>Duration label</description>		
			<type>label</type>
			<id>1</id>
			<posX>585</posX>
			<posY>394</posY>
			<label>#myfilms.db.length.label:</label>
			<textcolor>6aa5cb</textcolor>
			<font>AvalonLight12</font>
			<width>170</width>
			<visible>!Control.HasFocus(10001)+!Control.HasFocus(10002)+!Control.HasFocus(10003)+!Control.HasFocus(10004)+!Control.HasFocus(10099)</visible>	
			<animation effect="fade" time="250">WindowClose</animation>	
			<animation effect="fade" time="0">WindowOpen</animation>				
		</control>
		
		<control>
			<description>Duration Value</description>
			<type>label</type>
			<id>2068</id>
			<posX>840</posX>
			<posY>394</posY>
			<label>#myfilms.db.length.value #myfilms.db.length.unit</label>
			<font>AvalonLight12</font>
			<align>left</align>
			<textcolor>ffffffff</textcolor>
			<visible>!Control.HasFocus(10001)+!Control.HasFocus(10002)+!Control.HasFocus(10003)+!Control.HasFocus(10004)+!Control.HasFocus(10099)</visible>		
			<animation effect="fade" time="250">WindowClose</animation>	
			<animation effect="fade" time="0">WindowOpen</animation>				
		</control>

		<control>
			<description>Category label</description>
			<type>label</type>
			<id>2032</id>
			<posX>585</posX>
			<posY>435</posY>
			<label>#myfilms.db.category.label:</label>
			<textcolor>6aa5cb</textcolor>
			<font>AvalonLight12</font>
			<width>170</width>
			<visible>!Control.HasFocus(10001)+!Control.HasFocus(10002)+!Control.HasFocus(10003)+!Control.HasFocus(10004)+!Control.HasFocus(10099)</visible>	
			<animation effect="fade" time="250">WindowClose</animation>	
			<animation effect="fade" time="0">WindowOpen</animation>				
		</control>
		
		<control>
			<description>Category Value</description>
			<type>fadelabel</type>
			<id>2062</id>
			<posX>840</posX>
			<posY>435</posY>
			<label>#myfilms.db.category.value</label>
			<width>535</width>
			<font>AvalonLight12</font>
			<align>left</align>				
			<visible>!Control.HasFocus(10001)+!Control.HasFocus(10002)+!Control.HasFocus(10003)+!Control.HasFocus(10004)+!Control.HasFocus(10099)</visible>	
			<animation effect="fade" time="250">WindowClose</animation>	
			<animation effect="fade" time="0">WindowOpen</animation>				
		</control>
									
		<control>
			<description>Director label</description>
			<type>label</type>
			<id>2034</id>
			<posX>585</posX>
			<posY>476</posY>
			<label>#myfilms.db.director.label:</label>
			<textcolor>6aa5cb</textcolor>
			<font>AvalonLight12</font>
			<width>170</width>
			<visible>!Control.HasFocus(10001)+!Control.HasFocus(10002)+!Control.HasFocus(10003)+!Control.HasFocus(10004)+!Control.HasFocus(10099)</visible>	
			<animation effect="fade" time="250">WindowClose</animation>	
			<animation effect="fade" time="0">WindowOpen</animation>				
		</control>
		
		<control>
			<description>Director Value</description>
			<type>fadelabel</type>
			<id>2064</id>
			<posX>840</posX>
			<posY>476</posY>
			<label>#myfilms.db.director.value</label>
			<width>535</width>
			<font>AvalonLight12</font>
			<align>left</align>				
			<visible>!Control.HasFocus(10001)+!Control.HasFocus(10002)+!Control.HasFocus(10003)+!Control.HasFocus(10004)+!Control.HasFocus(10099)</visible>		
			<animation effect="fade" time="250">WindowClose</animation>	
			<animation effect="fade" time="0">WindowOpen</animation>				
		</control>

<!-- 		<control>
			<description>Producer label</description>		
			<type>label</type>
			<id>1030</id>
			<posX>585</posX>
			<posY>275</posY>
			<label>#myfilms.user.item1:</label>
			<textcolor>6aa5cb</textcolor>
			<font>AvalonLight12</font>
			<width>170</width>
			<visible>!Control.HasFocus(10001)+!Control.HasFocus(10002)+!Control.HasFocus(10003)+!Control.HasFocus(10004)+!Control.HasFocus(10099)</visible>			
		</control>
		
		<control>
			<description>Producer Value</description>		
			<type>fadelabel</type>
			<id>1031</id>
			<posX>840</posX>
			<posY>282</posY>
			<label>#myfilms.user.item1.value</label>
			<width>535</width>
			<textcolor>ffffffff</textcolor>
			<font>AvalonLight12</font>
			<align>left</align>				
			<visible>!Control.HasFocus(10001)+!Control.HasFocus(10002)+!Control.HasFocus(10003)+!Control.HasFocus(10004)+!Control.HasFocus(10099)</visible>			
		</control>
		
		<control>
			<description>DateAdded label</description>
			<type>label</type>
			<id>1032</id>
			<posX>585</posX>
			<posY>365</posY>
			<label>#myfilms.user.item2:</label>
			<textcolor>6aa5cb</textcolor>
			<font>AvalonLight12</font>
			<width>200</width>
			<visible>!Control.HasFocus(10001)+!Control.HasFocus(10002)+!Control.HasFocus(10003)+!Control.HasFocus(10004)+!Control.HasFocus(10099)</visible>			
		</control>
		
		<control>
			<description>DateAdded Value</description>
			<type>fadelabel</type>
			<id>1033</id>
			<posX>730</posX>
			<posY>365</posY>
			<label>#myfilms.user.item2.value</label>
			<width>535</width>
			<textcolor>ffffffff</textcolor>
			<font>AvalonLight12</font>
			<align>left</align>				
			<visible>!Control.HasFocus(10001)+!Control.HasFocus(10002)+!Control.HasFocus(10003)+!Control.HasFocus(10004)+!Control.HasFocus(10099)</visible>			
		</control> -->
		
		<control>
			<description>Actors label</description>
			<type>fadelabel</type>
			<id>2065</id>
			<posX>585</posX>
			<posY>517</posY>
			<label>#myfilms.db.actors.label:</label>
			<textcolor>6aa5cb</textcolor>
			<font>AvalonLight12</font>
			<width>535</width>
			<visible>!Control.HasFocus(10001)+!Control.HasFocus(10002)+!Control.HasFocus(10003)+!Control.HasFocus(10004)+!Control.HasFocus(10099)</visible>		
			<animation effect="fade" time="250">WindowClose</animation>	
			<animation effect="fade" time="0">WindowOpen</animation>				
		</control>
		
		<control>
			<description>Actors value(Overview)</description>
			<type>fadelabel</type>
			<id>2040</id>
			<posX>840</posX>
			<posY>517</posY>
			<width>782</width>
			<height>30</height>
			<textcolor>FFFFFFFF</textcolor>
			<label>#myfilms.db.actors.value</label>
			<font>AvalonLight12</font>
			<align>left</align>				
			<visible>!Control.HasFocus(10001)+!Control.HasFocus(10002)+!Control.HasFocus(10003)+!Control.HasFocus(10004)+!Control.HasFocus(10099)</visible>	
			<animation effect="fade" time="250">WindowClose</animation>	
			<animation effect="fade" time="0">WindowOpen</animation>				
		</control>
		
		<control>
			<description>description (overview)</description>
			<type>textboxscrollup</type>
			<id>2050</id>
			<posX>585</posX>
			<posY>576</posY>
			<width>1032</width>
			<height>204</height>
			<textcolor>FFFFFFFF</textcolor>
			<label>#myfilms.db.description.value</label>
			<font>AvalonLight12</font>
			<visible>!Control.HasFocus(10001)+!Control.HasFocus(10002)+!Control.HasFocus(10003)+!Control.HasFocus(10004)+!Control.HasFocus(10099)</visible>
			<animation effect="fade" time="250">WindowClose</animation>	
			<animation effect="fade" time="0">WindowOpen</animation>				
		</control> 

		<control>
			<animation effect="fade" time="100">WindowOpen</animation>
			<animation effect="fade" time="100">WindowClose</animation>
			<type>imagelist</type>
			<id>1028</id>
			<posX>683</posX>
			<posY>855</posY>
			<width>310</width>
			<height>29</height>
			<textureWidth>28</textureWidth>
			<textureHeight>27</textureHeight>
			<subitems>
			<subitem>starblue.png</subitem>
			<subitem>starwhite.png</subitem>
			</subitems>
			<orientation>horizontal</orientation>
			<align>left</align>
			<imagesToDraw>10</imagesToDraw>
			<percentage>#myfilms.db.rating.value</percentage>
			<visible>!Control.HasFocus(10003) + !Control.HasFocus(10004) + !Control.HasFocus(10099)</visible>
		</control>
		
		<control>
			<description>Rating Value</description>
			<type>label</type>
			<id>2061</id>
			<posX>1018</posX>
			<posY>850</posY>
			<label>#myfilms.db.rating.value</label>
			<textcolor>ffffffff</textcolor>
			<font>fontB14</font>
			<width>100</width>
			<visible>!Control.HasFocus(10003) + !Control.HasFocus(10004) + !Control.HasFocus(10099)</visible>
			<animation effect="fade" time="250">WindowClose</animation>	
			<animation effect="fade" time="0">WindowOpen</animation>				
		</control>

		
<!--  Detailmenu for Description  -->
		
		<control>
			<description>Description (Beschreibung)</description>
			<type>textboxscrollup</type>
			<id>2050</id>
			<posX>585</posX>
			<posY>354</posY>
			<width>1039</width>
			<height>470</height>
			<textcolor>FFFFFFFF</textcolor>
			<label>#myfilms.db.description.value</label>
			<font>AvalonLight14</font>
			<visible>Control.HasFocus(10001)+!Control.HasFocus(10099)</visible>
			<animation effect="fade" time="250">WindowClose</animation>	
			<animation effect="fade" time="0">WindowOpen</animation>			
		</control>

		
<!--  Detailmenu for Comments  -->
		
		<control>
			<description>Comments value (Kommentare)</description>
			<type>textboxscrollup</type>
			<id>2050</id>
			<posX>585</posX>
			<posY>354</posY>
			<width>1039</width>
			<height>422</height>
			<textcolor>FFFFFFFF</textcolor>
			<label>#myfilms.db.comments.value</label>
			<font>AvalonLight12</font>
			<visible>Control.HasFocus(10002)+!Control.HasFocus(10099)</visible>
			<animation effect="fade" time="250">WindowClose</animation>	
			<animation effect="fade" time="0">WindowOpen</animation>			
		</control>
	
	
<!--  Detailmenu for Actors  -->

<!--  		<control>
			<description>Producer label</description>		
			<type>label</type>
			<id>1</id>
			<posX>585</posX>
			<posY>354</posY>
			<label>Actors</label>
			<textcolor>6aa5cb</textcolor>
			<font>AvalonLight14</font>
			<width>170</width>
			<visible>Control.HasFocus(10003)+!Control.HasFocus(10099)</visible>			
		</control> -->
		
		<control>
			<description>Actors Infos</description>
			<type>textboxscrollup</type>
			<id>2050</id>
			<posX>585</posX>
			<posY>354</posY>
			<width>1039</width>
			<height>422</height>
			<textcolor>FFFFFFFF</textcolor>
			<label>#myfilms.db.actors.value</label>
			<font>AvalonLight12</font>
			<visible>Control.HasFocus(10003)+!Control.HasFocus(10099)</visible>
			<animation effect="fade" time="250">WindowClose</animation>	
			<animation effect="fade" time="0">WindowOpen</animation>			
		</control>
	
	
<!--   Detailmenu for Technical Details  -->

		<control>
			<type>fadelabel</type>
			<id>1</id>
			<posX>585</posX>
			<posY>352</posY>
			<label>#myfilms.db.videoformat.label</label>
			<textcolor>6aa5cb</textcolor>
			<font>AvalonLight12</font>
			<width>170</width>
			<visible>Control.HasFocus(10004)</visible>
			<animation effect="fade" time="250">WindowClose</animation>	
			<animation effect="fade" time="0">WindowOpen</animation>				
		</control>
		
 		<control>
			<type>fadelabel</type>
			<id>1</id>
			<posX>840</posX>
			<posY>352</posY>
			<label>#myfilms.db.videoformat.value</label>
			<width>535</width>
			<textcolor>ffffffff</textcolor>
			<font>font12</font>
			<visible>Control.HasFocus(10004)</visible>
			<animation effect="fade" time="250">WindowClose</animation>	
			<animation effect="fade" time="0">WindowOpen</animation>				
		</control>
		
		<control>
			<type>fadelabel</type>
			<id>1</id>
			<posX>1142</posX>
			<posY>352</posY>
			<label>#myfilms.db.videobitrate.label</label>
			<textcolor>6aa5cb</textcolor>
			<font>AvalonLight12</font>
			<width>170</width>
			<visible>Control.HasFocus(10004)</visible>
			<animation effect="fade" time="250">WindowClose</animation>	
			<animation effect="fade" time="0">WindowOpen</animation>				
		</control>
		
		<control>
			<type>label</type>
			<id>1</id>
			<posX>1395</posX>
			<posY>352</posY>
			<label>#myfilms.db.videobitrate.value kbit/sec.</label>
			<textcolor>ffffffff</textcolor>
			<font>font12</font>
			<width>535</width>
			<visible>Control.HasFocus(10004)</visible>
			<animation effect="fade" time="250">WindowClose</animation>	
			<animation effect="fade" time="0">WindowOpen</animation>				
		</control>
		
		<control>
			<type>fadelabel</type>
			<id>1</id>
			<posX>585</posX>
			<posY>394</posY>
			<label>#myfilms.db.resolution.label</label>
			<textcolor>6aa5cb</textcolor>
			<font>AvalonLight12</font>
			<width>170</width>
			<visible>Control.HasFocus(10004)</visible>
			<animation effect="fade" time="250">WindowClose</animation>	
			<animation effect="fade" time="0">WindowOpen</animation>				
		</control>
		
 		<control>
			<type>fadelabel</type>
			<id>1</id>
			<posX>840</posX>
			<posY>394</posY>
			<label>#myfilms.db.resolution.value</label>
			<width>535</width>
			<textcolor>ffffffff</textcolor>
			<font>font12</font>
			<visible>Control.HasFocus(10004)</visible>
			<animation effect="fade" time="250">WindowClose</animation>	
			<animation effect="fade" time="0">WindowOpen</animation>				
		</control>
		
		<control>
			<type>fadelabel</type>
			<id>1</id>
			<posX>1142</posX>
			<posY>394</posY>
			<label>#myfilms.db.calc.aspectratio.label</label>
			<textcolor>6aa5cb</textcolor>
			<font>AvalonLight12</font>
			<width>170</width>
			<visible>Control.HasFocus(10004)</visible>
			<animation effect="fade" time="250">WindowClose</animation>	
			<animation effect="fade" time="0">WindowOpen</animation>				
		</control>
		
 		<control>
			<type>fadelabel</type>
			<id>1</id>
			<posX>1395</posX>
			<posY>394</posY>
			<label>#myfilms.db.calc.aspectratio.value</label>
			<width>535</width>
			<textcolor>ffffffff</textcolor>
			<font>font12</font>
			<visible>Control.HasFocus(10004)</visible>
			<animation effect="fade" time="250">WindowClose</animation>	
			<animation effect="fade" time="0">WindowOpen</animation>				
		</control>
		
		<control>
			<type>fadelabel</type>
			<id>1</id>
			<posX>585</posX>
			<posY>435</posY>
			<label>174</label>
			<label>#myfilms.db.framerate.label</label>
			<textcolor>6aa5cb</textcolor>
			<font>AvalonLight12</font>
			<width>170</width>
			<visible>Control.HasFocus(10004)</visible>
			<animation effect="fade" time="250">WindowClose</animation>	
			<animation effect="fade" time="0">WindowOpen</animation>				
		</control>
		
		<control>
			<type>fadelabel</type>
			<id>1</id>
			<posX>840</posX>
			<posY>435</posY>
			<label>#myfilms.db.framerate.value fps</label>
			<width>535</width>
			<font>font12</font>
			<visible>Control.HasFocus(10004)</visible>
			<animation effect="fade" time="250">WindowClose</animation>	
			<animation effect="fade" time="0">WindowOpen</animation>				
		</control>
		
		<control>
			<type>fadelabel</type>
			<id>1</id>
			<posX>1142</posX>
			<posY>435</posY>
			<label>#myfilms.db.calc.imageformat.label</label>
			<textcolor>6aa5cb</textcolor>
			<font>AvalonLight12</font>
			<width>170</width>
			<visible>Control.HasFocus(10004)</visible>
			<animation effect="fade" time="250">WindowClose</animation>	
			<animation effect="fade" time="0">WindowOpen</animation>				
		</control>
		
		<control>
			<type>fadelabel</type>
			<id>1</id>
			<posX>1395</posX>
			<posY>435</posY>
			<label>#myfilms.db.calc.imageformat.value</label>
			<width>535</width>
			<textcolor>ffffffff</textcolor>
			<font>font12</font>
			<visible>Control.HasFocus(10004)</visible>
			<animation effect="fade" time="250">WindowClose</animation>	
			<animation effect="fade" time="0">WindowOpen</animation>				
		</control>

		<control>
			<type>fadelabel</type>
			<id>1</id>
			<posX>585</posX>
			<posY>476</posY>
			<label>#myfilms.db.audioformat.label</label>
			<textcolor>6aa5cb</textcolor>
			<font>AvalonLight12</font>
			<width>170</width>
			<visible>Control.HasFocus(10004)</visible>
			<animation effect="fade" time="250">WindowClose</animation>	
			<animation effect="fade" time="0">WindowOpen</animation>				
		</control>
		
		<control>
			<type>fadelabel</type>
			<id>1</id>
			<posX>840</posX>
			<posY>476</posY>
			<label>#myfilms.db.audioformat.value</label>
			<width>535</width>
			<font>font12</font>
			<visible>Control.HasFocus(10004)</visible>
			<animation effect="fade" time="250">WindowClose</animation>	
			<animation effect="fade" time="0">WindowOpen</animation>				
		</control>
		
		<control>
			<type>fadelabel</type>
			<id>1</id>
			<posX>1142</posX>
			<posY>476</posY>
			<label>#myfilms.db.audiobitrate.label</label>
			<textcolor>6aa5cb</textcolor>
			<font>AvalonLight12</font>
			<width>170</width>
			<visible>Control.HasFocus(10004)</visible>
			<animation effect="fade" time="250">WindowClose</animation>	
			<animation effect="fade" time="0">WindowOpen</animation>				
		</control>
		
 		<control>
			<type>fadelabel</type>
			<id>1</id>
			<posX>1395</posX>
			<posY>476</posY>
			<label>#myfilms.db.audiobitrate.value kbit/sec.</label>
			<width>535</width>
			<font>font12</font>
			<visible>Control.HasFocus(10004)</visible>
			<animation effect="fade" time="250">WindowClose</animation>	
			<animation effect="fade" time="0">WindowOpen</animation>				
		</control>

		<control>
			<type>fadelabel</type>
			<id>1</id>
			<posX>585</posX>
			<posY>558</posY>
			<label>#myfilms.db.number.label</label>
			<textcolor>6aa5cb</textcolor>
			<font>AvalonLight12</font>
			<width>170</width>
			<visible>Control.HasFocus(10004)</visible>
			<animation effect="fade" time="250">WindowClose</animation>	
			<animation effect="fade" time="0">WindowOpen</animation>				
		</control>
		
		<control>
			<type>fadelabel</type>
			<id>1</id>
			<posX>840</posX>
			<posY>558</posY>
			<label>No. #myfilms.db.number.value</label>
			<width>535</width>
			<textcolor>ffffffff</textcolor>
			<font>font12</font>
			<visible>Control.HasFocus(10004)</visible>
			<animation effect="fade" time="250">WindowClose</animation>	
			<animation effect="fade" time="0">WindowOpen</animation>				
		</control>
		
		<control>
			<type>fadelabel</type>
			<id>1</id>
			<posX>1142</posX>
			<posY>558</posY>
			<label>#myfilms.db.checked.label</label>
			<textcolor>6aa5cb</textcolor>
			<font>AvalonLight12</font>
			<width>170</width>
			<visible>Control.HasFocus(10004)</visible>
			<animation effect="fade" time="250">WindowClose</animation>	
			<animation effect="fade" time="0">WindowOpen</animation>				
		</control>
		
		<control>
			<type>fadelabel</type>
			<id>1</id>
			<posX>1395</posX>
			<posY>558</posY>
			<label>#myfilms.db.checked.value</label>
			<width>535</width>
			<textcolor>ffffffff</textcolor>
			<font>font12</font>
			<visible>Control.HasFocus(10004)</visible>
			<animation effect="fade" time="250">WindowClose</animation>	
			<animation effect="fade" time="0">WindowOpen</animation>				
		</control>
		
 		<control>
			<type>fadelabel</type>
			<id>1</id>
			<posX>585</posX>
			<posY>599</posY>
			<label>#myfilms.db.date.label</label>
			<textcolor>6aa5cb</textcolor>
			<font>AvalonLight12</font>
			<width>170</width>
			<visible>Control.HasFocus(10004)</visible>
			<animation effect="fade" time="250">WindowClose</animation>	
			<animation effect="fade" time="0">WindowOpen</animation>				
		</control>
		
		<control>
			<type>fadelabel</type>
			<id>1</id>
			<posX>840</posX>
			<posY>599</posY>
			<label>#myfilms.db.date.value</label>
			<width>535</width>
			<textcolor>ffffffff</textcolor>
			<font>font12</font>
			<visible>Control.HasFocus(10004)</visible>
			<animation effect="fade" time="250">WindowClose</animation>	
			<animation effect="fade" time="0">WindowOpen</animation>				
		</control>
		
 		<control>
			<type>fadelabel</type>
			<id>1</id>
			<posX>1142</posX>
			<posY>599</posY>
			<label>#myfilms.db.dateadded.label</label>
			<textcolor>6aa5cb</textcolor>
			<font>AvalonLight12</font>
			<width>170</width>
			<visible>Control.HasFocus(10004)</visible>
			<animation effect="fade" time="250">WindowClose</animation>	
			<animation effect="fade" time="0">WindowOpen</animation>				
		</control>
		
		<control>
			<type>fadelabel</type>
			<id>1</id>
			<posX>1395</posX>
			<posY>599</posY>
			<label>#myfilms.db.dateadded.value</label>
			<width>535</width>
			<textcolor>ffffffff</textcolor>
			<font>font12</font>
			<visible>Control.HasFocus(10004)</visible>
			<animation effect="fade" time="250">WindowClose</animation>	
			<animation effect="fade" time="0">WindowOpen</animation>				
		</control>

		<control>
			<type>fadelabel</type>
			<id>1</id>
			<posX>585</posX>
			<posY>640</posY>
			<label>#myfilms.db.mediatype.label</label>
			<textcolor>6aa5cb</textcolor>
			<font>AvalonLight12</font>
			<width>170</width>
			<visible>Control.HasFocus(10004)</visible>
			<animation effect="fade" time="250">WindowClose</animation>	
			<animation effect="fade" time="0">WindowOpen</animation>				
		</control> 
		
		<control>
			<type>fadelabel</type>
			<id>1</id>
			<posX>840</posX>
			<posY>640</posY>
			<label>#myfilms.db.mediatype.value</label>
			<width>535</width>
			<textcolor>ffffffff</textcolor>
			<font>font12</font>
			<visible>Control.HasFocus(10004)</visible>
			<animation effect="fade" time="250">WindowClose</animation>	
			<animation effect="fade" time="0">WindowOpen</animation>				
		</control>
		
 		<control>
			<type>fadelabel</type>
			<id>1</id>
			<posX>1142</posX>
			<posY>640</posY>
			<label>#myfilms.db.medialabel.label</label>
			<textcolor>6aa5cb</textcolor>
			<font>AvalonLight12</font>
			<width>170</width>
			<visible>Control.HasFocus(10004)</visible>
			<animation effect="fade" time="250">WindowClose</animation>	
			<animation effect="fade" time="0">WindowOpen</animation>				
		</control>
		
		<control>
			<type>fadelabel</type>
			<id>1</id>
			<posX>1395</posX>
			<posY>640</posY>
			<label>#myfilms.db.medialabel.value</label>
			<width>535</width>
			<textcolor>ffffffff</textcolor>
			<font>font12</font>
			<visible>Control.HasFocus(10004)</visible>
			<animation effect="fade" time="250">WindowClose</animation>	
			<animation effect="fade" time="0">WindowOpen</animation>				
		</control>

		<control>
			<type>fadelabel</type>
			<id>1</id>
			<posX>585</posX>
			<posY>681</posY>
			<label>#myfilms.db.disks.label</label>
			<textcolor>6aa5cb</textcolor>
			<font>AvalonLight12</font>
			<width>170</width>
			<visible>Control.HasFocus(10004)</visible>
			<animation effect="fade" time="250">WindowClose</animation>	
			<animation effect="fade" time="0">WindowOpen</animation>				
		</control>
		
		<control>
			<type>fadelabel</type>
			<id>1</id>
			<posX>840</posX>
			<posY>681</posY>
			<label>#myfilms.db.disks.value Datei(en)</label>
			<width>535</width>
			<textcolor>ffffffff</textcolor>
			<font>font12</font>
			<visible>Control.HasFocus(10004)</visible>
			<animation effect="fade" time="250">WindowClose</animation>	
			<animation effect="fade" time="0">WindowOpen</animation>				
		</control>
		
		<control>
			<type>fadelabel</type>
			<id>1</id>
			<posX>1142</posX>
			<posY>681</posY>
			<label>#myfilms.db.size.label</label>
			<textcolor>6aa5cb</textcolor>
			<font>AvalonLight12</font>
			<width>170</width>
			<visible>Control.HasFocus(10004)</visible>
			<animation effect="fade" time="250">WindowClose</animation>	
			<animation effect="fade" time="0">WindowOpen</animation>				
		</control>
		
		<control>
			<type>fadelabel</type>
			<id>1</id>
			<posX>1395</posX>
			<posY>681</posY>
			<label>#myfilms.db.size.value MB</label>
			<width>535</width>
			<textcolor>ffffffff</textcolor>
			<font>font12</font>
			<visible>Control.HasFocus(10004)</visible>
			<animation effect="fade" time="250">WindowClose</animation>	
			<animation effect="fade" time="0">WindowOpen</animation>				
		</control>
	

		<control>
			<type>fadelabel</type>
			<id>1</id>
			<posX>585</posX>
			<posY>802</posY>
			<label>#myfilms.db.url.label:</label>
			<textcolor>6aa5cb</textcolor>
			<font>AvalonLight12</font>
			<width>170</width>
			<visible>Control.HasFocus(10004)</visible>
			<animation effect="fade" time="250">WindowClose</animation>	
			<animation effect="fade" time="0">WindowOpen</animation>				
		</control>
		
		<control>
			<type>fadelabel</type>
			<id>1</id>
			<posX>840</posX>
			<posY>802</posY>
			<width>782</width>
			<textcolor>FFFFFFFF</textcolor>
			<label>#myfilms.db.url.value</label>
			<font>AvalonLight12</font>
			<visible>Control.HasFocus(10004)</visible>
			<animation effect="fade" time="250">WindowClose</animation>	
			<animation effect="fade" time="0">WindowOpen</animation>				
		</control>
		
		<control>
			<type>fadelabel</type>
			<id>1</id>
			<posX>585</posX>
			<posY>845</posY>
			<label>#myfilms.user.source.label:</label>
			<textcolor>6aa5cb</textcolor>
			<font>AvalonLight12</font>
			<width>170</width>
			<visible>Control.HasFocus(10004)</visible>
			<animation effect="fade" time="250">WindowClose</animation>	
			<animation effect="fade" time="0">WindowOpen</animation>				
		</control>
		
		<control>
			<type>fadelabel</type>
			<id>1</id>
			<posX>840</posX>
			<posY>845</posY>
			<label>#myfilms.user.source.value</label>
			<width>782</width>
			<textcolor>ffffffff</textcolor>
			<font>AvalonLight12</font>
			<visible>Control.HasFocus(10004)</visible>
			<animation effect="fade" time="250">WindowClose</animation>	
			<animation effect="fade" time="0">WindowOpen</animation>				
		</control>
		
		<control>
			<type>fadelabel</type>
			<id>1</id>
			<posX>585</posX>
			<posY>886</posY>
			<label>#myfilms.user.sourcetrailer.label:</label>
			<textcolor>6aa5cb</textcolor>
			<font>AvalonLight12</font>
			<width>170</width>
			<visible>Control.HasFocus(10004)</visible>
			<animation effect="fade" time="250">WindowClose</animation>	
			<animation effect="fade" time="0">WindowOpen</animation>				
		</control>
		
		<control>
			<type>fadelabel</type>
			<id>1</id>
			<posX>840</posX>
			<posY>886</posY>
			<label>#myfilms.user.sourcetrailer.value</label>
			<width>782</width>
			<textcolor>ffffffff</textcolor>
			<font>AvalonLight12</font>
			<visible>Control.HasFocus(10004)</visible>
			<animation effect="fade" time="250">WindowClose</animation>	
			<animation effect="fade" time="0">WindowOpen</animation>				
		</control> 

		
<!-- Covers -->

<!-- 	<control>
		<description>MultiActorThumb</description>
		<type>multiimage</type>
		<id>3333</id>
		<posX>264</posX>
		<posY>40</posY>
		<width>200</width>
		<height>200</height>
		<imagepath></imagepath>
		<timeperimage>3000</timeperimage>
		<fadetime>1000</fadetime>
		<loop>yes</loop>
   		<keepaspectratio>yes</keepaspectratio>
		<centered>yes</centered>
		<randomize>true</randomize>
		<visible>!Control.HasFocus(10099)+!player.hasmedia</visible>
	</control> -->

	<control>
		<animation effect="fade" start="0" end="100" time="300" delay="350">WindowOpen</animation>
		<animation effect="fade" start="100" end="0" time="0" delay="0">WindowClose</animation>
		<animation effect="fade" start="0" end="100" time="300" delay="350" reversible="false">visible</animation>
		<description>Default Cover Art</description>
		<type>image</type>
		<id>0</id>
		<posX>298</posX>
		<posY>355</posY>
		<width>250</width>
		<height>354</height>
		<texture flipY="true" diffuse="Thumb_Mask_test.png" mask="poster_mask.png">defaultdvdcover.png</texture>
		<visible>!Control.HasFocus(10099)</visible>
	</control>

	<control>
		<animation effect="fade" time="100">WindowOpen</animation>
		<animation effect="fade" time="100">WindowClose</animation>
		<description>Thumbnail with no video playing</description>
		<type>image</type>
		<id>2024</id>
		<posX>298</posX>
		<posY>354</posY>
		<width>250</width>
		<height>354</height>
		<texture flipY="true" diffuse="Thumb_Mask_test.png" mask="poster_mask.png">#myfilms.picture</texture>		
		<visible>!Control.HasFocus(10099)+!player.hasmedia</visible>
	</control>

	<control>
		<animation effect="fade" time="100">WindowOpen</animation>
		<animation effect="fade" time="100">WindowClose</animation>
		<description>Thumbnail with video playing</description>
		<type>image</type>
		<id>2023</id>
		<posX>298</posX>
		<posY>354</posY>
		<width>250</width>
		<height>354</height>
		<texture flipY="true" diffuse="Thumb_Mask_test.png" mask="poster_mask.png">#myfilms.picture</texture>
		<visible>!Control.HasFocus(10099)+player.hasmedia</visible>
	</control>

	
<!-- File Infos for Bottom -->

		<control>
			<type>image</type>
			<description>Info Frame</description>			
			<id>1</id>
			<posX>587</posX>
			<posY>834</posY>
			<width>1041</width>
			<height>119</height>
			<texture>myfilms_details_frame.png</texture>
			<visible>!Control.HasFocus(10003) + !Control.HasFocus(10004) + !Control.HasFocus(10099)</visible>
			<animation effect="fade" time="250">WindowClose</animation>	
			<animation effect="fade" time="250">WindowOpen</animation>
		</control>

		<control>
			<type>image</type>
			<description>Info Frame</description>			
			<id>1</id>
			<posX>297</posX>
			<posY>906</posY>
			<width>247</width>
			<height>47</height>
			<texture>myfilms_details_button_frame.png</texture>
			<visible>!Control.HasFocus(10003) + !Control.HasFocus(10004) + !Control.HasFocus(10099)</visible>
			<animation effect="fade" time="250">WindowClose</animation>	
			<animation effect="fade" time="250">WindowOpen</animation>
		</control>
		
		<control>
			<description>Languages label</description>
			<type>label</type>
			<id>1</id>
			<posX>594</posX>
			<posY>914</posY>
			<label>#myfilms.db.languages.label:</label>
			<font>AvalonLight11</font>		
			<width>1033</width>
			<visible>!Control.HasFocus(10003) + !Control.HasFocus(10004) + !Control.HasFocus(10099)</visible>
			<animation effect="fade" time="250">WindowClose</animation>	
			<animation effect="fade" time="0">WindowOpen</animation>	
		</control>

		<control>
			<description>Subtitle label </description>
			<type>label</type>
			<id>1</id>
			<posX>904</posX>
			<posY>914</posY>
			<label>|  #myfilms.db.subtitles.label:</label>
			<font>AvalonLight11</font>		
			<width>1033</width>
			<visible>!Control.HasFocus(10003) + !Control.HasFocus(10004) + !Control.HasFocus(10099)</visible>
			<animation effect="fade" time="250">WindowClose</animation>	
			<animation effect="fade" time="0">WindowOpen</animation>	
		</control>

		<control>
			<description>Languages value</description>
			<type>fadelabel</type>
			<id>1</id>
			<posX>724</posX>
			<posY>914</posY>
			<label>#myfilms.db.languages.value</label>
			<font>AvalonLight11</font>		
			<width>168</width>
			<visible>!Control.HasFocus(10003) + !Control.HasFocus(10004) + !Control.HasFocus(10099)</visible>
			<animation effect="fade" time="250">WindowClose</animation>	
			<animation effect="fade" time="0">WindowOpen</animation>	
		</control>

		<control>
			<description>Subtitles value</description>
			<type>fadelabel</type>
			<id>1</id>
			<posX>1029</posX>
			<posY>914</posY>
			<label>#myfilms.db.subtitles.value</label>
			<font>AvalonLight11</font>		
			<width>602</width>
			<visible>!Control.HasFocus(10003) + !Control.HasFocus(10004) + !Control.HasFocus(10099)</visible>
			<animation effect="fade" time="250">WindowClose</animation>	
			<animation effect="fade" time="0">WindowOpen</animation>	
		</control> 
		
		<control>
			<type>image</type>
			<description>thumb Logos ID 2012</description>
			<id>2012</id>
			<posX>1120</posX>
			<posY>851</posY>
			<width>392</width>
			<height>38</height>
			<texture>#myfilms.logos_id2012</texture>
			<keepaspectratio>yes</keepaspectratio>
			<spaceBetweenItems>2</spaceBetweenItems>
			<visible>!Control.HasFocus(10003) + !Control.HasFocus(10004) + !Control.HasFocus(10099)</visible>
			<animation effect="fade" time="250">WindowClose</animation>	
			<animation effect="fade" time="0">WindowOpen</animation>	
		</control>
	
	
<!-- Start Special View for FullColorFanart -->

		<control>
			<description>Fanart Overlay</description>
			<type>image</type>
			<id>0</id>
			<width>1518</width>
			<height>267</height>
			<posX>202</posX>		
			<posY>814</posY>		
			<texture>MyFilms_fanart info_panel.png</texture>
			<visible>Control.HasFocus(10099)</visible>
			<animation effect="fade" time="250">WindowClose</animation>	
			<animation effect="fade" time="0">WindowOpen</animation>				
		</control>
	
		<control>
			<type>fadelabel</type>
			<description>Title (FullColor Fanart View)</description>
			<id>1</id>
			<posX>270</posX>
			<posY>906</posY>
			<width>1390</width>
			<align>center</align>
			<font>fontB20</font>			
			<label>#myfilms.user.mastertitle.value</label>
			<visible>Control.HasFocus(10099)</visible>
			<animation effect="fade" time="250">WindowClose</animation>	
			<animation effect="fade" time="0">WindowOpen</animation>	
		</control> 
		
		<control>
			<type>fadelabel</type>
			<description>Year and Category (FullColor Fanart View)</description>
			<id>1</id>
			<posX>270</posX>
			<posY>956</posY>
			<width>1390</width>
			<align>center</align>
			<font>AvalonLight14</font>
			<textcolor>6aa5cb</textcolor>
			<label>#myfilms.db.year.value - #myfilms.db.length.value #myfilms.db.length.unit - #myfilms.db.category.value</label>
			<visible>Control.HasFocus(10099)</visible>
			<animation effect="fade" time="250">WindowClose</animation>	
			<animation effect="fade" time="0">WindowOpen</animation>	
		</control> 
	
		<control>
			<animation effect="fade" time="100">WindowOpen</animation>
			<animation effect="fade" time="100">WindowClose</animation>
			<type>imagelist</type>
			<id>1</id>
			<posX>772</posX>
			<posY>986</posY>
			<width>346</width>
			<height>29</height>
			<textureWidth>28</textureWidth>
			<textureHeight>28</textureHeight>			
			<subitems>
			<subitem>starblue.png</subitem>
			<subitem>starwhite.png</subitem>
			</subitems>
			<orientation>horizontal</orientation>
			<align>left</align>
			<imagesToDraw>10</imagesToDraw>
			<percentage>#myfilms.db.rating.value</percentage>
			<visible>Control.HasFocus(10099)</visible>
		</control>

		<control>
			<description>Rating Value</description>
			<type>label</type>
			<id>2061</id>
			<posX>1108</posX>
			<posY>980</posY>
			<label>#myfilms.db.rating.value</label>
			<textcolor>ffffffff</textcolor>
			<font>fontB14</font>
			<width>100</width>
			<visible>Control.HasFocus(10099)</visible>
			<animation effect="fade" time="250">WindowClose</animation>	
			<animation effect="fade" time="0">WindowOpen</animation>				
		</control>
		
<!-- End Special View for FullColorFanart -->


<!-- Watched/Unwatched Icon -->

<!-- 	<control>
		<type>image</type>
		<description>Watched Icon</description>
		<id>1</id>
		<posX>352</posX>
		<posY>245</posY>
		<width>45</width>
		<height>25</height>
		<texture>watched_icon.png</texture>
		<visible>!Control.HasFocus(10099)+string.contains(#myfilms.db.checked.value,False)</visible>
		<animation effect="fade" time="250">WindowClose</animation>	
		<animation effect="fade" time="250">WindowOpen</animation>
	</control>
	
	<control>
		<type>image</type>
		<description>UnWatched Icon</description>
		<id>1</id>
		<posX>352</posX>
		<posY>245</posY>
		<width>45</width>
		<height>25</height>
		<texture>unwatched_icon.png</texture>
		<visible>!Control.HasFocus(10099)+string.contains(#myfilms.db.checked.value,True)</visible>
		<animation effect="fade" time="250">WindowClose</animation>	
		<animation effect="fade" time="250">WindowOpen</animation>
	</control> -->

		
		
<!-- Fanart/Movie Available Info -->

 		<control>
			<description>Movie available Info Label</description>
			<type>fadelabel</type>
			<id>1</id>
			<posX>342</posX>
			<posY>914</posY>
			<width>80</width>
			<label>Film</label>
			<font>AvalonLight11</font>
			<visible>!Control.HasFocus(10003) + !Control.HasFocus(10004) + !Control.HasFocus(10099)</visible>
			<animation effect="fade" time="250">WindowClose</animation>	
			<animation effect="fade" time="0">WindowOpen</animation>				
		</control>
		
		<control>
			<description>Movie unavailable Icon</description>
			<type>image</type>
			<id>1</id>
			<posX>297</posX>
			<posY>911</posY>
			<width>38</width>
			<height>38</height>
			<texture>led_red.png</texture>
			<keepaspectratio>yes</keepaspectratio>
			<centered>yes</centered>
			<visible>!string.equals(#myfilms.user.source.value)+!Control.HasFocus(10003) + !Control.HasFocus(10004) + !Control.HasFocus(10099)</visible>
			<animation effect="fade" time="250">WindowClose</animation>	
			<animation effect="fade" time="0">WindowOpen</animation>				
		</control>
		
		<control>
			<description>Movie available Icon</description>
			<type>image</type>
			<id>1</id>
			<posX>297</posX>
			<posY>911</posY>
			<width>38</width>
			<height>38</height>
			<texture>led_green.png</texture>
			<keepaspectratio>yes</keepaspectratio>
			<centered>yes</centered>
			<visible>string.equals(#myfilms.user.source.value)+!Control.HasFocus(10003) + !Control.HasFocus(10004) + !Control.HasFocus(10099)</visible>
			<animation effect="fade" time="250">WindowClose</animation>	
			<animation effect="fade" time="0">WindowOpen</animation>				
		</control>

		<control>
			<description>Movie available Icon</description>
			<type>image</type>
			<id>1</id>
			<posX>297</posX>
			<posY>911</posY>
			<width>38</width>
			<height>38</height>
			<texture>led_yellow.png</texture>
			<keepaspectratio>yes</keepaspectratio>
			<centered>yes</centered>
			<visible>string.equals(#myfilms.user.source.value)++string.contains(#myfilms.user.source.isonline,False)+!Control.HasFocus(10003) + !Control.HasFocus(10004) + !Control.HasFocus(10099)</visible>
			<animation effect="fade" time="250">WindowClose</animation>	
			<animation effect="fade" time="0">WindowOpen</animation>				
		</control>
		
<!-- Trailer Available Info -->

 		<control>
			<description>Trailer available Info Label</description>
			<type>fadelabel</type>
			<id>1</id>
			<posX>480</posX>
			<posY>914</posY>
			<width>80</width>
			<label>Trailer</label>
			<font>AvalonLight11</font>
			<visible>!Control.HasFocus(10003) + !Control.HasFocus(10004) + !Control.HasFocus(10099)</visible>
			<animation effect="fade" time="250">WindowClose</animation>	
			<animation effect="fade" time="0">WindowOpen</animation>				
		</control>
		
<!-- 		<control>
			<description>Trailer Count</description>
			<type>label</type>
			<id>1</id>
			<posX>435</posX>
			<posY>912</posY>
			<width>80</width>
			<label>#myfilms.user.sourcetrailer.count</label>
			<font>Segoe Light12</font>
			<textcolor>6aa5cb</textcolor>	
			<visible>!Control.HasFocus(10003) + !Control.HasFocus(10004) + !Control.HasFocus(10099)</visible>
			<animation effect="fade" time="250">WindowClose</animation>	
			<animation effect="fade" time="0">WindowOpen</animation>				
		</control> -->
		
		<control>
			<description>Trailer unavailable Icon</description>
			<type>image</type>
			<id>1</id>
			<posX>435</posX>
			<posY>911</posY>
			<width>38</width>
			<height>38</height>
			<texture>led_red.png</texture>
			<keepaspectratio>yes</keepaspectratio>
			<centered>yes</centered>
			<visible>!string.equals(#myfilms.user.sourcetrailer.value)+!Control.HasFocus(10003) + !Control.HasFocus(10004) + !Control.HasFocus(10099)</visible>
			<animation effect="fade" time="250">WindowClose</animation>	
			<animation effect="fade" time="0">WindowOpen</animation>				
		</control>
		
		<control>
			<description>Trailer available Icon</description>
			<type>image</type>
			<id>1</id>
			<posX>435</posX>
			<posY>911</posY>
			<width>38</width>
			<height>38</height>
			<texture>led_green.png</texture>
			<keepaspectratio>yes</keepaspectratio>
			<centered>yes</centered>
			<visible>string.equals(#myfilms.user.sourcetrailer.value)+!Control.HasFocus(10003) + !Control.HasFocus(10004) + !Control.HasFocus(10099)</visible>
			<animation effect="fade" time="250">WindowClose</animation>	
			<animation effect="fade" time="0">WindowOpen</animation>				
		</control>

		<control>
			<description>Trailer available Icon</description>
			<type>image</type>
			<id>1</id>
			<posX>435</posX>
			<posY>911</posY>
			<width>38</width>
			<height>38</height>
			<texture>led_yellow.png</texture>
			<keepaspectratio>yes</keepaspectratio>
			<centered>yes</centered>
			<visible>string.equals(#myfilms.user.sourcetrailer.value)++string.contains(#myfilms.user.sourcetrailer.isonline,False)+!Control.HasFocus(10003) + !Control.HasFocus(10004) + !Control.HasFocus(10099)</visible>
			<animation effect="fade" time="250">WindowClose</animation>	
			<animation effect="fade" time="0">WindowOpen</animation>				
		</control>
		
	<control>
		<type>animation</type>
		<description>Waiting during search</description>
		<id>2080</id>
		<posX>578</posX>
		<posY>348</posY>
		<width>64</width>
		<height>64</height>
		<textures>common.waiting.1.png;common.waiting.2.png;common.waiting.3.png;common.waiting.4.png;common.waiting.5.png;common.waiting.6.png;common.waiting.7.png;common.waiting.8.png</textures>
		<Duration>0:0:01.5</Duration>
		<keepaspectratio>yes</keepaspectratio>
	</control>
	
	<control>
		<animation effect="slide" start="-60,0" end="0,0" tween="quadratic" easing="in" time="250" delay="400">WindowOpen</animation>
		<animation effect="slide" start="0,0" end="-60,0" tween="quadratic" easing="in" time="250" delay="100">WindowClose</animation>
		<id>1</id>
		<type>image</type>
		<posX>0</posX>
		<posY>440</posY>
		<width>64</width>
		<height>199</height>
		<texture>hiddenmenu_tab.png</texture>
		<visible>!Control.HasFocus(10099)</visible>
	</control>
	
	
  </controls>
</window>
