<?xml version="1.0" encoding="utf-8"?>
<!--
This file should contain the facade view
-->
<window>
<controls>

	<!--            :: List Scrolling Popup ::            -->
    
    <control>
        <description>listscroller bg</description>
        <type>image</type>
        <id>1</id>
        <posX>980</posX>
        <posY>320</posY>
        <width>187</width>
        <height>202</height>
        <texture>listscroller_bg.png</texture>
        <visible>facadeview.list+string.contains(#scrolling.up,yes)|string.contains(#scrolling.down,yes)</visible>
        <animation effect="fade" start="0" end="100" time="300" delay="0">Visible</animation>
        <animation effect="fade" start="100" end="0" time="0" delay="0">Hidden</animation>
    </control>
    
    <control>
        <type>label</type>
        <id>1</id>
        <posX>1035</posX>
        <posY>374</posY>
        <width>96</width>
        <height>96</height>
        <font>AvalonLight32</font>
        <textcolor>ff6aa5cb</textcolor>
        <label>#selecteditem.scrolllabel</label>
        <visible>facadeview.list+string.contains(#scrolling.up,yes)|string.contains(#scrolling.down,yes)</visible>
        <align>center</align>
        <valign>middle</valign>
        <animation effect="fade" start="0" end="100" time="300" delay="0">Visible</animation>
        <animation effect="fade" start="100" end="0" time="0" delay="0">Hidden</animation>
    </control>

	<!--            :: Count Background ::            -->

	<control>
		<description>RSS background</description>
		<type>image</type>
		<id>0</id>
		<posX>0</posX>
		<posY>680</posY>
		<width>1865</width>
		<height>96</height>
		<texture>basichome_rss_bg.png</texture>
		<visible>[facadeview.list | facadeview.smallicons | facadeview.largeicons] + control.isvisible(50)</visible>
		<animation effect="fade" start="0" end="100" time="300" delay="350">WindowOpen</animation>
		<animation effect="fade" start="100" end="0" time="0" delay="0">WindowClose</animation>
	</control>
    
	<control>
		<description>RSS background</description>
		<type>image</type>
		<id>0</id>
		<posX>0</posX>
		<posY>710</posY>
		<width>1865</width>
		<height>64</height>
		<texture>movies_count_bg_filmstrip.png</texture>
		<visible>[facadeview.filmstrip | facadeview.coverflow]+Control.IsVisible(50)</visible>
		<animation effect="fade" start="0" end="100" time="300" delay="350">WindowOpen</animation>
		<animation effect="fade" start="100" end="0" time="0" delay="0">WindowClose</animation>
	</control>     
    
	<!--            :: Count ::            -->
	
    <control>
      <animation effect="fade" start="0" end="100" time="300" delay="350">WindowOpen</animation>
      <animation effect="fade" start="100" end="0" time="0" delay="0">WindowClose</animation>
      <animation effect="fade" start="0" end="100" time="300" delay="350" reversible="false">visible</animation>
      <description>Moviecount</description>
      <type>label</type>
      <label>#(L(507)): #itemcount  |  Filter: #myfilms.view #myfilms.select</label>
      <id>0</id>
	  <posX>1342</posX>
      <posY>725</posY>
      <align>left</align>
      <font>AvalonLight12</font>
      <textcolor>6aa5cb</textcolor>
	  <visible>[facadeview.smallicons | facadeview.largeicons | facadeview.filmstrip | facadeview.coverflow] + control.isvisible(50)</visible>
    </control>
    
     <control>
      <animation effect="fade" start="0" end="100" time="300" delay="350">WindowOpen</animation>
      <animation effect="fade" start="100" end="0" time="0" delay="0">WindowClose</animation>
      <animation effect="fade" start="0" end="100" time="300" delay="350" reversible="false">visible</animation>
      <description>Moviecount</description>
      <type>label</type>
      <label>#(L(507)): #itemcount  |  Filter: #myfilms.view #myfilms.select</label>
      <id>0</id>
	  <posX>714</posX>
      <posY>725</posY>
      <align>left</align>
      <font>AvalonLight12</font>
      <textcolor>6aa5cb</textcolor>
	  <visible>facadeview.list + control.isvisible(50)</visible>
    </control>

	<control>
			<animation effect="fade" start="0" end="100" time="300" delay="350">WindowOpen</animation>
			<animation effect="fade" start="100" end="0" time="0" delay="0">WindowClose</animation>
		<type>facadeview</type>
		<id>50</id>
		<control>
			<description>Movie List</description>
			<type>listcontrol</type>
			<id>50</id>
			<onleft>2</onleft>
			<onright>2</onright>
			<scrollOffset>1</scrollOffset>
			<posX>1166</posX>
			<posY>164</posY>
			<height>550</height>
			<width>684</width>
			<textXOff>50</textXOff>
			<textXOff2>650</textXOff2>			
			<textureHeight>55</textureHeight>
			<textureFocus>listcontrol_item_selected_small.png</textureFocus>
			<textureNoFocus>-</textureNoFocus>
			<dimColor>ffffffff</dimColor>
                <spinPosX>1832</spinPosX>
                <spinPosY>730</spinPosY>
		</control>

		<control>
			<description>Filmstrip view</description>
			<type>filmstrip</type>
			<dimColor>90ffffff</dimColor>
			<id>50</id>
				<scrollOffset>3</scrollOffset>
				<folderPrefix></folderPrefix>
				<folderSuffix></folderSuffix>
				<posX>70</posX>
				<posY>186</posY>
				<width>1920</width>
				<height>768</height>
				<onup>2</onup>
				<ondown>2</ondown>
				<onleft>50</onleft>
				<onright>50</onright>
				<thumbWidth>327</thumbWidth>
				<thumbHeight>463</thumbHeight>
				<thumbPosX>0</thumbPosX>
				<thumbPosY>0</thumbPosY>
				<itemWidth>355</itemWidth>
				<itemHeight>463</itemHeight>
				<textureWidth>327</textureWidth>
				<textureHeight>463</textureHeight>
				<textYOff>-2000</textYOff>
				<imageFolderFocus>-</imageFolderFocus>
				<frame>-</frame>
				<frameFocus>-</frameFocus>
				<background>-</background>
				<thumbs flipY="true" diffuse="Thumb_Mask_test.png" mask="video_filmstrip_mask.png"></thumbs>
				<showFrame>yes</showFrame>
				<showFolder>no</showFolder>
				<showBackGround>no</showBackGround>
				<showInfoImage>no</showInfoImage>
                <scrollbarBackground>-</scrollbarBackground>
                <scrollbarLeft>scrollbar_left_hor.png</scrollbarLeft>
                <scrollbarRight>scrollbar_right_hor.png</scrollbarRight>
                <scrollbarWidth>689</scrollbarWidth>
				<scrollbarHeight>4</scrollbarHeight>
                <scrollbarYOff>522</scrollbarYOff>
				<thumbAnimation effect="zoom" acceleration="-2" start="100,100" reversible="false" end="108,108" center="0,500" time="200">focus</thumbAnimation>
				<thumbAnimation effect="zoom" start="108,108" reversible="false" end="100,100" center="0,500" time="100">unfocus</thumbAnimation>
		</control>

			<control>
				<description>Thumbnail Panel</description>
				<type>thumbnailpanel</type>
				<id>50</id>
				<posX>710</posX>
				<posY>162</posY>
				<width>1250</width>
				<height>600</height>
				<folderPrefix></folderPrefix>
				<folderSuffix></folderSuffix>
				<onleft>2</onleft>
				<onright>2</onright>
				<itemWidth>126</itemWidth>
				<itemHeight>174</itemHeight>
				<textureWidth>121</textureWidth>
				<textureHeight>169</textureHeight>
				<thumbWidth>121</thumbWidth>
				<thumbHeight>169</thumbHeight>
				<thumbPosX>0</thumbPosX>
				<thumbPosY>0</thumbPosY>
				<itemWidthBig>189</itemWidthBig>
				<itemHeightBig>257</itemHeightBig>
				<thumbWidthBig>179</thumbWidthBig>
				<thumbHeightBig>247</thumbHeightBig>
				<textureWidthBig>179</textureWidthBig>
				<textureHeightBig>247</textureHeightBig>
				<thumbPosXBig>0</thumbPosXBig>
				<thumbPosYBig>0</thumbPosYBig>
				<zoomXPixels>20</zoomXPixels>
				<zoomYPixels>30</zoomYPixels>
				<hideUnfocusTexture>no</hideUnfocusTexture>
				<keepaspectratio>no</keepaspectratio>
				<renderFocusText>no</renderFocusText>
				<renderUnfocusText>no</renderUnfocusText>
				<frameNoFocus>video_thumb_nofocus.png</frameNoFocus>
				<frameFocus>video_thumb_focus.png</frameFocus>
				<textureMask>video_thumb_mask.png</textureMask>
				<shadowAngle>90</shadowAngle>
    			<shadowDistance>50</shadowDistance>
				<thumbZoom>yes</thumbZoom>
                <spinPosX>1832</spinPosX>
                <spinPosY>730</spinPosY>
			</control>

				<control>
				  <description>Cover Flow view</description>
				  <type>coverflow</type>
				  <colordiffuse>90ffffff</colordiffuse>
				  <dimColor>90ffffff</dimColor>
				  <id>50</id>
				  <onup>2</onup>
				  <ondown>2</ondown>
				  <onleft>50</onleft>
				  <onright>50</onright>	  
				  <posX>-10</posX>
				  <posY>186</posY>
				  <width>1920</width>
				  <height>1080</height>	  
				  <selectedCard>0</selectedCard>
				  <cardWidth>337</cardWidth>
				  <cardHeight>477</cardHeight>
				  <angle>45</angle>
				  <sideShift>310</sideShift>
				  <sideGap>100</sideGap>
				  <sideDepth>270</sideDepth>
				  <offsetY>0</offsetY>
				  <selectedOffsetY>0</selectedOffsetY>
				  <speed>8</speed>
				  <showFrame>yes</showFrame>
				  <frame>-</frame>
				  <frameFocus>-</frameFocus>
				  <keepaspectratio>no</keepaspectratio>		  
				  <frameWidth>327</frameWidth>
				  <frameHeight>463</frameHeight>
				  <spinSpeed>8</spinSpeed>
				  <unfocusedAlpha>FF</unfocusedAlpha>
				  <folderPrefix></folderPrefix>
				  <folderSuffix></folderSuffix>
				  <font1>font13</font1>
				  <font2>font11</font2>
				  <label1>#title</label1>
				  <label2>#genre</label2>
				  <textColor>FFFFFFFF</textColor>
				  <remoteColor>FFFF0000</remoteColor>
				  <playedColor>FFA0D0FF</playedColor>
				  <downloadColor>FF00FF00</downloadColor>
				  <selectedColor>FFFFFFFF</selectedColor>
				  <shadowAngle>45</shadowAngle>
				  <shadowDistance>1</shadowDistance>
				  <shadowColor>FF000000</shadowColor>
				  <label1YOff>1430</label1YOff>
				  <label2YOff>1390</label2YOff>
				  <pageSize>5</pageSize>
                <scrollbarBackground>-</scrollbarBackground>
                <scrollbarLeft>scrollbar_left_hor.png</scrollbarLeft>
                <scrollbarRight>scrollbar_right_hor.png</scrollbarRight>
                <scrollbarWidth>689</scrollbarWidth>
				<scrollbarHeight>4</scrollbarHeight>
                <scrollbarYOff>522</scrollbarYOff>
					<keepaspectratio>no</keepaspectratio>
					<cards flipY="true" diffuse="Thumb_Mask_test.png" mask="video_filmstrip_fanart_mask.png"></cards>
				</control>
	</control>
</controls>
</window>
