<?xml version="1.0" encoding="utf-8"?>
<window>
<controls>

	<!--            :: LIST ::            -->
	
	<control>
		<description>Selected item Label</description>
		<type>fadelabel</type>
		<id>1</id>
		<posX>1832</posX>
		<posY>956</posY>
		<width>1170</width>
		<label>#selecteditem</label>
		<font>fontB16</font>
		<align>right</align>
		<visible>[facadeview.list | facadeview.smallicons | facadeview.largeicons] + control.isvisible(50)</visible>
		<animation effect="fade" start="0" end="100" time="300" delay="350">WindowOpen</animation>
		<animation effect="fade" start="100" end="0" time="0" delay="0">WindowClose</animation>
		<animation effect="fade" start="0" end="100" time="300" delay="350" reversible="false">visible</animation>
	</control>

	<control>
		<animation effect="fade" start="0" end="100" time="300" delay="350">WindowOpen</animation>
		<animation effect="fade" start="100" end="0" time="0" delay="0">WindowClose</animation>
		<animation effect="fade" start="0" end="100" time="350" delay="550" reversible="false">visible</animation>
		<animation effect="fade" start="100" end="0" time="0" delay="0">hidden</animation>
		<description>Poster shadow</description>
		<type>image</type>
		<id>1</id>
		<posX>695</posX>
		<posY>101</posY>
		<width>466</width>
		<height>606</height>
		<texture>list_poster_shadow.png</texture>
		<visible>facadeview.list+Control.IsVisible(50) + !string.equals(#Avalon.hidePoster,yes)</visible>
	</control>
	
	<control>
		<animation effect="fade" start="0" end="100" time="300" delay="350">WindowOpen</animation>
		<animation effect="fade" start="100" end="0" time="0" delay="0">WindowClose</animation>
		<animation effect="fade" start="0" end="100" time="350" delay="550" reversible="false">visible</animation>
		<animation effect="fade" start="100" end="0" time="0" delay="0">hidden</animation>
		<description>Poster shadow</description>
		<type>image</type>
		<id>1</id>
		<posX>695</posX>
		<posY>101</posY>
		<width>466</width>
		<height>606</height>
		<texture>list_poster_glow.png</texture>
		<visible>facadeview.list+Control.IsVisible(50) + !string.equals(#Avalon.hidePoster,yes)</visible>
	</control>
	
	<control>
		<animation effect="fade" start="0" end="100" time="300" delay="350">WindowOpen</animation>
		<animation effect="fade" start="100" end="0" time="0" delay="0">WindowClose</animation>
		<animation effect="fade" start="0" end="100" time="350" delay="550" reversible="false">visible</animation>
		<animation effect="fade" start="100" end="0" time="0" delay="0">hidden</animation>
		<description>Default Cover Art</description>
		<type>image</type>
		<id>0</id>
		<posX>762</posX>
		<posY>169</posY>
		<width>330</width>
		<height>470</height>
		<texture flipY="true" diffuse="Thumb_Mask.png" mask="poster_mask.png">defaultdvdcover.png</texture>
		<visible>facadeview.list+Control.IsVisible(50) + !string.equals(#Avalon.hidePoster,yes)</visible>
	</control>

	<control>
		<animation effect="fade" start="0" end="100" time="300" delay="350">WindowOpen</animation>
		<animation effect="fade" start="100" end="0" time="0" delay="0">WindowClose</animation>
		<animation effect="fade" start="0" end="100" time="350" delay="550" reversible="false">visible</animation>
		<animation effect="fade" start="100" end="0" time="0" delay="0">hidden</animation>
		<description>Cover Art</description>
		<type>image</type>
		<id>1020</id>
		<posX>762</posX>
		<posY>169</posY>
		<width>330</width>
		<height>470</height>
		<texture flipY="true" diffuse="Thumb_Mask.png" mask="poster_mask.png">#myfilms.coverimage</texture>
		<visible>[facadeview.list+Control.IsVisible(50)] + !string.equals(#Avalon.hidePoster,yes)</visible>
	</control>
	

	<!--            :: Info Labels ::            -->
	
	<control>
		<animation effect="fade" start="0" end="100" time="300" delay="350">WindowOpen</animation>
		<animation effect="fade" start="100" end="0" time="0" delay="0">WindowClose</animation>
		<animation effect="fade" start="0" end="100" time="300" delay="250" reversible="false">visible</animation>
		<description>Year / Runtime / Genre</description>
		<type>fadelabel</type>
		<label>#myfilms.db.year.value - #myfilms.db.length.value #Avalon.Minutes - #myfilms.db.category.value</label>
		<id>0</id>
		<posX>1832</posX>
		<posY>1006</posY>
		<width>475</width>
		<align>right</align>
		<font>AvalonLight12</font>
		<textcolor>6aa5cb</textcolor>
		<visible>[facadeview.list|facadeview.smallicons|facadeview.largeicons]+Control.IsVisible(50)+string.equals(#myfilms.db.year.value)+!Control.HasFocus(80)</visible>
	</control>
	
	<control>
		<animation effect="fade" start="0" end="100" time="300" delay="350">WindowOpen</animation>
		<animation effect="fade" start="100" end="0" time="0" delay="0">WindowClose</animation>
		<animation effect="fade" start="0" end="100" time="300" delay="250" reversible="false">visible</animation>
		<description>return to movie list</description>
		<type>label</type>
		<label>Press left to return to movie list</label>
		<id>0</id>
		<posX>1856</posX>
		<posY>1006</posY>
		<align>right</align>
		<font>AvalonLight12</font>
		<textcolor>6aa5cb</textcolor>
		<visible>facadeview.list+Control.HasFocus(80)</visible>
	</control>
	
	<control>
		<animation effect="fade" start="0" end="100" time="300" delay="350">WindowOpen</animation>
		<animation effect="fade" start="100" end="0" time="0" delay="0">WindowClose</animation>
		<animation effect="fade" start="0" end="100" time="350" delay="550" reversible="false">visible</animation>
		<animation effect="fade" start="100" end="0" time="0" delay="0">hidden</animation>
		<type>imagelist</type>
		<id>1</id>
		<posX>850</posX>
		<posY>789</posY>
		<width>185</width>
		<height>29</height>
		<textureWidth>32</textureWidth>
		<textureHeight>27</textureHeight>
		<subitems>
		<subitem>starblue.png</subitem>
		<subitem>starwhite.png</subitem>
		</subitems>
		<orientation>horizontal</orientation>
		<align>left</align>
		<imagesToDraw>5</imagesToDraw>
		<percentage>#myfilms.db.rating.value</percentage>
		<visible>facadeview.list+Control.IsVisible(50) + !string.equals(#Avalon.hidePoster,yes)</visible>
	</control>
	
	<!--            :: THUMBVIEW ::            -->
	
	<control>
		<animation effect="fade" start="0" end="100" time="300" delay="350">WindowOpen</animation>
		<animation effect="fade" start="100" end="0" time="0" delay="0">WindowClose</animation>
		<animation effect="fade" start="0" end="100" time="300" delay="350" reversible="false">visible</animation>
		<type>imagelist</type>
		<id>101</id>
		<posX>1280</posX>
		<posY>1008</posY>
		<width>185</width>
		<height>29</height>
		<textureWidth>32</textureWidth>
		<textureHeight>27</textureHeight>
		<subitems>
		<subitem>starblue.png</subitem>
		<subitem>starwhite.png</subitem>
		</subitems>
		<orientation>horizontal</orientation>
		<align>left</align>
		<imagesToDraw>5</imagesToDraw>
		<percentage>#myfilms.db.rating.value</percentage>
		<visible>[facadeview.smallicons|facadeview.largeicons]+Control.IsVisible(50)</visible>
	</control>
	
	
	<!--            :: FILMSTRIP VIEW ::            -->
	
	<control>
		<description>Movie Title Label</description>
		<type>fadelabel</type>
		<id>1</id>
		<posX>0</posX>
		<posY>942</posY>
		<width>1920</width>
		<align>center</align>
		<label>#myfilms.user.mastertitle.value</label>
		<font>fontB16</font>
		<visible>facadeview.filmstrip | facadeview.coverflow+Control.IsVisible(50)</visible>
		<animation effect="fade" time="250">WindowOpen</animation>
		<animation effect="fade" time="250">WindowClose</animation>
		<animation effect="fade" time="450" reversible="false">visible</animation>
	</control>
	
	<control>
		<animation effect="fade" start="0" end="100" time="300" delay="350">WindowOpen</animation>
		<animation effect="fade" start="100" end="0" time="0" delay="0">WindowClose</animation>
		<animation effect="fade" start="0" end="100" time="300" delay="250" reversible="false">visible</animation>
		<description>Year / Runtime / Genre</description>
		<type>fadelabel</type>
		<label>#myfilms.db.year.value - #myfilms.db.length.value #Avalon.Minutes - #myfilms.db.category.value</label>
		<id>0</id>
		<posX>0</posX>
		<posY>985</posY>
		<width>1920</width>
		<align>center</align>
		<font>AvalonLight12</font>
		<textcolor>6aa5cb</textcolor>
		<visible>facadeview.filmstrip | facadeview.coverflow+Control.IsVisible(50)+!Control.HasFocus(80)</visible>
	</control>
	
	<control>
		<animation effect="fade" time="250">WindowOpen</animation>
		<animation effect="fade" time="250">WindowClose</animation>
		<animation effect="fade" time="450" reversible="false">visible</animation>
		<type>imagelist</type>
		<id>101</id>
		<posX>880</posX>
		<posY>1010</posY>
		<width>185</width>
		<height>29</height>
		<textureWidth>32</textureWidth>
		<textureHeight>27</textureHeight>
		<subitems>
		<subitem>starblue.png</subitem>
		<subitem>starwhite.png</subitem>
		</subitems>
		<orientation>horizontal</orientation>
		<align>left</align>
		<imagesToDraw>5</imagesToDraw>
		<percentage>#myfilms.db.rating.value</percentage>
		<visible>facadeview.filmstrip | facadeview.coverflow+Control.IsVisible(50)</visible>
	</control>
	
</controls>
</window>
