<?xml version="1.0" encoding="utf-8" standalone="yes"?>
<window>
    <controls>

    <!-- FULL Fanart -->

	<control>
		<description>Fanart Overlay</description>
		<type>image</type>
		<id>0</id>
		<width>1518</width>
		<height>267</height>
		<posX>202</posX>		
		<posY>814</posY>		
		<texture>MyFilms_fanart info_panel.png</texture>
		<visible>Control.HasFocus(6106)</visible>
		<animation effect="fade" time="250">Visible</animation>
		<animation effect="fade" time="0">WindowClose</animation>				
	</control>

	<control>
		<type>fadelabel</type>
		<description>Title (Fanart View)</description>
		<id>1</id>
        <posX>270</posX>
        <posY>906</posY>
        <width>1390</width>
        <align>center</align>
		<font>fontB20</font>			
		<label>#Play.Current.Artist - #Play.Current.Title</label>
		<visible>Control.HasFocus(6106)</visible>
		<animation effect="fade" time="250">Visible</animation>
		<animation effect="fade" time="0">WindowClose</animation>	
	</control> 
		
	<control>
		<type>fadelabel</type>
		<description>Year and Category (Fanart View)</description>
		<id>1</id>
        <posX>270</posX>
        <posY>956</posY>
        <width>1390</width>
        <align>center</align>
		<font>AvalonLight14</font>
		<textcolor>6aa5cb</textcolor>
		<label>#(L(209)): #Play.Next.Artist - #Play.Next.Title</label>
		<visible>Control.HasFocus(6106)</visible>
		<animation effect="fade" time="250">Visible</animation>
		<animation effect="fade" time="0">WindowClose</animation>	
	</control> 

    <control>
        <id>0</id>
        <description>Progress background</description>
        <type>image</type>
        <visible>player.hasmedia</visible>
		<posX>502</posX>
		<posY>991</posY>
		<width>914</width>
		<height>18</height>
		<texture>osd_progress_bg_music.png</texture>
        <visible>Control.HasFocus(6106)</visible>
		<animation effect="fade" time="250">Visible</animation>
		<animation effect="fade" time="0">WindowClose</animation>
    </control>
		
    <control>
        <id>0</id>
        <description>progress bar</description>
        <type>progress</type>
        <visible>player.hasmedia</visible>
		<posX>492</posX>
		<posY>993</posY>
		<width>935</width>
		<height>15</height>
		<label>#percentage</label>
		<texturebg>-</texturebg>
		<lefttexture>osd_progress_left.png</lefttexture>
		<midtexture>osd_progress_mid.png</midtexture>
		<righttexture>osd_progress_right.png</righttexture>
        <visible>Control.HasFocus(6106)</visible>
		<animation effect="fade" time="250">Visible</animation>
		<animation effect="fade" time="0">WindowClose</animation>
    </control>
		
    <control>
        <id>0</id>
        <description>track duration label</description>
        <type>label</type>
        <visible>player.hasmedia</visible>
		<posX>404</posX>
		<posY>983</posY>
		<label>#currentplaytime</label>
		<align>left</align>
		<font>font11</font>
        <visible>Control.HasFocus(6106)</visible>
		<animation effect="fade" time="250">Visible</animation>
		<animation effect="fade" time="0">WindowClose</animation>
    </control>
		
    <control>
        <id>0</id>
        <description>track duration label</description>
        <type>fadelabel</type>
        <visible>player.hasmedia</visible>
		<posX>1514</posX>
		<posY>983</posY>
		<label>#currentremaining</label>
		<align>right</align>
		<font>font11</font>
        <visible>Control.HasFocus(6106)</visible>
		<animation effect="fade" time="250">Visible</animation>
		<animation effect="fade" time="0">WindowClose</animation>
     </control>

    </controls>
</window>
