<?xml version="1.0" encoding="utf-8" standalone="yes"?>
<window>
    <id>510</id>
    <defaultcontrol>6100</defaultcontrol>
    <allowoverlay>no</allowoverlay>
	<define>#usePlayFanart:Yes</define>
    <controls>

		
        <control>
          <description>DEFAULT BACKGROUND</description>
          <type>image</type>
          <id>0</id>
          <posX>0</posX>
          <posY>0</posY>
          <width>1920</width>
          <height>1080</height>
          <texture>background.png</texture>
          <shouldCache>true</shouldCache>
        </control>
		
		<import>common.music.play.fanart.xml</import>
		
        <control>
            <id>0</id>
            <type>image</type>
			<posX>178</posX>
			<posY>676</posY>
			<width>1560</width>
			<height>402</height>
			<texture>music_nowplaying_bg.png</texture>
            <visible>!Control.HasFocus(6106)</visible>
    		<animation effect="fade" start="0" end="100" time="300" delay="350">WindowOpen</animation>
    		<animation effect="fade" start="100" end="0" time="0" delay="0">WindowClose</animation>
        </control>
		
    	<control>
    		<description>details bg</description>
    		<type>image</type>
    		<id>0</id>
    		<posX>177</posX>
    		<posY>33</posY>
    		<width>1562</width>
    		<height>654</height>
    		<texture>music_details_bg.png</texture>
    		<visible>Control.HasFocus(6101) | Control.HasFocus(6102) | Control.HasFocus(6103) | Control.HasFocus(6104) | Control.HasFocus(166) | Control.HasFocus(155)</visible>
    		<animation effect="fade" start="100" end="0" time="200" reversible="false">Hidden</animation>
    		<animation effect="fade" start="0" end="100" delay="150" time="400" reversible="false">Visible</animation>
    		<animation effect="fade" start="0" end="100" time="300" delay="350">WindowOpen</animation>
    		<animation effect="fade" start="100" end="0" time="0" delay="0">WindowClose</animation>
    	</control>
		
	<control>
		<description>clock bg</description>
		<type>image</type>
		<id>0</id>
		<posX>1480</posX>
		<posY>748</posY>
		<width>188</width>
		<height>80</height>
		<texture>osd_clock_bg.png</texture>
        <visible>!Control.HasFocus(6106)</visible>
		<animation effect="fade" start="0" end="100" time="300" delay="350">WindowOpen</animation>
		<animation effect="fade" start="100" end="0" time="0" delay="0">WindowClose</animation>
	</control>
		
	<control>
		<type>label</type>
		<id>1</id>
		<description>Clock</description>
		<posX>1497</posX>
		<posY>792</posY>
		<width>144</width>
		<font>AvalonLight14</font>
		<align>center</align>
		<label>#time</label>
		<textcolor>ff85cffe</textcolor>
        <visible>!Control.HasFocus(6106)</visible>
		<animation effect="fade" start="0" end="100" time="300" delay="350">WindowOpen</animation>
		<animation effect="fade" start="100" end="0" time="0" delay="0">WindowClose</animation>
	</control>
		
	<control>
		<description>Animated EQ BG</description>
		<type>image</type>
		<id>0</id>
		<posX>1480</posX>
		<posY>840</posY>
		<width>188</width>
		<height>80</height>
		<texture>EQ_bg.png</texture>
        <visible>!Control.HasFocus(6106)</visible>
		<animation effect="fade" start="0" end="100" time="300" delay="350">WindowOpen</animation>
		<animation effect="fade" start="100" end="0" time="0" delay="0">WindowClose</animation>
	</control>
        
	<control>
		<description>Animated EQ</description>
		<type>image</type>
		<id>0</id>
		<posX>1495</posX>
		<posY>852</posY>
		<width>158</width>
		<height>55</height>
		<texture>MusicPlayingNow_EQ.gif</texture>
        <visible>player.playing+!Control.HasFocus(6106)</visible>
		<animation effect="fade" start="0" end="100" time="300" delay="350">WindowOpen</animation>
		<animation effect="fade" start="100" end="0" time="0" delay="0">WindowClose</animation>
	</control>
        
        <control>
            <id>0</id>
            <type>image</type>
            <visible>!control.hasthumb(112) + !Control.HasFocus(6106)</visible>
            <posX>250</posX>
            <posY>746</posY>
            <width>250</width>
            <height>250</height>
            <texture mask="music_listview_mask.png">DefaultMyradioBig.png</texture>
            <animation effect="Fade" time="1600">WindowOpen</animation>
            <animation effect="Fade" time="300">WindowClose</animation>
            <animation effect="Fade" time="1000" delay="200">VisibleChange</animation>
        </control>
		
		
    	<control>
			<description>Dummy</description>
			<type>button</type>
			<id>6100</id>
			<posX>2000</posX>
			<posY>2000</posY>
			<width>50</width>
			<height>50</height>		
			<onup>6100</onup>
			<ondown>6100</ondown>
			<onleft>6100</onleft>
			<onright>6101</onright>
			<label>-</label>
			<font>10</font>
			<textcolor>white</textcolor>
		</control>
		
    	<control>
			<description>Overview</description>
			<type>button</type>
			<id>6101</id>
			<posX>223</posX>
			<posY>651</posY>
			<width>311</width>
			<height>99</height>	
			<onup>6100</onup>
			<ondown>6100</ondown>
			<onleft>6100</onleft>
			<onright>6102</onright>
			<label>Overview</label>
			<font>fontB11</font>
			<textcolor>white</textcolor>
			<textcolorNoFocus>ffffffff</textcolorNoFocus>
			<textYOff>-10</textYOff>				
			<textalign>center</textalign>	
			<textureFocus>NP_tab_left_focus.png</textureFocus>
			<textureNoFocus>NP_tab_left_nofocus.png</textureNoFocus>
            <visible allowhiddenfocus="true">!Control.HasFocus(6106)</visible>
		    <animation effect="fade" start="0" end="100" time="300" delay="350">WindowOpen</animation>
		    <animation effect="fade" start="100" end="0" time="0" delay="0">WindowClose</animation>
		</control>
		
		<control>
			<description>Album Information</description>		
			<type>button</type>
			<id>6102</id>
			<posX>517</posX>
			<posY>651</posY>
			<width>311</width>
			<height>99</height>
			<onup>6100</onup>
			<ondown>6100</ondown>
			<onleft>6101</onleft>
			<onright>6103</onright>
			<label>Album Information</label>
			<font>fontB11</font>
			<textcolor>white</textcolor>
			<textcolorNoFocus>ffffffff</textcolorNoFocus>
			<textYOff>-10</textYOff>				
 			<textalign>center</textalign>	
			<textureFocus>NP_tab_middle_focus.png</textureFocus>
			<textureNoFocus>NP_tab_middle_nofocus.png</textureNoFocus>
            <visible>!Control.HasFocus(6106)</visible>
		    <animation effect="fade" start="0" end="100" time="300" delay="350">WindowOpen</animation>
		    <animation effect="fade" start="100" end="0" time="0" delay="0">WindowClose</animation>
		</control>
		
		<control>
			<description>Artist Information</description>		
			<type>button</type>
			<id>6103</id>
			<posX>811</posX>
			<posY>651</posY>
			<width>311</width>
			<height>99</height>
			<onup>6100</onup>
			<ondown>6100</ondown>
			<onleft>6102</onleft>
			<onright>6104</onright>
			<label>Artist Information</label>
			<font>fontB11</font>
			<textcolor>white</textcolor>
			<textcolorNoFocus>ffffffff</textcolorNoFocus>
			<textYOff>-10</textYOff>				
 			<textalign>center</textalign>	
			<textureFocus>NP_tab_middle_focus.png</textureFocus>
			<textureNoFocus>NP_tab_middle_nofocus.png</textureNoFocus>
            <visible>!Control.HasFocus(6106)</visible>
		    <animation effect="fade" start="0" end="100" time="300" delay="350">WindowOpen</animation>
		    <animation effect="fade" start="100" end="0" time="0" delay="0">WindowClose</animation>
		</control>
		
		<control>
			<description>Top Album Tracks</description>		
			<type>button</type>
			<id>6104</id>
			<posX>1105</posX>
			<posY>651</posY>
			<width>311</width>
			<height>99</height>
			<onup>155</onup>
			<ondown>6104</ondown>
			<onleft>6103</onleft>
			<onright>6105</onright>
			<label>Top Album Tracks/Tags</label>
			<font>fontB11</font>
			<textcolor>white</textcolor>
			<textcolorNoFocus>ffffffff</textcolorNoFocus>
			<textYOff>-10</textYOff>				
 			<textalign>center</textalign>	
			<textureFocus>NP_tab_middle_focus.png</textureFocus>
			<textureNoFocus>NP_tab_middle_nofocus.png</textureNoFocus>
            <visible>!Control.HasFocus(6106)</visible>
		    <animation effect="fade" start="0" end="100" time="300" delay="350">WindowOpen</animation>
		    <animation effect="fade" start="100" end="0" time="0" delay="0">WindowClose</animation>
		</control>
		
		<control>
			<description>Lyrics</description>		
			<type>button</type>
			<id>6105</id>
			<posX>1399</posX>
			<posY>651</posY>
			<width>294</width>
			<height>99</height>
			<onup>6100</onup>
			<ondown>6100</ondown>
			<onleft>6104</onleft>
			<onright>6106</onright>
			<label>Lyrics</label>
			<font>fontB11</font>
			<textcolor>white</textcolor>
			<textcolorNoFocus>ffffffff</textcolorNoFocus>
			<textYOff>-10</textYOff>				
 			<textalign>center</textalign>
			<hyperlink>90478</hyperlink>
			<textureFocus>NP_tab_right_focus.png</textureFocus>
			<textureNoFocus>NP_tab_right_nofocus.png</textureNoFocus>
            <visible allowhiddenfocus="true">!Control.HasFocus(6106)</visible>
		    <animation effect="fade" start="0" end="100" time="300" delay="350">WindowOpen</animation>
		    <animation effect="fade" start="100" end="0" time="0" delay="0">WindowClose</animation>
		</control>

		<control>
			<description>DUMMY Full Fanart</description>		
			<type>button</type>
			<id>6106</id>
			<posX>2100</posX>
			<posY>651</posY>
			<width>294</width>
			<height>99</height>
			<onup>6100</onup>
			<ondown>6100</ondown>
			<onleft>6105</onleft>
			<onright>6101</onright>
			<label>-</label>
			<font>fontB11</font>
			<textcolor>white</textcolor>
			<textcolorNoFocus>ffffffff</textcolorNoFocus>
			<textYOff>-10</textYOff>				
 			<textalign>center</textalign>
			<textureFocus>-</textureFocus>
			<textureNoFocus>-</textureNoFocus>
		</control>

        <control>
            <id>112</id>
            <description>album art image</description>
            <type>image</type>
            <posX>250</posX>
            <posY>746</posY>
            <width>250</width>
            <height>250</height>
            <texture mask="music_listview_mask.png">#Play.Current.Thumb</texture>
			<keepaspectratio>yes</keepaspectratio>
			<centered>yes</centered>	
			<zoom>yes</zoom>
            <visible>!Control.HasFocus(6106)</visible>
			<animation effect="fade" start="0" end="100" time="300" delay="350">WindowOpen</animation>
			<animation effect="fade" start="100" end="0" time="0" delay="0">WindowClose</animation>
			<animation effect="Fade" time="500">VisibleChange</animation>
            <animation effect="Fade" time="0">Hidden</animation>
        </control>
					
        <control>
            <id>0</id>
            <description>title label</description>
            <type>fadelabel</type>
            <posX>545</posX>
            <posY>751</posY>
			<width>924</width>
            <font>fontB16</font>
            <label>#Play.Current.Title</label>
            <visible>!Control.HasFocus(6106)</visible>
			<animation effect="fade" start="0" end="100" time="300" delay="350">WindowOpen</animation>
			<animation effect="fade" start="100" end="0" time="0" delay="0">WindowClose</animation>
        </control>
			
        <control>
            <id>0</id>
            <description>artist label</description>
            <type>fadelabel</type>
            <posX>545</posX>
            <posY>809</posY>
			<width>924</width>
            <font>fontB14</font>
            <textcolor>ff6aa5cb</textcolor>
            <label>#Play.Current.Artist - #Play.Current.Album</label>
            <visible>!Control.HasFocus(6106)</visible>
			<animation effect="fade" start="0" end="100" time="300" delay="350">WindowOpen</animation>
			<animation effect="fade" start="100" end="0" time="0" delay="0">WindowClose</animation>
        </control>
		
    <control>
      <type>label</type>
      <description>up next label</description>
      <id>20</id>
      <posX>-2000</posX>
      <posY>188</posY>
      <label>4541</label>
      <font>font13</font>
      <align>left</align>
      <textcolor>ffa9d0f7</textcolor>
    </control>
		
        <control>
            <id>0</id>
            <description>up next label</description>
            <type>fadelabel</type>
            <visible>Control.HasText(20)</visible>
            <posX>545</posX>
            <posY>885</posY>
			<width>924</width>
            <font>AvalonLight14</font>
            <textcolor>ff6aa5cb</textcolor>
            <label>#(L(209)): #Play.Next.Artist - #Play.Next.Title</label>
            <visible>!Control.HasFocus(6106)</visible>
 			<animation effect="fade" start="0" end="100" time="300" delay="350">WindowOpen</animation>
			<animation effect="fade" start="100" end="0" time="0" delay="0">WindowClose</animation>
        </control>
	
        <control>
            <id>141</id>
            <description>Rating</description>
            <type>imagelist</type>
            <posX>-2000</posX>
            <posY>845</posY>
			<width>185</width>
			<height>29</height>
			<textureWidth>28</textureWidth>
			<textureHeight>27</textureHeight>
            <percentage>#Play.Current.Rating</percentage>
            <imagesToDraw>5</imagesToDraw>
            <orientation>HORIZONTAL</orientation>
            <align>LEFT</align>
			<subitems>
			<subitem>starblue.png</subitem>
			<subitem>starwhite.png</subitem>
			</subitems>
 			<animation effect="fade" start="0" end="100" time="300" delay="350">WindowOpen</animation>
			<animation effect="fade" start="100" end="0" time="0" delay="0">WindowClose</animation>
        </control>
		
        <control>
            <id>117</id>
            <description>Progress background</description>
            <type>image</type>
            <visible>player.hasmedia</visible>
			<posX>648</posX>
			<posY>961</posY>
			<width>914</width>
			<height>18</height>
			<texture>osd_progress_bg_music.png</texture>
            <visible>!Control.HasFocus(6106)</visible>
			<animation effect="fade" start="0" end="100" time="300" delay="350">WindowOpen</animation>
			<animation effect="fade" start="100" end="0" time="0" delay="0">WindowClose</animation>
        </control>
		
        <control>
            <id>118</id>
            <description>progress bar</description>
            <type>progress</type>
            <posX>-2000</posX>
        </control>
		
        <control>
            <id>0</id>
            <description>progress bar</description>
            <type>progress</type>
            <visible>player.hasmedia</visible>
			<posX>638</posX>
			<posY>963</posY>
			<width>935</width>
			<height>15</height>
			<label>#percentage</label>
			<texturebg>-</texturebg>
			<lefttexture>osd_progress_left.png</lefttexture>
			<midtexture>osd_progress_mid.png</midtexture>
			<righttexture>osd_progress_right.png</righttexture>
            <visible>!Control.HasFocus(6106)</visible>
			<animation effect="fade" start="0" end="100" time="300" delay="350">WindowOpen</animation>
			<animation effect="fade" start="100" end="0" time="0" delay="0">WindowClose</animation>
        </control>
		
        <control>
            <id>0</id>
            <description>track duration label</description>
            <type>label</type>
            <visible>player.hasmedia</visible>
			<posX>548</posX>
			<posY>953</posY>
			<label>#currentplaytime</label>
			<align>left</align>
			<font>font11</font>
            <visible>!Control.HasFocus(6106)</visible>
			<animation effect="fade" start="0" end="100" time="300" delay="350">WindowOpen</animation>
			<animation effect="fade" start="100" end="0" time="0" delay="0">WindowClose</animation>
        </control>
		
        <control>
            <id>0</id>
            <description>track duration label</description>
            <type>fadelabel</type>
            <visible>player.hasmedia</visible>
			<posX>1660</posX>
			<posY>953</posY>
			<label>#currentremaining</label>
			<align>right</align>
			<font>font11</font>
            <visible>!Control.HasFocus(6106)</visible>
			<animation effect="fade" start="0" end="100" time="300" delay="350">WindowOpen</animation>
			<animation effect="fade" start="100" end="0" time="0" delay="0">WindowClose</animation>
        </control>
		
        <control>
            <description>group element</description>
            <type>group</type>
            <animation effect="Fade" reversible="FALSE" time="200">WindowOpen</animation>
            <animation effect="Fade" reversible="FALSE" time="200">WindowClose</animation>
        </control>
		
        <control>
            <id>77</id>
            <description>unknown rating1</description>
            <type>imagelist</type>
            <visible>no</visible>
            <posX>-2595</posX>
            <posY>610</posY>
            <width>130</width>
            <height>32</height>
            <textureHeight>24</textureHeight>
            <textureWidth>24</textureWidth>
            <percentage>#Lastfm.Rating.AlbumTrack1</percentage>
            <orientation>HORIZONTAL</orientation>
            <align>LEFT</align>
            <subitems>
                <subitem>greystar.png</subitem>
                <subitem>starbad.png</subitem>
            </subitems>
            <animation effect="Fade" time="200">WindowOpen</animation>
            <animation effect="Fade" time="200">WindowClose</animation>
        </control>
		
        <control>
            <id>78</id>
            <description>unknown rating2</description>
            <type>imagelist</type>
            <visible>no</visible>
            <posX>-2595</posX>
            <posY>580</posY>
            <width>130</width>
            <height>32</height>
            <textureHeight>24</textureHeight>
            <textureWidth>24</textureWidth>
            <percentage>#Lastfm.Rating.AlbumTrack2</percentage>
            <orientation>HORIZONTAL</orientation>
            <align>LEFT</align>
            <subitems>
                <subitem>greystar.png</subitem>
                <subitem>starbad.png</subitem>
            </subitems>
            <animation effect="Fade" time="200">WindowOpen</animation>
            <animation effect="Fade" time="200">WindowClose</animation>
        </control>
		
        <control>
            <id>79</id>
            <description>unknown rating3</description>
            <type>imagelist</type>
            <visible>no</visible>
            <posX>-2595</posX>
            <posY>628</posY>
            <width>130</width>
            <height>32</height>
            <textureHeight>24</textureHeight>
            <textureWidth>24</textureWidth>
            <percentage>#Lastfm.Rating.AlbumTrack3</percentage>
            <orientation>HORIZONTAL</orientation>
            <align>LEFT</align>
            <subitems>
                <subitem>starblue.png</subitem>
                <subitem>starblue.png</subitem>
            </subitems>
            <animation effect="Fade" time="200">WindowOpen</animation>
            <animation effect="Fade" time="200">WindowClose</animation>
        </control>
		
        <control>
            <id>80</id>
            <description>existent rating1</description>
            <type>imagelist</type>
            <visible>no</visible>
            <posX>-2595</posX>
            <posY>532</posY>
            <width>130</width>
            <height>32</height>
            <textureHeight>24</textureHeight>
            <textureWidth>24</textureWidth>
            <percentage>#Lastfm.Rating.AlbumTrack1</percentage>
            <orientation>HORIZONTAL</orientation>
            <align>LEFT</align>
            <subitems>
                <subitem>greystar.png</subitem>
                <subitem>stargood.png</subitem>
            </subitems>
            <animation effect="Fade" time="200">WindowOpen</animation>
            <animation effect="Fade" time="200">WindowClose</animation>
        </control>
		
        <control>
            <id>81</id>
            <description>existent rating2</description>
            <type>imagelist</type>
            <visible>no</visible>
            <posX>-2595</posX>
            <posY>580</posY>
            <width>130</width>
            <height>32</height>
            <textureHeight>24</textureHeight>
            <textureWidth>24</textureWidth>
            <percentage>#Lastfm.Rating.AlbumTrack2</percentage>
            <orientation>HORIZONTAL</orientation>
            <align>LEFT</align>
            <subitems>
                <subitem>greystar.png</subitem>
                <subitem>stargood.png</subitem>
            </subitems>
            <animation effect="Fade" time="200">WindowOpen</animation>
            <animation effect="Fade" time="200">WindowClose</animation>
        </control>
		
        <control>
            <id>82</id>
            <description>existent rating3</description>
            <type>imagelist</type>
            <visible>no</visible>
            <posX>-2595</posX>
            <posY>628</posY>
            <width>130</width>
            <height>32</height>
            <textureHeight>24</textureHeight>
            <textureWidth>24</textureWidth>
            <percentage>#Lastfm.Rating.AlbumTrack3</percentage>
            <orientation>HORIZONTAL</orientation>
            <align>LEFT</align>
            <subitems>
                <subitem>greystar.png</subitem>
                <subitem>stargood.png</subitem>
            </subitems>
            <animation effect="Fade" time="200">WindowOpen</animation>
            <animation effect="Fade" time="200">WindowClose</animation>
        </control>
		
        <control>
            <id>83</id>
            <description>known rating1</description>
            <type>imagelist</type>
            <visible>no</visible>
            <posX>-2595</posX>
            <posY>532</posY>
            <width>130</width>
            <height>32</height>
            <textureHeight>24</textureHeight>
            <textureWidth>24</textureWidth>
            <percentage>#Lastfm.Rating.AlbumTrack1</percentage>
            <orientation>HORIZONTAL</orientation>
            <align>LEFT</align>
            <subitems>
                <subitem>greystar.png</subitem>
                <subitem>starbetter.png</subitem>
            </subitems>
            <animation effect="Fade" time="200">WindowOpen</animation>
            <animation effect="Fade" time="200">WindowClose</animation>
        </control>
		
        <control>
            <id>84</id>
            <description>known rating2</description>
            <type>imagelist</type>
            <visible>no</visible>
            <posX>-2595</posX>
            <posY>580</posY>
            <width>130</width>
            <height>32</height>
            <textureHeight>24</textureHeight>
            <textureWidth>24</textureWidth>
            <percentage>#Lastfm.Rating.AlbumTrack2</percentage>
            <orientation>HORIZONTAL</orientation>
            <align>LEFT</align>
            <subitems>
                <subitem>greystar.png</subitem>
                <subitem>starbetter.png</subitem>
            </subitems>
            <animation effect="Fade" time="200">WindowOpen</animation>
            <animation effect="Fade" time="200">WindowClose</animation>
        </control>
		
        <control>
            <id>85</id>
            <description>known rating3</description>
            <type>imagelist</type>
            <visible>no</visible>
            <posX>-2595</posX>
            <posY>628</posY>
            <width>130</width>
            <height>32</height>
            <textureHeight>24</textureHeight>
            <textureWidth>24</textureWidth>
            <percentage>#Lastfm.Rating.AlbumTrack3</percentage>
            <orientation>HORIZONTAL</orientation>
            <align>LEFT</align>
            <subitems>
                <subitem>greystar.png</subitem>
                <subitem>starbetter.png</subitem>
            </subitems>
            <animation effect="Fade" time="200">WindowOpen</animation>
            <animation effect="Fade" time="200">WindowClose</animation>
        </control>
		
        <control>
            <id>87</id>
            <description>famous rating1</description>
            <type>imagelist</type>
            <visible>no</visible>
            <posX>-2595</posX>
            <posY>532</posY>
            <width>130</width>
            <height>32</height>
            <textureHeight>24</textureHeight>
            <textureWidth>24</textureWidth>
            <percentage>#Lastfm.Rating.AlbumTrack1</percentage>
            <orientation>HORIZONTAL</orientation>
            <align>LEFT</align>
            <subitems>
                <subitem>greystar.png</subitem>
                <subitem>starbest.png</subitem>
            </subitems>
            <animation effect="Fade" time="200">WindowOpen</animation>
            <animation effect="Fade" time="200">WindowClose</animation>
        </control>
		
        <control>
            <id>88</id>
            <description>famous rating2</description>
            <type>imagelist</type>
            <visible>no</visible>
            <posX>-2595</posX>
            <posY>580</posY>
            <width>130</width>
            <height>32</height>
            <textureHeight>24</textureHeight>
            <textureWidth>24</textureWidth>
            <percentage>#Lastfm.Rating.AlbumTrack2</percentage>
            <orientation>HORIZONTAL</orientation>
            <align>LEFT</align>
            <subitems>
                <subitem>greystar.png</subitem>
                <subitem>starbest.png</subitem>
            </subitems>
            <animation effect="Fade" time="200">WindowOpen</animation>
            <animation effect="Fade" time="200">WindowClose</animation>
        </control>
		
        <control>
            <id>89</id>
            <description>famous rating3</description>
            <type>imagelist</type>
            <visible>no</visible>
            <posX>-2595</posX>
            <posY>628</posY>
            <width>130</width>
            <height>32</height>
            <textureHeight>24</textureHeight>
            <textureWidth>24</textureWidth>
            <percentage>#Lastfm.Rating.AlbumTrack3</percentage>
            <orientation>HORIZONTAL</orientation>
            <align>LEFT</align>
            <subitems>
                <subitem>greystar.png</subitem>
                <subitem>starbest.png</subitem>
            </subitems>
            <animation effect="Fade" time="200">WindowOpen</animation>
            <animation effect="Fade" time="200">WindowClose</animation>
        </control>
		
        <control>
            <id>1337</id>
            <type>imagelist</type>
            <visible>Control.HasFocus(5101)</visible>
            <posX>-2700</posX>
            <posY>425</posY>
            <width>120</width>
            <height>24</height>
            <textureHeight>19</textureHeight>
            <textureWidth>23</textureWidth>
            <percentage>#Play.Current.Rating</percentage>
            <orientation>HORIZONTAL</orientation>
            <align>LEFT</align>
            <subitems>
                <subitem>starblue.png</subitem>
                <subitem>starwhite.png</subitem>
            </subitems>
            <animation effect="Fade" time="200">WindowOpen</animation>
            <animation effect="Fade" time="200">WindowClose</animation>
        </control>
<import>MyMusicPlayingNow.overview.xml</import>
<import>MyMusicPlayingNow.albuminfo.xml</import>
<import>MyMusicPlayingNow.artistinfo.xml</import>
<import>MyMusicPlayingNow.tags.xml</import>
<import>MyMusicPlayingNow.fanart.xml</import>

		<control>
            <type>fadelabel</type>
            <description>best album tracks label</description>
            <id>29</id>
            <posX>-2000</posX>
            <posY>517</posY>
            <width>497</width>
            <label>33030</label>
        </control>
        
		<control>
            <type>fadelabel</type>
            <description>best tag tracks label</description>
            <id>28</id>
            <posX>-2000</posX>
            <posY>517</posY>
            <width>497</width>
            <label>Top tracks for tag</label>
        </control>

		
    </controls>
</window>
