<?xml version="1.0" encoding="utf-8" standalone="yes"?>
<window>
<controls>

	<control>
		<id>1</id>
		<type>image</type>
		<posX>0</posX>
		<posY>440</posY>
		<width>64</width>
		<height>199</height>
		<texture>hiddenmenu_tab.png</texture>
		<visible>[facadeview.list | facadeview.smallicons | facadeview.largeicons]+Control.HasFocus(50) + !string.contains(#Avalon.HiddenMenu, false)</visible>
		<animation effect="slide" start="-60,0" time="250" delay="400">WindowOpen</animation>
		<animation effect="slide" start="0,0" end="-60,0" time="250" delay="100">WindowClose</animation>
	</control>
    
	<control>
		<id>1</id>
		<type>image</type>
		<posX>858</posX>
		<posY>0</posY>
		<texture>hiddenmenu_tab_up.png</texture>
		<visible>[facadeview.filmstrip | facadeview.coverflow] + Control.HasFocus(50) + !string.contains(#Avalon.HiddenMenu, false)</visible>
		<animation effect="slide" start="0,-60" time="250" delay="400">WindowOpen</animation>
		<animation effect="slide" start="0,0" end="0,-60" time="250" delay="100">WindowClose</animation>
	</control>	
	
	<control>
		<type>actiongroup</type>
		<description>action menu</description>
		<defaultcontrol>2</defaultcontrol>
		<onexit>50</onexit>
		<dimColor>00ffffff</dimColor>
		<buttonX>0</buttonX>
		<buttonY>0</buttonY>
		<buttonwidth>497</buttonwidth>
		<buttonheight>1080</buttonheight>
		
		<control>
			<type>image</type>
			<id>0</id>
			<width>1920</width>
			<height>1080</height>
			<texture>semi_trans_back_hidden_menu.png</texture>
			<visible>!Control.HasFocus(50)</visible>
			<animation effect="fade" time="450">visible</animation>
			<animation effect="fade" time="400">hidden</animation>
		</control>
	
		<control>
			<type>image</type>
			<id>0</id>
			<posY>15</posY>
			<posX>0</posX>
			<width>631</width>
			<height>1044</height>
			<texture>menu_bg.png</texture>
			<visible>!Control.HasFocus(50)</visible>
    		<animation effect="fade" time="0">WindowClose</animation>
    		<animation effect="slide" start="-150,0" time="100">visible</animation>
    		<animation effect="fade" time="50">visible</animation>
    		<animation effect="fade" time="0">hidden</animation>
		</control>
	
		<control>
			<type>image</type>
			<id>0</id>
			<posY>360</posY>
			<posX>128</posX>
			<width>376</width>
			<height>1</height>
			<texture>hiddenmenu_separator.png</texture>
			<visible>!Control.HasFocus(50)</visible>
    		<animation effect="fade" time="0">WindowClose</animation>
    		<animation effect="slide" start="-150,0" time="100">visible</animation>
    		<animation effect="fade" time="50">visible</animation>
    		<animation effect="fade" time="0">hidden</animation>
		</control>
		<control>
			<type>image</type>
			<id>0</id>
			<posY>552</posY>
			<posX>128</posX>
			<width>376</width>
			<height>1</height>
			<texture>hiddenmenu_separator.png</texture>
			<visible>!Control.HasFocus(50)</visible>
    		<animation effect="fade" time="0">WindowClose</animation>
    		<animation effect="slide" start="-150,0" time="100">visible</animation>
    		<animation effect="fade" time="50">visible</animation>
    		<animation effect="fade" time="0">hidden</animation>
		</control>
		<control>
			<type>image</type>
			<id>0</id>
			<posY>744</posY>
			<posX>128</posX>
			<width>376</width>
			<height>1</height>
			<texture>hiddenmenu_separator.png</texture>
			<visible>!Control.HasFocus(50)</visible>
    		<animation effect="fade" time="0">WindowClose</animation>
    		<animation effect="slide" start="-150,0" time="100">visible</animation>
    		<animation effect="fade" time="50">visible</animation>
    		<animation effect="fade" time="0">hidden</animation>
		</control>
		<control>
			<description>Menu label</description>
			<type>label</type>
			<id>1</id>
			<posX>128</posX>
			<posY>114</posY>
			<label>924</label>
			<font>fontB12</font>
			<textcolor>ffffff</textcolor>
			<visible>!Control.HasFocus(50)</visible>
    		<animation effect="fade" time="0">WindowClose</animation>
    		<animation effect="slide" start="-150,0" time="100">visible</animation>
    		<animation effect="fade" time="50">visible</animation>
    		<animation effect="fade" time="0">hidden</animation>
    	</control>
		<control>
			<description>Playlist label</description>
			<type>label</type>
			<id>1</id>
			<posX>128</posX>
			<posY>370</posY>
			<label>136</label>
			<font>fontB12</font>
			<textcolor>ffffff</textcolor>
 			<visible>!Control.HasFocus(50)</visible>
    		<animation effect="fade" time="0">WindowClose</animation>
    		<animation effect="slide" start="-150,0" time="100">visible</animation>
    		<animation effect="fade" time="50">visible</animation>
    		<animation effect="fade" time="0">hidden</animation>
		</control>
		<control>
			<description>Settings label</description>
			<type>label</type>
			<id>1</id>
			<posX>128</posX>
			<posY>560</posY>
			<label>100004</label>
			<font>fontB12</font>
			<textcolor>ffffff</textcolor>
 			<visible>!Control.HasFocus(50)</visible>
    		<animation effect="fade" time="0">WindowClose</animation>
    		<animation effect="slide" start="-150,0" time="100">visible</animation>
    		<animation effect="fade" time="50">visible</animation>
    		<animation effect="fade" time="0">hidden</animation>
		</control>
		<control>
			<description>Jump to label</description>
			<type>label</type>
			<id>1</id>
			<posX>128</posX>
			<posY>752</posY>
			<label>1065</label>
			<font>fontB12</font>
			<textcolor>ffffff</textcolor>
 			<visible>!Control.HasFocus(50)</visible>
    		<animation effect="fade" time="0">WindowClose</animation>
    		<animation effect="slide" start="-150,0" time="100">visible</animation>
    		<animation effect="fade" time="50">visible</animation>
    		<animation effect="fade" time="0">hidden</animation>
		</control>
          <control>
            <type>group</type>
            <description>group element</description>
 			<visible>!Control.HasFocus(50)</visible>
    		<animation effect="fade" time="0">WindowClose</animation>
    		<animation effect="slide" start="-150,0" time="100">visible</animation>
    		<animation effect="fade" time="50">visible</animation>
    		<animation effect="fade" time="0">hidden</animation>
            <posX>69</posX>
            <posY>155</posY>
            <layout>StackLayout(0, Vertical, true)</layout>			
				
				<control>
					<description>View-As</description>
					<type>button</type>
					<id>2</id>
					<textureFocus>hiddenmenu_item_selected.png</textureFocus>
					<textureNoFocus>-</textureNoFocus>
    				<width>497</width>
    				<height>64</height>
    				<textXOff>58</textXOff>
    				<textYOff>14</textYOff>
					<label>100</label>
					<onright>50</onright>
					<onleft>50</onleft>
                    <ondown>5</ondown>
                    <onup>15</onup>
				</control>

				<control>
					<description>Switch View</description>
					<type>button</type>
					<id>5</id>
					<textureFocus>hiddenmenu_item_selected.png</textureFocus>
					<textureNoFocus>-</textureNoFocus>
    				<width>497</width>
    				<height>64</height>
    				<textXOff>58</textXOff>
    				<textYOff>14</textYOff>
					<label>457</label>
					<onright>50</onright>
					<onleft>50</onleft>
				</control>

				<control>
					<description>Sort</description>
					<type>sortbutton</type>
					<id>3</id>
					<textureFocus>hiddenmenu_item_selected.png</textureFocus>
					<textureNoFocus>-</textureNoFocus>
    				<width>497</width>
    				<height>64</height>
    				<textXOff>58</textXOff>
    				<textYOff>14</textYOff>
					<label>103</label>
					<offsetSortButtonX>270</offsetSortButtonX>
					<offsetSortButtonY>27</offsetSortButtonY>
					<onright>50</onright>
					<onleft>50</onleft>
                    <ondown>9</ondown>
				</control>

                <control>
                    <description>Empty button</description>
                    <type>button</type>
                    <id>0</id>
    			    <textureFocus>-</textureFocus>
    			    <textureNoFocus>-</textureNoFocus>
    		        <width>497</width>
    			    <height>64</height>
                    <label>-</label>
                    <visible>true</visible>
                </control>

				<control>
					<description>Current Playlist</description>
					<type>button</type>
					<id>9</id>
					<textureFocus>hiddenmenu_item_selected.png</textureFocus>
					<textureNoFocus>-</textureNoFocus>
    				<width>497</width>
    				<height>64</height>
    				<textXOff>58</textXOff>
    				<textYOff>14</textYOff>
					<label>4555</label>
					<action>33</action>
					<onright>50</onright>
					<onleft>50</onleft>
                    <onup>3</onup>
				</control>

				<control>
					<description>My Playlists</description>
					<type>button</type>
					<id>10</id>
					<textureFocus>hiddenmenu_item_selected.png</textureFocus>
					<textureNoFocus>-</textureNoFocus>
    				<width>497</width>
    				<height>64</height>
    				<textXOff>58</textXOff>
    				<textYOff>14</textYOff>
					<label>983</label>
					<onright>50</onright>
					<onleft>50</onleft>
                    <ondown>66610</ondown>
				</control>

                <control>
                    <description>Empty button</description>
                    <type>button</type>
                    <id>0</id>
    			    <textureFocus>-</textureFocus>
    			    <textureNoFocus>-</textureNoFocus>
    		        <width>497</width>
    			    <height>64</height>
                    <label>-</label>
                    <visible>true</visible>
                </control>

    			<control>
    				<description>Music Settings</description>
    				<type>button</type>
    				<id>66610</id>
    				<textureFocus>hiddenmenu_item_selected.png</textureFocus>
    				<textureNoFocus>-</textureNoFocus>
    				<width>497</width>
    				<height>64</height>
    				<textXOff>58</textXOff>
    				<textYOff>14</textYOff>
    				<label>249</label>
    				<hyperlink>14</hyperlink>
    				<onleft>50</onleft>
                    <onright>50</onright>
    				<onup>10</onup>
    				<ondown>66612</ondown>
    			</control>
    			
    			<control>
    				<description>Skin Settings</description>
    				<type>button</type>
    				<id>66612</id>
    				<textureFocus>hiddenmenu_item_selected.png</textureFocus>
    				<textureNoFocus>-</textureNoFocus>
    				<width>497</width>
    				<height>64</height>
    				<textXOff>58</textXOff>
    				<textYOff>14</textYOff>
    				<label>#Avalon.SkinSettings</label>
    				<hyperlink>155100</hyperlink>
    				<onleft>50</onleft>
                    <onright>50</onright>
    				<onup>66610</onup>
    				<ondown>11</ondown>
    			</control>

                <control>
                    <description>Empty button</description>
                    <type>button</type>
                    <id>0</id>
    			    <textureFocus>-</textureFocus>
    			    <textureNoFocus>-</textureNoFocus>
    		        <width>497</width>
    			    <height>64</height>
                    <label>-</label>
                    <visible>true</visible>
                </control>

				<control>
					<description>Now playing</description>
					<type>button</type>
					<id>11</id>
					<textureFocus>hiddenmenu_item_selected.png</textureFocus>
					<textureNoFocus>-</textureNoFocus>
    				<width>497</width>
    				<height>64</height>
    				<textXOff>58</textXOff>
    				<textYOff>14</textYOff>
					<label>4540</label>
					<hyperlink>510</hyperlink>
					<onright>50</onright>
					<onleft>50</onleft>
                    <onup>66612</onup>
				</control>

				<control>
					<description>Search</description>
					<type>button</type>
					<id>200</id>
					<textureFocus>hiddenmenu_item_selected.png</textureFocus>
					<textureNoFocus>-</textureNoFocus>
    				<width>497</width>
    				<height>64</height>
    				<textXOff>58</textXOff>
    				<textYOff>14</textYOff>
					<label>137</label>
					<hyperlink>30885</hyperlink>
					<onright>50</onright>
					<onleft>50</onleft>
                    <ondown>15</ondown>
                    <onup>11</onup>
					<visible>plugin.isenabled(Search music)</visible>
				</control>

				<control>
					<description>Lyrics</description>
					<type>button</type>
					<id>15</id>
					<textureFocus>hiddenmenu_item_selected.png</textureFocus>
					<textureNoFocus>-</textureNoFocus>
    				<width>497</width>
    				<height>64</height>
    				<textXOff>58</textXOff>
    				<textYOff>14</textYOff>
					<label>Lyrics</label>
					<hyperlink>90478</hyperlink>
					<onright>50</onright>
					<onleft>50</onleft>
                    <ondown>2</ondown>
                    <onup>200</onup>
                    <visible>plugin.isenabled(My Lyrics)</visible>
				</control>	

			</control>
			
		</control>
	
</controls>
</window>