<?xml version="1.0" encoding="utf-8" standalone="yes"?>
<window>
<id>504</id>
<defaultcontrol>2</defaultcontrol>
<allowoverlay>yes</allowoverlay>
<define>#header.label:#selecteditem</define>
<define>#useSelectedFanart:Yes</define>
<controls>

    <control>
      <description>dummy poster control</description>
      <type>label</type>
      <id>1</id>
      <posX>-2000</posX>
      <posY>-2000</posY>
      <label>#Avalon.EnablePosterHide</label>
    </control>

	<import>common.window.music.genres.xml</import>
	
	<control>
		<animation effect="fade" time="100">WindowOpen</animation>
		<animation effect="fade" time="100">WindowClose</animation>
		<type>label</type>
		<id>1</id>
		<posX>185</posX>
		<posY>38</posY>
		<width>500</width>
		<label>2</label>
		<textcolor>6aa5cb</textcolor>
		<font>font22</font>
		<visible>facadeview.list | facadeview.album | facadeview.filmstrip | facadeview.smallicons | facadeview.largeicons</visible>
	</control>
	
<import>common.time.xml</import>
		
	<control>
		<animation effect="fade" start="0" end="100" time="300" delay="350">WindowOpen</animation>
		<animation effect="fade" start="100" end="0" time="0" delay="0">WindowClose</animation>
		<animation effect="fade" start="0" end="100" time="350" delay="550" reversible="false">visible</animation>
		<animation effect="fade" start="100" end="0" time="0" delay="0">hidden</animation>
		<description>Poster glow</description>
		<type>image</type>
		<id>1</id>
		<posX>423</posX>
		<posY>101</posY>
		<width>485</width>
		<height>486</height>
		<texture>list_music_glow.png</texture>
		<visible>[[facadeview.list|facadeview.album] + control.hasthumb(500)] + !string.equals(#Avalon.hidePoster,yes)</visible>
	</control>
	
	<control>
		<animation effect="fade" start="0" end="100" time="300" delay="350">WindowOpen</animation>
		<animation effect="fade" start="100" end="0" time="0" delay="0">WindowClose</animation>
		<animation effect="fade" start="0" end="100" time="350" delay="550" reversible="false">visible</animation>
		<animation effect="fade" start="100" end="0" time="0" delay="0">hidden</animation>
		<type>image</type>
		<id>0</id>
		<posX>490</posX>
		<posY>169</posY>
		<width>350</width>
		<height>350</height>
		<visible>[facadeview.list|facadeview.album]+[!control.hasthumb(500)|string.equals(#selectedthumb,defaultFolderBig.png)] + !string.equals(#Avalon.hidePoster,yes)</visible>
		<texture flipY="true" diffuse="Thumb_Mask.png" mask="music_listview_mask.png">DefaultMyradioBig.png</texture>
	</control>
	
	<control>
		<animation effect="fade" start="0" end="100" time="300" delay="350">WindowOpen</animation>
		<animation effect="fade" start="100" end="0" time="0" delay="0">WindowClose</animation>
		<animation effect="fade" start="0" end="100" time="350" delay="550" reversible="false">visible</animation>
		<animation effect="fade" start="100" end="0" time="0" delay="0">hidden</animation>
		<type>image</type>
		<id>500</id>
		<posX>490</posX>
		<posY>169</posY>
		<width>350</width>
		<height>350</height>
		<texture flipY="true" diffuse="Thumb_Mask.png" mask="music_listview_mask.png">#selectedthumb</texture>
		<visible>[facadeview.list|facadeview.album] + !string.equals(#Avalon.hidePoster,yes)</visible>
	</control>
    
	<!--            :: Info Labels ::            -->
	
	<control>
		<description>year dummy</description>
		<type>label</type>
		<id>400</id>
		<posX>-2000</posX>
		<posY>1006</posY>
		<label>#music.year</label>
	</control>
    
	<control>
		<description>Album / Tracks</description>
		<type>label</type>
		<id>0</id>
		<posX>1832</posX>
		<posY>1006</posY>
		<width>1200</width>
		<align>right</align>
		<font>AvalonLight12</font>
		<textcolor>6aa5cb</textcolor>
		<label>Album: #music.album | #music.year - #music.genre</label>
		<visible>[facadeview.list|facadeview.smallicons|facadeview.largeicons]+Control.IsVisible(50) + Control.Hastext(400) + !string.equals(#selecteditem,..)</visible>
		<animation effect="fade" start="0" end="100" time="300" delay="350">WindowOpen</animation>
		<animation effect="fade" start="100" end="0" time="0" delay="0">WindowClose</animation>
		<animation effect="fade" start="0" end="100" time="300" delay="250" reversible="false">visible</animation>
	</control>
    
<import>mymusic.hiddenmenu.xml</import>
<import>common.facade.music.xml</import>	
<import>common.overlay.xml</import>
</controls>
</window>