<?xml version="1.0" encoding="utf-8" standalone="yes"?>
<window>
    <controls>

	<!--            :: Top Album tracks/tags ::            -->
	
	
		<control>
            <id>0</id>
            <description>list of top album tracks label</description>
            <type>fadelabel</type>
            <visible>Control.HasFocus(6104) | Control.HasFocus(166) | Control.HasFocus(155)</visible>
            <posX>544</posX>
            <posY>145</posY>
            <width>627</width>
            <font>fontB20</font>
            <textcolor>ff6aa5cb</textcolor>
            <label>33030</label>
			<animation effect="fade" start="100" end="0" time="200" reversible="false">Hidden</animation>
			<animation effect="fade" start="0" end="100" delay="150" time="400" reversible="false">Visible</animation>
			<animation effect="fade" start="0" end="100" time="300" delay="350">WindowOpen</animation>
			<animation effect="fade" start="100" end="0" time="0" delay="0">WindowClose</animation>
        </control>
		
        <control>
            <id>166</id>
            <description>list of top album tracks</description>
            <type>listcontrol</type>
            <onleft>6103</onleft>
            <onright>6105</onright>
            <onup>155</onup>
            <ondown>155</ondown>
            <posX>504</posX>
            <posY>200</posY>
            <width>640</width>
            <height>210</height>
			<animation effect="fade" start="100" end="0" time="200" reversible="false">Hidden</animation>
			<animation effect="fade" start="0" end="100" delay="150" time="400" reversible="false">Visible</animation>
			<animation effect="fade" start="0" end="100" time="300" delay="350">WindowOpen</animation>
			<animation effect="fade" start="100" end="0" time="0" delay="0">WindowClose</animation>
            <textXOff>30</textXOff>
			<textYOff>0</textYOff>
            <IconXOff>0</IconXOff>
            <spinColor>-</spinColor>
            <image>-</image>
            <font>AvalonLight14</font>
            <textureUp>-</textureUp>
            <textureDown>-</textureDown>
            <textureUpFocus>-</textureUpFocus>
            <textureDownFocus>-</textureDownFocus>
            <textureFocus>list_sub_focus_arrow_small.png</textureFocus>
            <textureHeight>38</textureHeight>
            <textureNoFocus>-</textureNoFocus>
            <spaceBetweenItems>0</spaceBetweenItems>
            <visible>Control.HasFocus(6104) | Control.HasFocus(166) | Control.HasFocus(155)</visible>
			<dimColor>ffffffff</dimColor>
        </control>
		
        <control>
            <id>0</id>
            <description>list of tagged tracks label</description>
            <type>fadelabel</type>
            <visible>Control.HasFocus(6104) | Control.HasFocus(155) | Control.HasFocus(166)</visible>
            <posX>544</posX>
            <posY>377</posY>
            <width>627</width>
            <font>fontB20</font>
            <textcolor>ff6aa5cb</textcolor>
            <label>33011</label>
			<animation effect="fade" start="100" end="0" time="200" reversible="false">Hidden</animation>
			<animation effect="fade" start="0" end="100" delay="150" time="400" reversible="false">Visible</animation>
			<animation effect="fade" start="0" end="100" time="300" delay="350">WindowOpen</animation>
			<animation effect="fade" start="100" end="0" time="0" delay="0">WindowClose</animation>
        </control>
		
        <control>
            <id>155</id>
            <description>list of tagged tracks</description>
            <type>listcontrol</type>
            <onleft>6103</onleft>
            <onright>6105</onright>
            <onup>166</onup>
            <ondown>155</ondown>
            <posX>504</posX>
            <posY>440</posY>
            <width>640</width>
            <height>210</height>
			<animation effect="fade" start="100" end="0" time="200" reversible="false">Hidden</animation>
			<animation effect="fade" start="0" end="100" delay="150" time="400" reversible="false">Visible</animation>
			<animation effect="fade" start="0" end="100" time="300" delay="350">WindowOpen</animation>
			<animation effect="fade" start="100" end="0" time="0" delay="0">WindowClose</animation>
            <textXOff>30</textXOff>
			<textYOff>0</textYOff>
            <IconXOff>0</IconXOff>
            <spinColor>-</spinColor>
            <image>-</image>
            <font>AvalonLight14</font>
            <textureUp>-</textureUp>
            <textureDown>-</textureDown>
            <textureUpFocus>-</textureUpFocus>
            <textureDownFocus>-</textureDownFocus>
            <textureFocus>list_sub_focus_arrow_small.png</textureFocus>
            <textureHeight>38</textureHeight>
            <textureNoFocus>-</textureNoFocus>
            <spaceBetweenItems>0</spaceBetweenItems>
            <visible>Control.HasFocus(6104) | Control.HasFocus(155) | Control.HasFocus(166)</visible>
			<dimColor>ffffffff</dimColor>
        </control>	

    </controls>
</window>
