<?xml version="1.0" encoding="utf-8" standalone="yes"?>
<window>
    <controls>
	
        <control>
            <id>0</id>
            <description>album art image</description>
            <type>image</type>
			<visible>Control.HasFocus(6103)</visible>
            <posX>250</posX>
            <posY>138</posY>
            <width>250</width>
            <height>250</height>
            <texture mask="music_listview_mask.png">#fanarthandler.music.artisthumb.play</texture>
			<keepaspectratio>yes</keepaspectratio>
			<centered>yes</centered>	
			<zoom>yes</zoom>			
			<animation effect="fade" start="100" end="0" time="200" reversible="false">Hidden</animation>
			<animation effect="fade" start="0" end="100" delay="150" time="400" reversible="false">Visible</animation>
			<animation effect="fade" start="0" end="100" time="300" delay="350">WindowOpen</animation>
			<animation effect="fade" start="100" end="0" time="0" delay="0">WindowClose</animation>
        </control>
		
    <!--            :: Artist Info Labels ::            -->
	
	
        <control>
            <id>0</id>
            <description>artist label</description>
            <type>label</type>
			<visible>Control.HasFocus(6103)</visible>
			<posX>544</posX>
			<posY>142</posY>
			<label>Artist</label>
			<align>left</align>
			<font>AvalonLight12</font>
			<textcolor>ff6aa5cb</textcolor>
			<animation effect="fade" start="100" end="0" time="200" reversible="false">Hidden</animation>
			<animation effect="fade" start="0" end="100" delay="150" time="400" reversible="false">Visible</animation>
			<animation effect="fade" start="0" end="100" time="300" delay="350">WindowOpen</animation>
			<animation effect="fade" start="100" end="0" time="0" delay="0">WindowClose</animation>
        </control>
		
        <control>
            <id>0</id>
            <description>artist value</description>
            <type>fadelabel</type>
			<visible>Control.HasFocus(6103)</visible>
			<posX>747</posX>
			<posY>139</posY>
            <width>924</width>
			<label>#Play.Current.Artist</label>
			<align>left</align>
			<font>AvalonLight14</font>
			<animation effect="fade" start="100" end="0" time="200" reversible="false">Hidden</animation>
			<animation effect="fade" start="0" end="100" delay="150" time="400" reversible="false">Visible</animation>
			<animation effect="fade" start="0" end="100" time="300" delay="350">WindowOpen</animation>
			<animation effect="fade" start="100" end="0" time="0" delay="0">WindowClose</animation>
        </control>
	
        <control>
            <id>0</id>
            <description>born label</description>
            <type>label</type>
			<visible>Control.HasFocus(6103)</visible>
			<posX>544</posX>
			<posY>182</posY>
			<label>Born</label>
			<align>left</align>
			<font>AvalonLight12</font>
			<textcolor>ff6aa5cb</textcolor>
			<animation effect="fade" start="100" end="0" time="200" reversible="false">Hidden</animation>
			<animation effect="fade" start="0" end="100" delay="150" time="400" reversible="false">Visible</animation>
			<animation effect="fade" start="0" end="100" time="300" delay="350">WindowOpen</animation>
			<animation effect="fade" start="100" end="0" time="0" delay="0">WindowClose</animation>
        </control>
		
        <control>
            <id>0</id>
            <description>born value</description>
            <type>fadelabel</type>
			<visible>Control.HasFocus(6103)</visible>
			<posX>747</posX>
			<posY>180</posY>
            <width>924</width>
			<label>#Play.ArtistInfo.Born</label>
			<align>left</align>
			<font>AvalonLight14</font>
			<animation effect="fade" start="100" end="0" time="200" reversible="false">Hidden</animation>
			<animation effect="fade" start="0" end="100" delay="150" time="400" reversible="false">Visible</animation>
			<animation effect="fade" start="0" end="100" time="300" delay="350">WindowOpen</animation>
			<animation effect="fade" start="100" end="0" time="0" delay="0">WindowClose</animation>
        </control>
		
        <control>
            <id>0</id>
            <description>country label</description>
            <type>label</type>
			<visible>Control.HasFocus(6103)</visible>
			<posX>544</posX>
			<posY>224</posY>
			<label>Country</label>
			<align>left</align>
			<font>AvalonLight12</font>
			<textcolor>ff6aa5cb</textcolor>
			<animation effect="fade" start="100" end="0" time="200" reversible="false">Hidden</animation>
			<animation effect="fade" start="0" end="100" delay="150" time="400" reversible="false">Visible</animation>
			<animation effect="fade" start="0" end="100" time="300" delay="350">WindowOpen</animation>
			<animation effect="fade" start="100" end="0" time="0" delay="0">WindowClose</animation>
        </control>
<!--		
        <control>
            <id>0</id>
            <description>country value</description>
            <type>label</type>
			<visible>Control.HasFocus(6103)</visible>
			<posX>747</posX>
			<posY>223</posY>
			<label>#Play.AlbumInfo.Year</label>
			<align>left</align>
			<font>AvalonLight14</font>
			<animation effect="fade" start="100" end="0" time="200" reversible="false">Hidden</animation>
			<animation effect="fade" start="0" end="100" delay="150" time="400" reversible="false">Visible</animation>
			<animation effect="fade" start="0" end="100" time="300" delay="350">WindowOpen</animation>
			<animation effect="fade" start="100" end="0" time="0" delay="0">WindowClose</animation>
        </control>
-->		
        <control>
            <id>0</id>
            <description>Album Artist label</description>
            <type>textboxscrollup</type>
			<visible>Control.HasFocus(6103)</visible>
			<posX>544</posX>
			<posY>285</posY>
			<width>1080</width>
			<height>318</height>
			<label>#Play.ArtistInfo.Bio</label>
			<lineSpacing>0.95</lineSpacing>
			<animation effect="fade" start="100" end="0" time="200" reversible="false">Hidden</animation>
			<animation effect="fade" start="0" end="100" delay="150" time="400" reversible="false">Visible</animation>
			<animation effect="fade" start="0" end="100" time="300" delay="350">WindowOpen</animation>
			<animation effect="fade" start="100" end="0" time="0" delay="0">WindowClose</animation>
        </control>
    </controls>
</window>
