<?xml version="1.0" encoding="utf-8" standalone="yes"?>
<window>
  <controls>    
  
     <!--            :: BACKGROUNDS ::           	 -->
  	
	<control>
		<description>Poster shadow</description>
		<type>image</type>
		<id>1</id>
		<posX>109</posX>
		<posY>110</posY>
		<width>465</width>
		<height>605</height>
		<texture>list_poster_glow.png</texture>
		<visible>string.equals(#OnlineVideos.state, details)</visible>
 		<animation effect="fade" start="0" end="100" time="300" delay="350">WindowOpen</animation>
		<animation effect="fade" start="100" end="0" time="0" delay="0">WindowClose</animation>
	</control>
  
    <control>
		<type>image</type>
		<description>movie poster</description>
		<id>24</id>
		<posX>176</posX>
		<posY>178</posY>
		<width>330</width>
		<height>470</height>
		<visible>string.equals(#OnlineVideos.state, details)</visible>
		<texture flipY="true" diffuse="Thumb_Mask.png" mask="poster_mask.png">#OnlineVideos.Details.Poster</texture>
 		<animation effect="fade" start="0" end="100" time="300" delay="350">WindowOpen</animation>
		<animation effect="fade" start="100" end="0" time="0" delay="0">WindowClose</animation>
    </control>
	
    <!--            :: LIST ::           	 -->
    
	<control>
		<description>listcontrol</description>
		<type>listcontrol</type>
		<id>51</id>
		<onleft>97258</onleft>
		<onright>51</onright>
		<scrollOffset>1</scrollOffset>
		<posX>744</posX>
		<posY>670</posY>
		<width>1050</width>
		<height>200</height>
		<textXOff>50</textXOff>
		<textXOff2>1040</textXOff2>
		<textureHeight>52</textureHeight>
		<textureFocus>settings_button_focus.png</textureFocus>
		<textureNoFocus>settings_button_nofocus.png</textureNoFocus>
		<dimColor>ffffffff</dimColor>
		<visible>string.equals(#OnlineVideos.state, details)</visible>
		<animation effect="fade" start="0" end="100" time="300" delay="350">WindowOpen</animation>
		<animation effect="fade" start="100" end="0" time="0" delay="0">WindowClose</animation>
    </control>
    
	<control>
        <description>Add to Trakt Movie Watch List</description>
        <type>button</type>
        <id>97258</id>
        <posX>50</posX>
        <posY>800</posY>
        <width>580</width>
		<height>52</height>
        <label>#Trakt.Translation.AddToWatchList.Label</label>
        <onup>51</onup>
        <ondown>51</ondown>
        <onright>51</onright>
        <onleft>51</onleft>
        <textalign>center</textalign>
        <textXOff>0</textXOff>
        <textYOff>2</textYOff>
        <visible>string.equals(#OnlineVideos.state,details)+[string.equals(#OnlineVideos.selectedSiteUtil,IMDB)|string.equals(#OnlineVideos.selectedSiteUtil,ITMovieTrailers)]+plugin.isenabled(Trakt)</visible>
		<animation effect="fade" start="0" end="100" time="300" delay="350">WindowOpen</animation>
		<animation effect="fade" start="100" end="0" time="0" delay="0">WindowClose</animation>
    </control>
	
    <!--            :: INFOS ::           	 -->
	
	<control>
		<description>Title</description>
		<type>fadelabel</type>
		<id>1</id>
		<posX>745</posX>
		<posY>162</posY>
		<width>1170</width>
		<label>#OnlineVideos.Details.Title</label>
		<font>fontB20</font>
		<visible>string.equals(#OnlineVideos.state, details) + string.equals(#OnlineVideos.selectedSiteUtil, ITMovieTrailers)</visible>
		<animation effect="fade" start="0" end="100" time="300" delay="350">WindowOpen</animation>
		<animation effect="fade" start="100" end="0" time="0" delay="0">WindowClose</animation>
	</control>
	
	<control Style="InfoLabelDetails">
		<description>Actors Label</description>
		<type>label</type>
		<label>#OnlineVideos.Translation.Actors.Label</label>
		<id>0</id>
		<posX>744</posX>
		<posY>376</posY>
        <visible>string.equals(#OnlineVideos.state, details) + string.equals(#OnlineVideos.selectedSiteUtil, ITMovieTrailers)</visible>
		<animation effect="fade" start="0" end="100" time="300" delay="350">WindowOpen</animation>
		<animation effect="fade" start="100" end="0" time="0" delay="0">WindowClose</animation>
	</control>

	<control Style="InfoValue">
		<description>Actors value</description>
		<type>label</type>
		<label>#OnlineVideos.Details.Actors</label>
		<id>0</id>
		<posX>1058</posX>
		<posY>376</posY>
        <visible>string.equals(#OnlineVideos.state, details) + string.equals(#OnlineVideos.selectedSiteUtil, ITMovieTrailers)</visible>
		<animation effect="fade" start="0" end="100" time="300" delay="350">WindowOpen</animation>
		<animation effect="fade" start="100" end="0" time="0" delay="0">WindowClose</animation>
	</control>	
	
	<control Style="InfoLabelDetails">
		<description>Director Label</description>
		<type>label</type>
		<label>#OnlineVideos.Translation.Directors.Label</label>
		<id>0</id>
		<posX>744</posX>
		<posY>336</posY>
        <visible>string.equals(#OnlineVideos.state, details) + string.equals(#OnlineVideos.selectedSiteUtil, ITMovieTrailers)</visible>
		<animation effect="fade" start="0" end="100" time="300" delay="350">WindowOpen</animation>
		<animation effect="fade" start="100" end="0" time="0" delay="0">WindowClose</animation>
	</control>
			
	<control Style="InfoValue">
		<description>Director</description>
		<type>fadelabel</type>
		<label>#OnlineVideos.Details.Directors</label>
		<id>0</id>
		<posX>1058</posX>
		<posY>336</posY>
		<visible>string.equals(#OnlineVideos.state, details) + string.equals(#OnlineVideos.selectedSiteUtil, ITMovieTrailers)</visible>
		<animation effect="fade" start="0" end="100" time="300" delay="350">WindowOpen</animation>
		<animation effect="fade" start="100" end="0" time="0" delay="0">WindowClose</animation>
	</control>
	
	<control Style="InfoLabelDetails">
		<description>Release Date Label</description>
		<type>label</type>
		<label>#OnlineVideos.Translation.DateOfRelease.Label</label>
		<id>0</id>
		<posX>744</posX>
		<posY>256</posY>
		<visible>string.equals(#OnlineVideos.state, details) + string.equals(#OnlineVideos.selectedSiteUtil, ITMovieTrailers)</visible>
		<animation effect="fade" start="0" end="100" time="300" delay="350">WindowOpen</animation>
		<animation effect="fade" start="100" end="0" time="0" delay="0">WindowClose</animation>
	</control>

	<control Style="InfoValue">
		<description>Release Date Value</description>
		<type>label</type>
		<label>#OnlineVideos.Details.ReleaseDate</label>
		<id>0</id>
		<posX>1058</posX>
		<posY>256</posY>
		<visible>string.equals(#OnlineVideos.state, details) + string.equals(#OnlineVideos.selectedSiteUtil, ITMovieTrailers)</visible>
		<animation effect="fade" start="0" end="100" time="300" delay="350">WindowOpen</animation>
		<animation effect="fade" start="100" end="0" time="0" delay="0">WindowClose</animation>
	</control>
	
	<control Style="InfoLabelDetails">
		<description>Genre Label</description>
		<type>label</type>
		<label>#OnlineVideos.Translation.Genre.Label</label>
		<id>0</id>
		<posX>744</posX>
		<posY>296</posY>
		<visible>string.equals(#OnlineVideos.state, details) + string.equals(#OnlineVideos.selectedSiteUtil, ITMovieTrailers)</visible>
		<animation effect="fade" start="0" end="100" time="300" delay="350">WindowOpen</animation>
		<animation effect="fade" start="100" end="0" time="0" delay="0">WindowClose</animation>
	</control>
	
	<control Style="InfoValue">
		<description>Genre</description>
		<type>fadelabel</type>
		<label>#OnlineVideos.Details.Genres</label>
		<id>0</id>
		<posX>1058</posX>
		<posY>296</posY>
		<visible>string.equals(#OnlineVideos.state, details) + string.equals(#OnlineVideos.selectedSiteUtil, ITMovieTrailers)</visible>
		<animation effect="fade" start="0" end="100" time="300" delay="350">WindowOpen</animation>
		<animation effect="fade" start="100" end="0" time="0" delay="0">WindowClose</animation>
	</control>
			
    <control>
        <type>textboxscrollup</type>
        <description>Plot value</description>
        <id>61</id>
        <posX>745</posX>
        <posY>448</posY>
        <width>1040</width>
        <height>200</height>
        <colordiffuse>ffffffff</colordiffuse>
        <visible>string.equals(#OnlineVideos.state, details) + string.equals(#OnlineVideos.selectedSiteUtil, ITMovieTrailers)</visible>
        <label>#OnlineVideos.Details.Synopsis</label>
		<animation effect="fade" start="0" end="100" time="300" delay="350">WindowOpen</animation>
		<animation effect="fade" start="100" end="0" time="0" delay="0">WindowClose</animation>
    </control>    
  </controls>
</window>