<?xml version="1.0" encoding="utf-8" standalone="yes"?>
<window>
    <id>4760</id>
    <defaultcontrol>3</defaultcontrol>
    <allowoverlay>no</allowoverlay>
    <controls>
	
		<control>
			<type>image</type>
			<id>0</id>
			<width>1920</width>
			<height>1080</height>
			<texture>semi_trans_back_general_menu.png</texture>
			<animation effect="fade" time="450">windowopen</animation>
			<animation effect="fade" time="400">windowclose</animation>
			<visible>!window.isvisible(602)+!window.isvisible(2005)</visible>
		</control>
		
        <control>
            <description>group element</description>
            <type>group</type>
			<animation effect="fade" time="250">WindowOpen</animation>
			<animation effect="fade" time="0">WindowClose</animation>
			<animation effect="slide" start="0,150" end="0,0" tween="quadratic" easing="in" time="200" delay="0">WindowOpen</animation>
	
            <control>
                <id>0</id>
                <type>image</type>
                <posX>575</posX>
                <posY>395</posY>
                <width>768</width>
                <height>651</height>
                <texture>context_background.png</texture>
            </control>
			
            <control>
                <id>4</id>
                <description>Heading text label</description>
                <type>label</type>
                <posX>679</posX>
                <posY>472</posY>
				<width>580</width>
                <font>AvalonLight20</font>
                <textcolor>ffffffff</textcolor>
                <label>181</label>
            </control>
			
            <control>
              <description>GFX-Heading "menu" text label</description>
              <type>label</type>
              <id>5</id>
              <posX>-2000</posX>
              <posY>110</posY>
              <width>426</width>
              <label>924</label>
              <font>font12</font>
            </control>
            
            <control>
                <id>3</id>
                <description>options listcontrol</description>
                <type>listcontrol</type>
                <onleft>3</onleft>
                <onright>3</onright>
                <posX>620</posX>
                <posY>560</posY>
                <width>678</width>
                <height>450</height>
                <textXOff2>670</textXOff2>
                <textYOff2>16</textYOff2>
                <spinPosX>729</spinPosX>
                <spinPosY>924</spinPosY>
                <textXOff>50</textXOff>
                <textYOff>16</textYOff>
                <textureFocus>context_item_selected.png</textureFocus>
                <textureNoFocus>-</textureNoFocus>
                <textureHeight>70</textureHeight>
                <spaceBetweenItems>1</spaceBetweenItems>
				<PinIconWidth>15</PinIconWidth>
				<PinIconHeight>15</PinIconHeight>
                <PinIconXOff>2000</PinIconXOff>
                <PinIconYOff>15</PinIconYOff>
                <textvisible3>no</textvisible3>
				<unfocusedAlpha>150</unfocusedAlpha>
            </control>
                    
            <control>
                <description>label for selected item</description>
                <type>fadelabel</type>
                <posX>685</posX>
                <posY>900</posY>
                <label>#OnlineVideos.DialogSelectedItemDescription</label>
                <width>595</width>
                <textcolor>6aa5cb</textcolor>
            </control>
            
        </control>
    </controls>
</window>