<?xml version="1.0" encoding="utf-8" standalone="yes"?>
<window>
	<id>4755</id>
	<defaultcontrol>50</defaultcontrol>
	<allowoverlay>yes</allowoverlay>
	<define>#header.label</define>
	<define>#header.image</define>
  <controls>
    
    <!-- *** WINDOW DEFAULTS *** -->    
    
     <control>
      <description>BackGround</description>
      <type>image</type>
      <id>1</id>
      <width>1920</width>
      <height>1080</height>
      <texture>background.png</texture>      
    </control>
	
	<control>
		<description>background listview</description>
		<type>image</type>
		<id>1</id>
		<posX>0</posX>
        <posY>0</posY>
		<width>1920</width>
		<height>1080</height>
		<texture>overlay.png</texture>
		<visible>[facadeview.list | facadeview.smallicons | facadeview.largeicons]</visible>
	</control>
	
	<control>
		<description>viewport list</description>
		<type>image</type>
		<id>0</id>
		<posX>0</posX>
		<posY>92</posY>
		<width>1893</width>
		<height>795</height>
		<texture>viewport_onlinevideos.png</texture>
		<visible>facadeview.list | Control.IsVisible(51)</visible>
		<animation effect="fade" time="250">WindowOpen</animation>
		<animation effect="fade" time="250">WindowClose</animation>
		<animation effect="slide" time="250" start="-1890,0">WindowOpen</animation>
		<animation effect="slide" time="250" end="-1890,0">WindowClose</animation>
	</control>
	
	<control>
		<description>background thumbs</description>
		<type>image</type>
		<id>0</id>
		<posX>0</posX>
		<posY>92</posY>
		<width>1893</width>
		<height>646</height>
		<texture>viewport_thumbs_short2.png</texture>
		<visible>[facadeview.smallicons | facadeview.largeicons] + !Control.IsVisible(51)</visible>
		<animation effect="fade" time="250">WindowOpen</animation>
		<animation effect="fade" time="250">WindowClose</animation>
		<animation effect="slide" time="250" start="-1890,0">WindowOpen</animation>
		<animation effect="slide" time="250" end="-1890,0">WindowClose</animation>
	</control>
	
    <control>
		<type>fadelabel</type>
		<id>1</id>      
		<posX>185</posX>
		<posY>38</posY>
		<width>500</width>
		<label>Online Videos</label>
		<textcolor>6aa5cb</textcolor>
		<font>font22</font>
		<animation effect="fade" start="0" end="100" time="300" delay="350">WindowOpen</animation>
		<animation effect="fade" start="100" end="0" time="0" delay="0">WindowClose</animation>
    </control>
	
    <control>
		<description>Filter</description>
		<type>label</type>
		<id>1</id>      
		<posX>300</posX>
		<posY>62</posY>
		<width>700</width>
		<label>#OnlineVideos.filter</label>
		<font>font10</font>
		<textcolor>ffa9d0f7</textcolor>      
		<animation effect="fade" start="0" end="100" time="300" delay="350">WindowOpen</animation>
		<animation effect="fade" start="100" end="0" time="0" delay="0">WindowClose</animation>
    </control>             
    
    <import>common.time.xml</import>
	
	<!--            :: INFO LABELS ::            -->
        
    <control>
		<id>0</id>
		<type>image</type>
		<posX>95</posX>
		<posY>249</posY>
		<width>542</width>
		<height>310</height>
		<keepaspectratio>yes</keepaspectratio>
		<texture flipY="true" diffuse="Thumb_Mask.png" mask="onlinevideos_poster_mask.png">#selectedthumb</texture>
		<visible>facadeview.list+!control.isvisible(51)+![string.equals(#OnlineVideos.selectedSiteUtil,ITMovieTrailers)|string.equals(#OnlineVideos.selectedSiteUtil,IMDb)]</visible>
		<animation effect="fade" start="0" end="100" time="300" delay="350">WindowOpen</animation>
		<animation effect="fade" start="100" end="0" time="0" delay="0">WindowClose</animation>
    </control>
    	
	<control>
		<animation effect="fade" start="0" end="100" time="300" delay="350">WindowOpen</animation>
		<animation effect="fade" start="100" end="0" time="0" delay="0">WindowClose</animation>
		<description>Poster shadow</description>
		<type>image</type>
		<id>0</id>
		<posX>109</posX>
		<posY>110</posY>
		<width>465</width>
		<height>605</height>
		<texture>list_poster_glow.png</texture>
		<visible>facadeview.list+Control.HasThumb(500)+!string.equals(#OnlineVideos.state,details)+[string.equals(#OnlineVideos.selectedSiteUtil,ITMovieTrailers)|string.equals(#OnlineVideos.selectedSiteUtil,IMDb)]</visible>
	</control>
  
    <control>
		<animation effect="fade" start="0" end="100" time="300" delay="350">WindowOpen</animation>
		<animation effect="fade" start="100" end="0" time="0" delay="0">WindowClose</animation>
		<type>image</type>
		<description>movie poster</description>
		<id>500</id>
		<posX>176</posX>
		<posY>178</posY>
		<width>330</width>
		<height>470</height>
		<visible>facadeview.list+!string.equals(#OnlineVideos.state,details)+[string.equals(#OnlineVideos.selectedSiteUtil,ITMovieTrailers)|string.equals(#OnlineVideos.selectedSiteUtil,IMDb)]</visible>
		<texture flipY="true" diffuse="Thumb_Mask.png" mask="poster_mask.png">#selectedthumb</texture>
    </control>
    
    <control>
		<animation effect="fade" start="0" end="100" time="300" delay="350">WindowOpen</animation>
		<animation effect="fade" start="100" end="0" time="0" delay="0">WindowClose</animation>
		<description>Selected item Label</description>
		<type>fadelabel</type>
		<id>1</id>
		<posX>1832</posX>
		<posY>956</posY>
		<width>1170</width>
		<label>#selecteditem</label>
		<font>fontB16</font>
		<align>right</align>
		<visible>!Control.IsVisible(51) + !string.contains(#selecteditem, ..) + !Control.HasFocus(80) + facadeview.list</visible>
    </control>    
	
    <control>
		<description>Buffering Label</description>
		<type>label</type>
		<id>0</id>
        <posX>185</posX>
        <posY>875</posY>
        <align>left</align>
        <font>AvalonLight12</font>
        <textcolor>6aa5cb</textcolor>
		<label>#OnlineVideos.buffered % #OnlineVideos.Translation.Buffered.Label</label>
		<visible>string.equals(#OnlineVideos.IsBuffering, true) + [facadeview.list]</visible>
		<animation effect="fade" start="0" end="100" time="300" delay="350">WindowOpen</animation>
		<animation effect="fade" start="100" end="0" time="0" delay="0">WindowClose</animation>
    </control>
	
    <control>
		<description>Buffering Label</description>
		<type>label</type>
		<id>0</id>
        <posX>914</posX>
        <posY>725</posY>
        <align>left</align>
        <font>AvalonLight12</font>
        <textcolor>6aa5cb</textcolor>
		<label>#OnlineVideos.buffered % #OnlineVideos.Translation.Buffered.Label</label>
		<visible>string.equals(#OnlineVideos.IsBuffering, true) + [facadeview.smallicons | facadeview.largeicons]</visible>
		<animation effect="fade" start="0" end="100" time="300" delay="350">WindowOpen</animation>
		<animation effect="fade" start="100" end="0" time="0" delay="0">WindowClose</animation>
    </control>
    
	<control>
		<animation effect="fade" start="0" end="100" time="300" delay="350">WindowOpen</animation>
		<animation effect="fade" start="100" end="0" time="0" delay="0">WindowClose</animation>
		<id>500</id>
		<type>image</type>
		<posX>95</posX>
		<posY>249</posY>
		<width>542</width>
		<height>310</height>
		<keepaspectratio>yes</keepaspectratio>
		<texture flipY="true" diffuse="Thumb_Mask.png" mask="onlinevideos_poster_mask.png">Onlinevideos\Icons\#OnlineVideos.selectedSite.png</texture>
		<visible>facadeview.list + !string.equals(#OnlineVideos.state, videos) + !string.equals(#OnlineVideos.state, details)</visible>
	</control>
	
	 <!--          :: Thumbviews ::            -->
	
	
    <control>
		<animation effect="fade" start="0" end="100" time="300" delay="350">WindowOpen</animation>
		<animation effect="fade" start="100" end="0" time="0" delay="0">WindowClose</animation>
		<description>Selected item Label</description>
		<type>fadelabel</type>
		<id>1</id>
		<posX>678</posX>
		<posY>814</posY>
		<width>1170</width>
		<label>#selecteditem</label>
		<font>fontB16</font>
		<visible>!Control.IsVisible(51) + !string.contains(#selecteditem, ..) + [facadeview.smallicons | facadeview.largeicons]</visible>
    </control>    
	
	<control>
		<animation effect="fade" start="0" end="100" time="300" delay="350">WindowOpen</animation>
		<animation effect="fade" start="100" end="0" time="0" delay="0">WindowClose</animation>
	    <description>Description</description>
		<type>textboxscrollup</type>
		<id>0</id>
		<posX>678</posX>
		<posY>906</posY>
		<width>1060</width>
		<height>150</height>
		<font>AvalonLight12</font>
		<label>#OnlineVideos.desc</label>
		<visible>!string.equals(#OnlineVideos.state, details) + !string.equals(#OnlineVideos.selectedSiteUtil, YouTube) + [facadeview.smallicons | facadeview.largeicons]</visible>
	</control>
			
	<control>
		<animation effect="fade" start="0" end="100" time="300" delay="350">WindowOpen</animation>
		<animation effect="fade" start="100" end="0" time="0" delay="0">WindowClose</animation>
		<description>Length Label</description>
		<type>label</type>
		<id>0</id>
		<posX>1185</posX>
		<posY>867</posY>
		<width>240</width>
		<align>left</align>
		<font>AvalonLight12</font>
		<textcolor>6aa5cb</textcolor>
		<label>#OnlineVideos.Translation.Runtime.Label</label>
		<visible>string.equals(#OnlineVideos.state, videos) + !string.equals(#OnlineVideos.selectedSiteUtil, YouTube) + !string.equals(#OnlineVideos.selectedSiteUtil,IMDB) + !string.equals(#OnlineVideos.selectedSiteUtil,ITMovieTrailers) + !string.contains(#selecteditem, ..) + [facadeview.smallicons | facadeview.largeicons]</visible>
	</control>
    
	<control>
		<animation effect="fade" start="0" end="100" time="300" delay="350">WindowOpen</animation>
		<animation effect="fade" start="100" end="0" time="0" delay="0">WindowClose</animation>
		<description>Length Label</description>
		<type>label</type>
		<id>0</id>
		<posX>678</posX>
		<posY>867</posY>
		<width>240</width>
		<align>left</align>
		<font>AvalonLight12</font>
		<textcolor>6aa5cb</textcolor>
		<label>#OnlineVideos.Translation.DateOfRelease.Label</label>
		<visible>string.equals(#OnlineVideos.state, videos) + control.hastext(512) + [string.equals(#OnlineVideos.selectedSiteUtil,IMDB)|string.equals(#OnlineVideos.selectedSiteUtil,ITMovieTrailers)] + [facadeview.smallicons | facadeview.largeicons]</visible>
	</control>   
		
	<control>
		<animation effect="fade" start="0" end="100" time="300" delay="350">WindowOpen</animation>
		<animation effect="fade" start="100" end="0" time="0" delay="0">WindowClose</animation>
		<description>release Label</description>
		<type>label</type>
		<id>0</id>
		<posX>678</posX>
		<posY>867</posY>
		<width>240</width>
		<align>left</align>
		<font>AvalonLight12</font>
		<textcolor>6aa5cb</textcolor>
		<label>#OnlineVideos.Translation.Airdate.Label</label>
		<visible>string.equals(#OnlineVideos.state, videos)+control.hastext(502) + !string.equals(#OnlineVideos.selectedSiteUtil, YouTube) + !string.equals(#OnlineVideos.selectedSiteUtil,IMDB) + !string.equals(#OnlineVideos.selectedSiteUtil,ITMovieTrailers) + !string.contains(#selecteditem, ..) + [facadeview.smallicons | facadeview.largeicons]</visible>
	</control>  
        	
	<control>
		<animation effect="fade" start="0" end="100" time="300" delay="350">WindowOpen</animation>
		<animation effect="fade" start="100" end="0" time="0" delay="0">WindowClose</animation>
		<description>Language Label</description>
		<type>label</type>
		<id>0</id>
		<posX>678</posX>
		<posY>867</posY>
		<width>240</width>
		<align>left</align>
		<font>AvalonLight12</font>
		<textcolor>6aa5cb</textcolor>
		<label>248</label>
		<visible>string.equals(#OnlineVideos.state, sites)+control.hastext(502) + !string.equals(#OnlineVideos.selectedSiteUtil, YouTube) + !string.contains(#selecteditem, ..) + [facadeview.smallicons | facadeview.largeicons]</visible>
	</control>
			
	<control>
		<animation effect="fade" start="0" end="100" time="300" delay="350">WindowOpen</animation>
		<animation effect="fade" start="100" end="0" time="0" delay="0">WindowClose</animation>
		<description>Videos Label</description>
		<type>label</type>
		<id>0</id>
		<posX>678</posX>
		<posY>867</posY>
		<width>240</width>
		<align>left</align>
		<font>AvalonLight12</font>
		<textcolor>6aa5cb</textcolor>
		<label>#OnlineVideos.Translation.Videos.Label:</label>
		<visible>[string.equals(#OnlineVideos.state, categories)+control.hastext(502)] + !string.contains(#selecteditem, ..) + [facadeview.smallicons | facadeview.largeicons]</visible>
	</control>   
			
	<control>
		<animation effect="fade" start="0" end="100" time="300" delay="350">WindowOpen</animation>
		<animation effect="fade" start="100" end="0" time="0" delay="0">WindowClose</animation>
		<description>Sites Label</description>
		<type>label</type>
		<id>0</id>
		<posX>678</posX>
		<posY>867</posY>
		<width>240</width>
		<align>left</align>
		<font>AvalonLight12</font>
		<textcolor>6aa5cb</textcolor>
		<label>#OnlineVideos.Translation.Sites.Label:</label>
		<visible>string.equals(#OnlineVideos.state, groups)+control.hastext(502) + !string.contains(#selecteditem, ..) + [facadeview.smallicons | facadeview.largeicons]</visible>
	</control>  
			
	<control>
		<animation effect="fade" start="0" end="100" time="300" delay="350">WindowOpen</animation>
		<animation effect="fade" start="100" end="0" time="0" delay="0">WindowClose</animation>
		<description>language of site | number of sites in group | number of videos in category | length of video</description>
		<type>fadelabel</type>
		<id>502</id>
		<posX>858</posX>
		<posY>867</posY>
		<width>500</width>
		<align>left</align>
		<font>AvalonLight12</font>
		<textcolor>ffffff</textcolor>
		<label>#OnlineVideos.aired</label>
		<visible>!string.equals(#OnlineVideos.state, details) + !string.equals(#OnlineVideos.selectedSiteUtil, YouTube) + [facadeview.smallicons | facadeview.largeicons]</visible>
	</control>
			
	<control>
		<animation effect="fade" start="0" end="100" time="300" delay="350">WindowOpen</animation>
		<animation effect="fade" start="100" end="0" time="0" delay="0">WindowClose</animation>
		<description>language of site | number of sites in group | number of videos in category | length of video</description>
		<type>fadelabel</type>
		<id>502</id>
		<posX>1372</posX>
		<posY>867</posY>
		<width>500</width>
		<align>left</align>
		<font>AvalonLight12</font>
		<textcolor>ffffff</textcolor>
		<label>#selecteditem2</label>
		<visible>string.equals(#OnlineVideos.state, videos) + !string.equals(#OnlineVideos.selectedSiteUtil, YouTube) + !string.equals(#OnlineVideos.selectedSiteUtil,IMDB) + !string.equals(#OnlineVideos.selectedSiteUtil,ITMovieTrailers) + !string.contains(#selecteditem, ..) + [facadeview.smallicons | facadeview.largeicons]</visible>
	</control>
    
	<control>
		<animation effect="fade" start="0" end="100" time="300" delay="350">WindowOpen</animation>
		<animation effect="fade" start="100" end="0" time="0" delay="0">WindowClose</animation>
		<description>language of site | number of sites in group | number of videos in category | length of video</description>
		<type>fadelabel</type>
		<id>512</id>
		<posX>972</posX>
		<posY>867</posY>
		<width>500</width>
		<align>left</align>
		<font>AvalonLight12</font>
		<textcolor>ffffff</textcolor>
		<label>#selecteditem2</label>
		<visible>string.equals(#OnlineVideos.state, videos) + [string.equals(#OnlineVideos.selectedSiteUtil,IMDB)|string.equals(#OnlineVideos.selectedSiteUtil,ITMovieTrailers)] + [facadeview.smallicons | facadeview.largeicons]</visible>
	</control>
            
	<control>
		<animation effect="fade" start="0" end="100" time="300" delay="350">WindowOpen</animation>
		<animation effect="fade" start="100" end="0" time="0" delay="0">WindowClose</animation>
		<id>0</id>
		<type>image</type>
		<posX>409</posX>
        <posY>812</posY>
        <width>242</width>
	    <height>141</height>
		<visible>[facadeview.smallicons|facadeview.largeicons]  + !string.contains(#selecteditem, ..) + string.equals(#OnlineVideos.state, videos) + control.hasthumb(500)</visible>
		<texture>onlinevideos_station_shadow.png</texture>
	</control>
			
	<control>
		<animation effect="fade" start="0" end="100" time="300" delay="350">WindowOpen</animation>
		<animation effect="fade" start="100" end="0" time="0" delay="0">WindowClose</animation>
		<id>500</id>
		<type>image</type>
		<posX>418</posX>
        <posY>820</posY>
        <width>224</width>
	    <height>125</height>
		<visible>[facadeview.smallicons|facadeview.largeicons] + !string.contains(#selecteditem, ..) + string.equals(#OnlineVideos.state, videos)</visible>
		<texture mask="onlinevideos_station_mask.png">Onlinevideos\Icons\#OnlineVideos.selectedSite.png</texture>
	</control>
	<import>myonlinevideos.hiddenmenu.xml</import>
    <import>myonlinevideos.details.xml</import>
    <import>myonlinevideos.details.imdb.xml</import>
    <import>myonlinevideos.details.youtube.xml</import>
    <import>myonlinevideos.facade.xml</import>  
	<import>myonlinevideos.listview.details.xml</import>
	<import>common.overlay.xml</import>	
  </controls>
</window>