﻿<?xml version="1.0" encoding="utf-8" standalone="yes"?>
<window>
	<id>8900</id>
	<defaultcontrol>2</defaultcontrol>
	<allowoverlay>yes</allowoverlay>
  <controls>
  
	<control>
		<description>default background</description>
		<type>image</type>
		<id>1</id>
		<posX>0</posX>
        <posY>0</posY>
		<width>1920</width>
		<height>1080</height>
		<texture>background.png</texture>
	</control>
	
		<!--            :: Overlays ::            -->	


	<control>
		<description>Viewport listview</description>
		<type>image</type>
		<id>1</id>
		<posX>0</posX>
		<posY>92</posY>
		<width>1893</width>
		<height>866</height>
		<texture>viewport_tv_recordings.png</texture>
		<animation effect="fade" time="250">WindowOpen</animation>
		<animation effect="fade" time="250">WindowClose</animation>
		<animation effect="slide" time="250" start="-1890,0">WindowOpen</animation>
		<animation effect="slide" time="250" end="-1890,0">WindowClose</animation>
	</control>
	<!--            :: Count Background ::            -->

	<control>
		<description>RSS background</description>
		<type>image</type>
		<id>0</id>
		<posX>0</posX>
		<posY>900</posY>
		<width>1865</width>
		<height>96</height>
		<texture>basichome_rss_bg.png</texture>
		<animation effect="fade" start="0" end="100" time="300" delay="350">WindowOpen</animation>
		<animation effect="fade" start="100" end="0" time="0" delay="0">WindowClose</animation>
	</control>

	<control>
		<animation effect="fade" time="250">WindowOpen</animation>
		<animation effect="fade" time="250">WindowClose</animation>
		<type>label</type>
		<id>1</id>
		<posX>185</posX>
		<posY>38</posY>
		<width>800</width>
		<label>Radio Search</label>
		<textcolor>6aa5cb</textcolor>
		<font>font22</font>
	</control>
	
	<control>
		<description>Number of Files Label</description>
		<type>label</type>
		<id>12</id>
		<posX>-2000</posX>
		<label>#itemcount</label>
	</control>
	
	<control>
		<description>Number of Files Label</description>
		<type>label</type>
		<id>1</id>
		<label>#itemtype: #itemcount</label>
		<posX>948</posX>
		<posY>944</posY>
		<align>left</align>
		<font>AvalonLight12</font>
		<textcolor>6aa5cb</textcolor>
		<animation effect="fade" start="0" end="100" time="300" delay="350">WindowOpen</animation>
		<animation effect="fade" start="100" end="0" time="0" delay="0">WindowClose</animation>
	</control>
	
	<control>
		<description>Selected item Label</description>
		<type>fadelabel</type>
		<id>1</id>
		<posX>270</posX>
		<posY>472</posY>
		<width>580</width>
		<label>#selecteditem</label>
		<font>fontB16</font>
		<animation effect="fade" start="0" end="100" time="300" delay="350">WindowOpen</animation>
		<animation effect="fade" start="100" end="0" time="0" delay="0">WindowClose</animation>
	</control>
	
<import>common.time.xml</import>
	
	<control>
		<type>group</type>
		<description>group element</description>
		<animation effect="fade" start="0" end="100" time="300" delay="350">WindowOpen</animation>
		<animation effect="fade" start="100" end="0" time="0" delay="0">WindowClose</animation>
        <dimColor>ffffffff</dimColor>
		<posX>72</posX>
		<posY>156</posY>
		<layout>GridLayout(2, 3, 1, 1, 1)</layout>
		
              <control>
                <description>Sort by Name/Date/Channel</description>
                <type>sortbutton</type>
                <id>2</id>
                <label>620</label>
                <onleft>10</onleft>
                <onright>19</onright>
                <onup>17</onup>
                <ondown>20</ondown>
              </control>
              <control>
                <description>View by Title/Genre</description>
                <type>button</type>
                <id>20</id>
                <textcolor>ffffffff</textcolor>
                <colordiffuse>ffffffff</colordiffuse>
                <label>1522</label>
                <onleft>10</onleft>
                <onright>21</onright>
                <onup>2</onup>
                <ondown>7</ondown>
              </control>
              <control>
                <description>Starts with</description>
                <type>selectbutton</type>
                <id>7</id>
                <label>872</label>
                <onleft>7</onleft>
                <onright>11</onright>
                <onup>20</onup>
                <ondown>19</ondown>
              </control>
              <control>
                <description>Search</description>
                <type>button</type>
                <id>19</id>
                <label>2051</label>
                <onup>7</onup>
                <ondown>21</ondown>
                <onleft>2</onleft>
                <onright>11</onright>
              </control>
              <control>
                <description>Search Description</description>
                <type>button</type>
                <id>21</id>
                <label>1523</label>
                <onup>19</onup>
                <ondown>2</ondown>
                <onleft>20</onleft>
                <onright>11</onright>
              </control>

	</control>
	
			<control>
				<description>listcontrol</description>
				<type>listcontrol</type>
				<id>10</id>
				<posX>918</posX>
				<posY>160</posY>
				<height>800</height>
				<width>919</width>
				<onleft>5</onleft>
				<onright>2</onright>
				<scrollOffset>1</scrollOffset>
				<PinIconHeight>46</PinIconHeight>
				<PinIconWidth>45</PinIconWidth>
				<PinIconXOff>40</PinIconXOff>
				<PinIconYOff>6</PinIconYOff>
				<itemWidth>64</itemWidth>
				<itemHeight>53</itemHeight>
				<textureFocus>listcontrol_item_selected_tv.png</textureFocus>
				<textureNoFocus>-</textureNoFocus>
				<IconXOff>-2000</IconXOff>
				<IconYOff>0</IconYOff>
				<textXOff>40</textXOff>
				<keepaspectratio>yes</keepaspectratio>
				<spinCanFocus>no</spinCanFocus>
				<dimColor>ffffffff</dimColor>
				<animation effect="fade" start="0" end="100" time="300" delay="350">WindowOpen</animation>
				<animation effect="fade" start="100" end="0" time="0" delay="0">WindowClose</animation>				
			</control>
			
			<control>
				<description>listcontrol</description>
				<type>listcontrol</type>
				<id>11</id>
				<posX>918</posX>
				<posY>160</posY>
				<height>800</height>
				<width>919</width>
				<onleft>19</onleft>
				<onright>2</onright>
				<scrollOffset>1</scrollOffset>
				<PinIconHeight>46</PinIconHeight>
				<PinIconWidth>45</PinIconWidth>
				<PinIconXOff>40</PinIconXOff>
				<PinIconYOff>6</PinIconYOff>
				<itemWidth>64</itemWidth>
				<itemHeight>53</itemHeight>
				<textureFocus>listcontrol_item_selected_tv.png</textureFocus>
				<textureNoFocus>-</textureNoFocus>
				<IconXOff>-2000</IconXOff>
				<IconYOff>0</IconYOff>
				<textXOff>40</textXOff>
				<keepaspectratio>yes</keepaspectratio>
				<spinCanFocus>no</spinCanFocus>
				<dimColor>ffffffff</dimColor>
                <spinPosX>1832</spinPosX>
                <spinPosY>950</spinPosY>
				<animation effect="fade" start="0" end="100" time="300" delay="350">WindowOpen</animation>
				<animation effect="fade" start="100" end="0" time="0" delay="0">WindowClose</animation>				
			</control>


	<control>
		<id>0</id>
		<type>image</type>
		<posX>70</posX>
		<posY>458</posY>
		<width>187</width>
		<height>119</height>
		<texture>tv_logo_bg.png</texture>
		<visible>Control.HasThumb(60)+!string.equals(#selecteditem,..)</visible>
		<animation effect="fade" start="0" end="100" time="300" delay="350">WindowOpen</animation>
		<animation effect="fade" start="100" end="0" time="0" delay="0">WindowClose</animation>
	</control>
	
	<control>
		<description>Current program title</description>
		<type>fadelabel</type>
		<id>13</id>
		<posX>-2000</posX>
		<posY>545</posY>
		<width>424</width>
		<label>#Radio.Search.Title</label>
		<font>font13</font>
		<animation effect="fade" start="0" end="100" time="300" delay="350">WindowOpen</animation>
		<animation effect="fade" start="100" end="0" time="0" delay="0">WindowClose</animation>
	</control>
	
	<control>
		<description>Current channel</description>
		<type>label</type>
		<id>16</id>
		<posX>-2000</posX>
		<posY>540</posY>
		<label>#Radio.Search.Channel</label>
		<font>AvalonLight12</font>
		<animation effect="fade" start="0" end="100" time="300" delay="350">WindowOpen</animation>
		<animation effect="fade" start="100" end="0" time="0" delay="0">WindowClose</animation>
		<textcolor>6aa5cb</textcolor>
	</control>

	<control>
		<description>Current program time</description>
		<type>label</type>
		<id>14</id>
		<posX>270</posX>
		<posY>528</posY>
		<textcolor>6aa5cb</textcolor>
		<font>AvalonLight14</font>
		<animation effect="fade" start="0" end="100" time="300" delay="350">WindowOpen</animation>
		<animation effect="fade" start="100" end="0" time="0" delay="0">WindowClose</animation>
		<label>#Radio.Search.Time</label>
	</control>

	<control>
		<description>Description1</description>
		<type>textboxscrollup</type>
		<id>15</id>
		<posX>74</posX>
		<posY>592</posY>
		<width>780</width>
		<height>325</height>
		<animation effect="fade" start="0" end="100" time="300" delay="350">WindowOpen</animation>
		<animation effect="fade" start="100" end="0" time="0" delay="0">WindowClose</animation>
		<label>#Radio.Search.Description</label>
	</control>

	<control>
		<description>genre</description>
		<type>label</type>
		<id>17</id>
		<posX>-2000</posX>
		<posY>520</posY>
		<label>#Radio.Search.Genre</label>
		<align>right</align>
		<font>font13</font>
		<textcolor>FFB2D4F5</textcolor>
		<animation effect="fade" start="0" end="100" time="300" delay="350">WindowOpen</animation>
		<animation effect="fade" start="100" end="0" time="0" delay="0">WindowClose</animation>
	</control>

	<control>
		<id>60</id>
		<type>image</type>
		<posX>121</posX>
		<posY>472</posY>
		<width>90</width>
		<height>90</height>
		<texture>#Radio.Search.thumb</texture>
		<animation effect="fade" start="0" end="100" time="300" delay="350">WindowOpen</animation>
		<animation effect="fade" start="100" end="0" time="0" delay="0">WindowClose</animation>
	</control>	

</controls>
</window>
