<?xml version="1.0" encoding="utf-8" standalone="yes"?>
<window>
<controls>
	<control>
		<animation effect="slide" start="-60,0" end="0,0" tween="quadratic" easing="in" time="250" delay="400">WindowOpen</animation>
		<animation effect="slide" start="0,0" end="-60,0" tween="quadratic" easing="in" time="250" delay="100">WindowClose</animation>
		<id>1</id>
		<type>image</type>
		<posY>440</posY>
		<width>64</width>
		<height>199</height>
		<texture>hiddenmenu_tab.png</texture>
		<visible>[facadeview.list|facadeview.smallicons|facadeview.largeicons]+Control.HasFocus(50) + !string.contains(#Avalon.HiddenMenu, false)</visible>
	</control>

	<control>
		<id>1</id>
		<type>image</type>
		<posX>858</posX>
		<posY>0</posY>
		<texture>hiddenmenu_tab_up.png</texture>
		<visible>[facadeview.filmstrip | facadeview.coverflow] + Control.HasFocus(50) + !string.contains(#Avalon.HiddenMenu, false)</visible>
		<animation effect="slide" start="0,-60" end="0,0" tween="quadratic" easing="in" time="250" delay="400">WindowOpen</animation>
		<animation effect="slide" start="0,0" end="0,-60" tween="quadratic" easing="in" time="250" delay="100">WindowClose</animation>
	</control>

	<control>
		<type>actiongroup</type>
		<description>action menu</description>
		<defaultcontrol>2</defaultcontrol>
		<onexit>50</onexit>
		<dimColor>00ffffff</dimColor>
		<buttonX>0</buttonX>
		<buttonY>0</buttonY>
		<buttonwidth>521</buttonwidth>
		<buttonheight>1080</buttonheight>
		
		<control>
			<type>image</type>
			<id>0</id>
			<width>1920</width>
			<height>1080</height>
			<texture>semi_trans_back_hidden_menu.png</texture>
			<visible>!Control.HasFocus(50)+control.isvisible(50)</visible>
			<animation effect="fade" time="450">visible</animation>
			<animation effect="fade" time="400">hidden</animation>
		</control>
	
		<control>
			<type>image</type>
			<id>0</id>
			<posY>15</posY>
			<posX>0</posX>
			<width>631</width>
			<height>1044</height>
			<texture>menu_bg.png</texture>
			<visible>!Control.HasFocus(50)+control.isvisible(50)</visible>
    		<animation effect="fade" time="0">WindowClose</animation>
    		<animation effect="slide" start="-150,0" time="100">visible</animation>
    		<animation effect="fade" time="50">visible</animation>
    		<animation effect="fade" time="0">hidden</animation>
		</control>
	
		<control>
			<type>image</type>
			<id>0</id>
			<posY>296</posY>
			<posX>128</posX>
			<width>376</width>
			<height>1</height>
			<texture>hiddenmenu_separator.png</texture>
			<visible>!Control.HasFocus(50)</visible>
    		<animation effect="fade" time="0">WindowClose</animation>
    		<animation effect="slide" start="-150,0" time="100">visible</animation>
    		<animation effect="fade" time="50">visible</animation>
    		<animation effect="fade" time="0">hidden</animation>
		</control>
		<control>
			<description>Menu label</description>
			<type>label</type>
			<id>1</id>
			<posX>128</posX>
			<posY>114</posY>
			<label>924</label>
			<font>fontB12</font>
			<textcolor>ffffff</textcolor>
			<visible>!Control.HasFocus(50)</visible>
    		<animation effect="fade" time="0">WindowClose</animation>
    		<animation effect="slide" start="-150,0" time="100">visible</animation>
    		<animation effect="fade" time="50">visible</animation>
    		<animation effect="fade" time="0">hidden</animation>
    	</control>
		<control>
			<description>Jump to label</description>
			<type>label</type>
			<id>1</id>
			<posX>128</posX>
			<posY>310</posY>
			<label>1065</label>
			<font>fontB12</font>
			<textcolor>ffffff</textcolor>
 			<visible>!Control.HasFocus(50)</visible>
    		<animation effect="fade" time="0">WindowClose</animation>
    		<animation effect="slide" start="-150,0" time="100">visible</animation>
    		<animation effect="fade" time="50">visible</animation>
    		<animation effect="fade" time="0">hidden</animation>
		</control>
          <control>
            <type>group</type>
            <description>group element</description>
 			<visible>!Control.HasFocus(50)+control.isvisible(50)</visible>
    		<animation effect="fade" time="0">WindowClose</animation>
    		<animation effect="slide" start="-150,0" time="100">visible</animation>
    		<animation effect="fade" time="50">visible</animation>
    		<animation effect="fade" time="0">hidden</animation>
            <posX>69</posX>
            <posY>155</posY>
            <layout>StackLayout(0, Vertical, true)</layout>	
				
			<control>
				<type>button</type>
				<description>View-As button</description>
				<id>2</id>
				<onleft>50</onleft>
				<onright>50</onright>
				<onup>1143</onup>
				<ondown>3</ondown>
				<label>100</label>
				<textureFocus>hiddenmenu_item_selected.png</textureFocus>
				<textureNoFocus>-</textureNoFocus>
				<width>497</width>
				<height>64</height>
				<textXOff>58</textXOff>
				<textYOff>14</textYOff>
			</control>

			<control>
				<type>sortbutton</type>
				<id>3</id>
				<onleft>50</onleft>
				<onright>50</onright>
				<onup>2</onup>
				<ondown>6</ondown>
				<label>620</label>
				<textureFocus>hiddenmenu_item_selected.png</textureFocus>
				<textureNoFocus>-</textureNoFocus>
				<width>497</width>
				<height>64</height>
				<textXOff>58</textXOff>
				<textYOff>14</textYOff>
				<offsetSortButtonX>280</offsetSortButtonX>
				<offsetSortButtonY>27</offsetSortButtonY>
			</control>

            <control>
                <description>Empty button</description>
                <type>button</type>
                <id>0</id>
    		    <textureFocus>-</textureFocus>
    		    <textureNoFocus>-</textureNoFocus>
    		    <width>497</width>
    		    <height>64</height>
                <label>-</label>
                <visible>true</visible>
            </control>

			<control>
				<description>Previous</description>
				<type>button</type>
				<id>6</id>
				<label>210</label>
				<onleft>50</onleft>
				<onright>50</onright>
				<onup>3</onup>
				<ondown>7</ondown>
				<action>15</action>
				<textureFocus>hiddenmenu_item_selected.png</textureFocus>
				<textureNoFocus>-</textureNoFocus>
				<width>497</width>
				<height>64</height>
				<textXOff>58</textXOff>
				<textYOff>14</textYOff>				
			</control>

			<control>
				<description>Next</description>
				<type>button</type>
				<id>7</id>
				<label>209</label>
				<onleft>50</onleft>
				<onright>50</onright>
				<onup>6</onup>
				<ondown>8</ondown>
				<action>14</action>
				<textureFocus>hiddenmenu_item_selected.png</textureFocus>
				<textureNoFocus>-</textureNoFocus>
				<width>497</width>
				<height>64</height>
				<textXOff>58</textXOff>
				<textYOff>14</textYOff>				
			</control>

			<control>
				<description>Radio Guide</description>
				<type>button</type>
				<id>8</id>
				<label>533</label>
				<onleft>50</onleft>
				<onright>50</onright>
				<ondown>9</ondown>
				<onup>7</onup>
				<hyperlink>762</hyperlink>
				<textureFocus>hiddenmenu_item_selected.png</textureFocus>
				<textureNoFocus>-</textureNoFocus>
				<width>497</width>
				<height>64</height>
				<textXOff>58</textXOff>
				<textYOff>14</textYOff>				
			</control>

			<control>
				<description>Radio Recordings</description>
				<type>button</type>
				<id>9</id>
				<label>914</label>
				<onleft>50</onleft>
				<onright>50</onright>
				<ondown>10</ondown>
				<onup>8</onup>
				<hyperlink>763</hyperlink>
				<textureFocus>hiddenmenu_item_selected.png</textureFocus>
				<textureNoFocus>-</textureNoFocus>
				<width>497</width>
				<height>64</height>
				<textXOff>58</textXOff>
				<textYOff>14</textYOff>			
			</control>

			<control>
				<description>Radio Search</description>
				<type>button</type>
				<id>10</id>
				<label>137</label>
				<onleft>50</onleft>
				<onright>50</onright>
				<ondown>11</ondown>
				<onup>9</onup>
				<hyperlink>8900</hyperlink>
				<textureFocus>hiddenmenu_item_selected.png</textureFocus>
				<textureNoFocus>-</textureNoFocus>
				<width>497</width>
				<height>64</height>
				<textXOff>58</textXOff>
				<textYOff>14</textYOff>			
			</control>
            
            <control>
                <description>Now playing button</description>
                <type>button</type>
                <id>11</id>
                <label>4540</label>
				<onleft>50</onleft>
				<onright>50</onright>
				<ondown>1142</ondown>
				<onup>10</onup>
                <hyperlink>510</hyperlink>
				<textureFocus>hiddenmenu_item_selected.png</textureFocus>
				<textureNoFocus>-</textureNoFocus>
				<width>497</width>
				<height>64</height>
				<textXOff>58</textXOff>
				<textYOff>14</textYOff>
            </control>
            
            <control>
                <description>My Lyrics</description>
                <type>button</type>
                <id>1142</id>
                <label>Lyrics</label>
				<onleft>50</onleft>
				<onright>50</onright>
				<ondown>1143</ondown>
				<onup>11</onup>
                <hyperlink>90478</hyperlink>
				<textureFocus>hiddenmenu_item_selected.png</textureFocus>
				<textureNoFocus>-</textureNoFocus>
				<width>497</width>
				<height>64</height>
				<textXOff>58</textXOff>
				<textYOff>14</textYOff>
                <visible>plugin.isenabled(My Lyrics)</visible>
            </control>
            
            <control>
                <description>Last.FM</description>
                <type>button</type>
                <id>1143</id>
                <label>Last.Fm Radio</label>
				<onleft>50</onleft>
				<onright>50</onright>
				<ondown>2</ondown>
				<onup>1142</onup>
                <hyperlink>7890</hyperlink>
				<textureFocus>hiddenmenu_item_selected.png</textureFocus>
				<textureNoFocus>-</textureNoFocus>
				<width>497</width>
				<height>64</height>
				<textXOff>58</textXOff>
				<textYOff>14</textYOff>
                <visible>plugin.isenabled(Last.fm Radio)</visible>
            </control>
		
	</control>
</control>
</controls>
</window>