<?xml version="1.0" encoding="utf-8" standalone="yes"?>
<window>
<id>762</id>
<defaultcontrol>2</defaultcontrol>
<allowoverlay>no</allowoverlay>
<controls>

	<control>
		<description>BG</description>
		<type>image</type>
		<id>1</id>
		<width>1920</width>
		<height>1080</height>
		<texture>background.png</texture>
	</control>

<control>
	<description>VIEWPORT</description>
	<type>image</type>
	<id>0</id>
	<posX>0</posX>
	<posY>164</posY>
	<width>1893</width>
	<height>649</height>
	<texture>viewport_tv_guide.png</texture>

	<shouldCache>true</shouldCache>
</control>
	<control>
	<description>VIEWPORT</description>
	<type>image</type>
	<id>0</id>
	<posX>0</posX>
	<posY>120</posY>
	<width>1865</width>
	<height>101</height>
	<texture>tvguide_timeline_bg.png</texture>
</control>
	<control>
		<animation effect="fade" time="250">WindowOpen</animation>
		<animation effect="fade" time="250">WindowClose</animation>
		<type>label</type>
		<id>1</id>
		<posX>185</posX>
		<posY>38</posY>
		<width>500</width>
		<label>100762</label>
		<textcolor>6aa5cb</textcolor>
		<font>font22</font>
	</control>
	
    <control>
      <description>TVGUIDE Panel</description>
      <type>image</type>
      <id>2</id>
      <posX>460</posX>
      <posY>219</posY>
      <width>1410</width>
      <height>566</height>
      <colordiffuse>ffffffff</colordiffuse>
      <texture>-</texture>
		<animation effect="fade" start="0" end="100" time="300" delay="350">WindowOpen</animation>
		<animation effect="fade" start="100" end="0" time="0" delay="0">WindowClose</animation>
    </control>

	<control>
		<description>Single Channel Label</description>
		<type>label</type>
		<id>32</id>
		<posX>436</posX>
		<posY>120</posY>
		<font>AvalonLight16</font>
		<align>left</align>
		<textcolor>6aa5cb</textcolor>
		<animation effect="fade" start="0" end="100" time="300" delay="350">WindowOpen</animation>
		<animation effect="fade" start="100" end="0" time="0" delay="0">WindowClose</animation>
	</control>
	
	<control>
		<description>Single Channel Image</description>
		<type>image</type>
		<id>33</id>
		<posX>350</posX>
		<posY>117</posY>
		<width>48</width>
		<height>48</height>
		<keepaspectratio>yes</keepaspectratio>
		<zoom>no</zoom>
		<texture>defaultVideoBig.png</texture>
	</control>
	
    <!-- Timeheader background must be dedfined before Timeheader label template -->
    <!-- b/c Timeheader is on the background and will be rendered first -->
	
	<control>
		<description>time header background image template</description>
		<type>image</type>
		<id>90</id>
		<posX>463</posX>
		<posY>217</posY>
		<width>153</width>
		<height>37</height>
		<texture>-</texture>
		<animation effect="fade" start="0" end="100" time="300" delay="350">WindowOpen</animation>
		<animation effect="fade" start="100" end="0" time="0" delay="0">WindowClose</animation>
	</control>
	
	<control>
		<description>time header label template</description>
		<type>label</type>
		<id>40</id>
		<posX>463</posX>
		<posY>138</posY>
		<font>AvalonLight12</font>
        <textcolor>6aa5cb</textcolor>
		<animation effect="fade" start="0" end="100" time="300" delay="350">WindowOpen</animation>
		<animation effect="fade" start="100" end="0" time="0" delay="0">WindowClose</animation>
	</control>

	<control>
		<description>day spin control</description>
		<type>spincontrol</type>
		<id>6</id>
		<width>35</width>
		<height>37</height>
		<posX>117</posX>
		<textYOff>1</textYOff>
		<posY>138</posY>
		<showrange>no</showrange>
		<orientation>horizontal</orientation>
		<align>center</align>
		<onleft>6</onleft>
		<onright>8</onright>
		<font>AvalonLight12</font>
		<textureUp>arrow_round_right_nofocus.png</textureUp>
		<textureDown>arrow_round_left_nofocus.png</textureDown>
		<textureUpFocus>arrow_round_right_focus.png</textureUpFocus>
		<textureDownFocus>arrow_round_left_focus.png</textureDownFocus>
		<animation effect="fade" start="0" end="100" time="300" delay="350">WindowOpen</animation>
		<animation effect="fade" start="100" end="0" time="0" delay="0">WindowClose</animation>
	</control>
	
	<control>
		<description>time interval spin control</description>
		<type>spincontrol</type>
		<id>8</id>
		<width>35</width>
		<height>37</height>
		<posX>397</posX>
		<posY>138</posY>
		<showrange>no</showrange>
		<orientation>horizontal</orientation>
		<align>center</align>
		<textureUp>arrow_round_right_nofocus.png</textureUp>
		<textureDown>arrow_round_left_nofocus.png</textureDown>
		<textureUpFocus>arrow_round_right_focus.png</textureUpFocus>
		<textureDownFocus>arrow_round_left_focus.png</textureDownFocus>
		<onleft>6</onleft>
		<onright>8</onright>
		<animation effect="fade" start="0" end="100" time="300" delay="350">WindowOpen</animation>
		<animation effect="fade" start="100" end="0" time="0" delay="0">WindowClose</animation>
	</control>
	
    <control>
		<description>Channel template</description>
		<type>image</type>
		<id>20</id>
		<posX>129</posX>
		<posY>219</posY>
		<width>335</width>
		<height>64</height>
		<animation effect="fade" start="0" end="100" time="300" delay="350">WindowOpen</animation>
		<animation effect="fade" start="100" end="0" time="0" delay="0">WindowClose</animation>
    </control>
	
    <control>
		<description>Channel image template</description>
		<type>image</type>
		<id>7</id>
		<posX>15</posX>
		<posY>7</posY>
		<width>48</width>
		<height>48</height>
		<centered>yes</centered>
		<zoom>no</zoom>
		<keepaspectratio>yes</keepaspectratio>
		<texture>defaultVideoBig.png</texture>
    </control>
	
    <control>
		<description>channel Label template</description>
		<type>label</type>
		<id>18</id>
		<posX>75</posX>
		<posY>12</posY>
		<width>86</width>
		<height>20</height>
		<font>AvalonLight12</font>
		<textcolor>FFFFFFFF</textcolor>
		<animation effect="fade" start="0" end="100" time="300" delay="350">WindowOpen</animation>
		<animation effect="fade" start="100" end="0" time="0" delay="0">WindowClose</animation>
    </control>
	
	<control>
		<description>Current program title</description>
		<type>fadelabel</type>
		<id>13</id>
		<posX>681</posX>
		<posY>816</posY>
		<width>1175</width>
		<label>#Radio.Guide.CompositeTitle</label>
		<font>fontB16</font>
		<animation effect="fade" start="0" end="100" time="300" delay="350">WindowOpen</animation>
		<animation effect="fade" start="100" end="0" time="0" delay="0">WindowClose</animation>
	</control>
	
	<control>
		<description>Current program time</description>
		<type>label</type>
		<id>14</id>
		<posX>681</posX>
		<posY>868</posY>
		<width>850</width>
		<label>#Radio.Guide.Time #Radio.Guide.ChannelName - #Radio.Guide.DurationMins #Radio.Guide.Genre</label>
		<font>AvalonLight12</font>
		<textcolor>85cfff</textcolor>
		<animation effect="fade" start="0" end="100" time="300" delay="350">WindowOpen</animation>
		<animation effect="fade" start="100" end="0" time="0" delay="0">WindowClose</animation>
	</control>

	<control>
		<description>Description1</description>
		<type>textboxscrollup</type>
		<id>15</id>
		<posX>681</posX>
		<posY>908</posY>
		<width>1185</width>
		<height>165</height>
		<font>AvalonLight12</font>
		<lineSpacing>0.85</lineSpacing>				
		<label>#Radio.Guide.Description</label>
		<animation effect="fade" start="0" end="100" time="300" delay="350">WindowOpen</animation>
		<animation effect="fade" start="100" end="0" time="0" delay="0">WindowClose</animation>
	</control>
	
	<control>
      <description>template for program title dark area</description>
      <type>label</type>
      <visible>no</visible>
      <id>26</id>
      <label>-</label>
      <font>AvalonLight12</font>
		<posX>25</posX>
		<posY>12</posY>
      <textcolor>FFFFFFFF</textcolor>
		<animation effect="fade" start="0" end="100" time="300" delay="350">WindowOpen</animation>
		<animation effect="fade" start="100" end="0" time="0" delay="0">WindowClose</animation>
    </control>

	<control>
		<description>template for program title light area</description>
		<type>label</type>
		<id>24</id>
		<visible>no</visible>
		<label>-</label>
		<font>AvalonLight12</font>
		<textcolor>FF85CFFE</textcolor>
		<posX>25</posX>
		<posY>12</posY>
		<animation effect="fade" start="0" end="100" time="300" delay="350">WindowOpen</animation>
		<animation effect="fade" start="100" end="0" time="0" delay="0">WindowClose</animation>
	</control>
	
	<control>
		<description>vertical timeline</description>
		<type>image</type>
		<id>25</id>
		<posX>55</posX>
		<posY>180</posY>
		<height>602</height>
		<colordiffuse>c0ffffff</colordiffuse>
		<texture>tvguide_slider.png</texture>
		<animation effect="fade" start="0" end="100" time="300" delay="350">WindowOpen</animation>
		<animation effect="fade" start="100" end="0" time="0" delay="0">WindowClose</animation>
	</control>

	<control>
		<description>Horizontal scrollbar</description>
		<type>hscrollbar</type>
		<id>28</id>
		<posX>330</posX>
		<posY>905</posY>
		<width>994</width>
		<height>24</height>
		<visible>no</visible>
		<animation effect="fade" start="0" end="100" time="300" delay="350">WindowOpen</animation>
		<animation effect="fade" start="100" end="0" time="0" delay="0">WindowClose</animation>
	</control>
	
	<control>
		<description>Vertical scrollbar</description>
		<type>vscrollbar</type>
		<id>29</id>
		<posX>1829</posX>
		<posY>165</posY>
		<width>26</width>
		<height>338</height>
		<visible>no</visible>
		<animation effect="fade" start="0" end="100" time="300" delay="350">WindowOpen</animation>
		<animation effect="fade" start="100" end="0" time="0" delay="0">WindowClose</animation>
	</control>

	<control>
		<description>record pin</description>
		<type>image</type>
		<id>31</id>
		<posX>615</posX>
		<posY>826</posY>
		<texture>tv_is_recording.gif</texture>
		<visible>no</visible>
		<animation effect="fade" start="0" end="100" time="300" delay="350">WindowOpen</animation>
		<animation effect="fade" start="100" end="0" time="0" delay="0">WindowClose</animation>
	</control>
	
      <control>
      <description>TvGroup button</description>
      <type>button</type>
      <id>100</id>
      <posX>27</posX>
      <posY>216</posY>
      <width>65</width>
      <height>533</height>
      <textureFocus>tvgroup_button_selected.png</textureFocus>
      <textureNoFocus>tvgroup_button.png</textureNoFocus>
      <label></label>
      <onleft>60</onleft>
      <onright>6</onright>
      <onup>6</onup>
      <ondown>6</ondown>
    </control>
	
    <control>
      <description>TvGroup button label</description>
      <type>label</type>
      <id>0</id>
      <posX>62</posX>
      <posY>730</posY>
	  <valign>middle</valign>
      <label>#Radio.Guide.ChangeGroup</label>
      <font>AvalonLight16</font>
		<textcolor>ffffff</textcolor>
      <animation effect="rotate" end="90" time="0">WindowOpen</animation>
	  <animation effect="rotate" end="90" time="0">WindowClose</animation>
      </control>
	  
<import>common.time.xml</import>
<import>common.overlay.xml</import>
  </controls>
</window>
