<?xml version="1.0" encoding="utf-8" standalone="yes"?>
<window>
  <id>15634330</id>
  <defaultcontrol>2</defaultcontrol>
  <allowoverlay>yes</allowoverlay>
  <controls>
	<import>common.window.radio.xml</import>
	<import>common.time.xml</import>
	
    <control>
		<type>fadelabel</type>
		<id>1</id>      
		<posX>185</posX>
		<posY>38</posY>
		<width>500</width>
		<label>Streamradio</label>
		<textcolor>6aa5cb</textcolor>
		<font>font22</font>
		<animation effect="fade" start="0" end="100" time="300" delay="350">WindowOpen</animation>
		<animation effect="fade" start="100" end="0" time="0" delay="0">WindowClose</animation>
    </control>
    
	<control>
		<id>1</id>
		<type>image</type>
		<posX>0</posX>
		<posY>440</posY>
		<width>64</width>
		<height>199</height>
		<texture>hiddenmenu_tab.png</texture>
		<visible>[facadeview.list | facadeview.smallicons | facadeview.largeicons]+Control.HasFocus(50) + !string.contains(#Avalon.HiddenMenu, false)</visible>
		<animation effect="slide" start="-60,0" time="250" delay="400">WindowOpen</animation>
		<animation effect="slide" start="0,0" end="-60,0" time="250" delay="100">WindowClose</animation>
	</control>
    
	<control>
		<id>1</id>
		<type>image</type>
		<posX>858</posX>
		<posY>0</posY>
		<texture>hiddenmenu_tab_up.png</texture>
		<visible>[facadeview.filmstrip | facadeview.coverflow] + Control.HasFocus(50) + !string.contains(#Avalon.HiddenMenu, false)</visible>
		<animation effect="slide" start="0,-60" time="250" delay="400">WindowOpen</animation>
		<animation effect="slide" start="0,0" end="0,-60" time="250" delay="100">WindowClose</animation>
	</control>	
	
	<control>
		<type>actiongroup</type>
		<description>action menu</description>
		<defaultcontrol>2</defaultcontrol>
		<onexit>50</onexit>
		<dimColor>00ffffff</dimColor>
		<buttonX>0</buttonX>
		<buttonY>0</buttonY>
		<buttonwidth>497</buttonwidth>
		<buttonheight>1080</buttonheight>
		
		<control>
			<type>image</type>
			<id>0</id>
			<width>1920</width>
			<height>1080</height>
			<texture>semi_trans_back_hidden_menu.png</texture>
			<visible>!Control.HasFocus(50)</visible>
			<animation effect="fade" time="450">visible</animation>
			<animation effect="fade" time="400">hidden</animation>
		</control>
	
		<control>
			<type>image</type>
			<id>0</id>
			<posY>15</posY>
			<posX>0</posX>
			<width>631</width>
			<height>1044</height>
			<texture>menu_bg.png</texture>
			<visible>!Control.HasFocus(50)</visible>
    		<animation effect="fade" time="0">WindowClose</animation>
    		<animation effect="slide" start="-150,0" time="100">visible</animation>
    		<animation effect="fade" time="50">visible</animation>
    		<animation effect="fade" time="0">hidden</animation>
		</control>
	
		<control>
			<type>image</type>
			<id>0</id>
			<posY>296</posY>
			<posX>128</posX>
			<width>376</width>
			<height>1</height>
			<texture>hiddenmenu_separator.png</texture>
			<visible>!Control.HasFocus(50)</visible>
    		<animation effect="fade" time="0">WindowClose</animation>
    		<animation effect="slide" start="-150,0" time="100">visible</animation>
    		<animation effect="fade" time="50">visible</animation>
    		<animation effect="fade" time="0">hidden</animation>
		</control>
		<control>
			<type>image</type>
			<id>0</id>
			<posY>552</posY>
			<posX>128</posX>
			<width>376</width>
			<height>1</height>
			<texture>hiddenmenu_separator.png</texture>
			<visible>!Control.HasFocus(50)</visible>
    		<animation effect="fade" time="0">WindowClose</animation>
    		<animation effect="slide" start="-150,0" time="100">visible</animation>
    		<animation effect="fade" time="50">visible</animation>
    		<animation effect="fade" time="0">hidden</animation>
		</control>
		<control>
			<type>image</type>
			<id>0</id>
			<posY>552</posY>
			<posX>128</posX>
			<width>376</width>
			<height>1</height>
			<texture>hiddenmenu_separator.png</texture>
			<visible>!Control.HasFocus(50)</visible>
    		<animation effect="fade" time="0">WindowClose</animation>
    		<animation effect="slide" start="-150,0" time="100">visible</animation>
    		<animation effect="fade" time="50">visible</animation>
    		<animation effect="fade" time="0">hidden</animation>
		</control>
		<control>
			<description>Menu label</description>
			<type>label</type>
			<id>1</id>
			<posX>128</posX>
			<posY>114</posY>
			<label>924</label>
			<font>fontB12</font>
			<textcolor>ffffff</textcolor>
			<visible>!Control.HasFocus(50)</visible>
    		<animation effect="fade" time="0">WindowClose</animation>
    		<animation effect="slide" start="-150,0" time="100">visible</animation>
    		<animation effect="fade" time="50">visible</animation>
    		<animation effect="fade" time="0">hidden</animation>
    	</control>
		<control>
			<description>Jump to label</description>
			<type>label</type>
			<id>1</id>
			<posX>128</posX>
			<posY>306</posY>
			<label>1065</label>
			<font>fontB12</font>
			<textcolor>ffffff</textcolor>
 			<visible>!Control.HasFocus(50)</visible>
    		<animation effect="fade" time="0">WindowClose</animation>
    		<animation effect="slide" start="-150,0" time="100">visible</animation>
    		<animation effect="fade" time="50">visible</animation>
    		<animation effect="fade" time="0">hidden</animation>
		</control>
		<control>
			<description>Options label</description>
			<type>label</type>
			<id>1</id>
			<posX>128</posX>
			<posY>560</posY>
			<label>496</label>
			<font>fontB12</font>
			<textcolor>ffffff</textcolor>
 			<visible>!Control.HasFocus(50)</visible>
    		<animation effect="fade" time="0">WindowClose</animation>
    		<animation effect="slide" start="-150,0" time="100">visible</animation>
    		<animation effect="fade" time="50">visible</animation>
    		<animation effect="fade" time="0">hidden</animation>
		</control>
          <control>
            <type>group</type>
            <description>group element</description>
 			<visible>!Control.HasFocus(50)</visible>
    		<animation effect="fade" time="0">WindowClose</animation>
    		<animation effect="slide" start="-150,0" time="100">visible</animation>
    		<animation effect="fade" time="50">visible</animation>
    		<animation effect="fade" time="0">hidden</animation>
            <posX>69</posX>
            <posY>155</posY>
            <layout>StackLayout(0, Vertical, true)</layout>	
            
                  <control>
                    <description>View-As</description>
                    <type>button</type>
                    <id>2</id>
					<textureFocus>hiddenmenu_item_selected.png</textureFocus>
					<textureNoFocus>-</textureNoFocus>
    				<width>497</width>
    				<height>64</height>
    				<textXOff>58</textXOff>
    				<textYOff>14</textYOff>
                    <label>100</label>
                    <onright>50</onright>
                    <onleft>50</onleft>
                    <onup>9</onup>
                    <ondown>3</ondown>
                  </control>
                  
                  <control>
                    <description>Sort</description>
                    <type>sortbutton</type>
                    <id>3</id>
					<textureFocus>hiddenmenu_item_selected.png</textureFocus>
					<textureNoFocus>-</textureNoFocus>
    				<width>497</width>
    				<height>64</height>
    				<textXOff>58</textXOff>
    				<textYOff>14</textYOff>
                    <onright>50</onright>
                    <onleft>50</onleft>
                    <ondown>6</ondown>
                  </control>
                  
                <control>
                    <description>Empty button</description>
                    <type>button</type>
                    <id>0</id>
    			    <textureFocus>-</textureFocus>
    			    <textureNoFocus>-</textureNoFocus>
    		        <width>497</width>
    			    <height>64</height>
                    <label>-</label>
                    <visible>true</visible>
                </control>
                  
                  <control>
                    <description>Previous</description>
                    <type>button</type>
                    <id>6</id>
					<textureFocus>hiddenmenu_item_selected.png</textureFocus>
					<textureNoFocus>-</textureNoFocus>
    				<width>497</width>
    				<height>64</height>
    				<textXOff>58</textXOff>
    				<textYOff>14</textYOff>
                    <label>210</label>
                    <onright>50</onright>
                    <onleft>50</onleft>
                    <onup>3</onup>
                    <action>15</action>
                  </control>
                  
                  <control>
                    <description>Next</description>
                    <type>button</type>
                    <id>7</id>
					<textureFocus>hiddenmenu_item_selected.png</textureFocus>
					<textureNoFocus>-</textureNoFocus>
    				<width>497</width>
    				<height>64</height>
    				<textXOff>58</textXOff>
    				<textYOff>14</textYOff>
                    <label>209</label>
                    <onright>50</onright>
                    <onleft>50</onleft>
                    <action>14</action>
                  </control>
                  
                  <control>
                    <description>Radio Guide</description>
                    <type>button</type>
                    <id>8</id>
					<textureFocus>hiddenmenu_item_selected.png</textureFocus>
					<textureNoFocus>-</textureNoFocus>
    				<width>497</width>
    				<height>64</height>
    				<textXOff>58</textXOff>
    				<textYOff>14</textYOff>
                    <label>533</label>
                    <onright>50</onright>
                    <onleft>50</onleft>
                    <ondown>9</ondown>
                    <hyperlink>762</hyperlink>
                  </control>
                  
                <control>
                    <description>Empty button</description>
                    <type>button</type>
                    <id>0</id>
    			    <textureFocus>-</textureFocus>
    			    <textureNoFocus>-</textureNoFocus>
    		        <width>497</width>
    			    <height>64</height>
                    <label>-</label>
                    <visible>true</visible>
                </control>
                  
                  <control>
                    <description>Record</description>
                    <type>togglebutton</type>
                    <id>9</id>
					<textureFocus>hiddenmenu_toggle-on-focus.png</textureFocus>
					<textureNoFocus>hiddenmenu_toggle-on-nofocus.png</textureNoFocus>
					<AltTextureFocus>hiddenmenu_toggle-off-focus.png</AltTextureFocus>
					<AltTextureNoFocus>hiddenmenu_toggle-off-nofocus.png</AltTextureNoFocus>
					<textcolor>white</textcolor>
					<textcolorNoFocus>ff85cfff</textcolorNoFocus>
    				<width>497</width>
    				<height>64</height>
    				<textXOff>58</textXOff>
    				<textYOff>14</textYOff>
                    <label>601</label>
                    <onright>50</onright>
                    <onleft>50</onleft>
                    <ondown>2</ondown>
                    <onup>8</onup>
                  </control>
            </control>
		</control>
        <import>common.facade.xml</import>
        		
		<control>
			<animation effect="fade" start="0" end="100" time="300" delay="350">WindowOpen</animation>
			<animation effect="fade" start="100" end="0" time="0" delay="0">WindowClose</animation>
			<description>Poster glow</description>
			<type>image</type>
			<id>1</id>
			<posX>695</posX>
			<posY>101</posY>
			<width>485</width>
			<height>486</height>
			<texture>list_music_glow.png</texture>
			<visible>[facadeview.list+Control.IsVisible(50)]</visible>
		</control>
		
		<control>
			<animation effect="fade" start="0" end="100" time="300" delay="350">WindowOpen</animation>
			<animation effect="fade" start="100" end="0" time="0" delay="0">WindowClose</animation>
			<id>0</id>
			<type>image</type>
			<posX>762</posX>
			<posY>169</posY>
			<width>350</width>
			<height>350</height>
			<visible>facadeview.list+!control.hasthumb(500)</visible>
			<texture flipY="true" diffuse="Thumb_Mask.png" mask="music_listview_mask.png">DefaultMyradioBig.png</texture>
		</control>
		
		<control>
			<animation effect="fade" start="0" end="100" time="300" delay="350">WindowOpen</animation>
			<animation effect="fade" start="100" end="0" time="0" delay="0">WindowClose</animation>
			<description>Cover Art</description>
			<type>image</type>
			<id>500</id>
			<posX>762</posX>
			<posY>169</posY>
			<width>350</width>
			<height>350</height>
			<texture flipY="true" diffuse="Thumb_Mask.png" mask="music_listview_mask.png">#selectedthumb</texture>
			<visible>facadeview.list+Control.IsVisible(50)</visible>
			<keepaspectratio>yes</keepaspectratio>
		</control>
  <import>common.overlay.xml</import>
  </controls>
</window>
