﻿<?xml version="1.0" encoding="utf-8" standalone="yes"?>
<window>
  <id>7776</id>
  <defaultcontrol>10</defaultcontrol>
  <allowoverlay>no</allowoverlay>
  <define>#header.label:Tetris</define>
  <controls>

	<control>
		<description>BG</description>
		<type>image</type>
		<id>1</id>
		<width>1920</width>
		<height>1080</height>
	</control>
	
		<!--            :: Overlays ::            -->	
	
	<control>
		<description>viewport list</description>
		<type>image</type>
		<id>2020</id>
		<posX>1</posX>
		<posY>92</posY>
		<width>1893</width>
		<height>795</height>
		<texture>viewport_onlinevideos.png</texture>
		<animation effect="fade" time="250">WindowOpen</animation>
		<animation effect="fade" time="250">WindowClose</animation>
		<animation effect="slide" time="250" start="-1890,0">WindowOpen</animation>
		<animation effect="slide" time="250" end="-1890,0">WindowClose</animation>
	</control>
	
	<import>common.time.xml</import>

    <control>
		<type>fadelabel</type>
		<id>1</id>      
		<posX>185</posX>
		<posY>38</posY>
		<width>500</width>
		<label>Tetris</label>
		<textcolor>6aa5cb</textcolor>
		<font>font22</font>
		<animation effect="fade" start="0" end="100" time="300" delay="350">WindowOpen</animation>
		<animation effect="fade" start="100" end="0" time="0" delay="0">WindowClose</animation>
    </control>	
	
	<!--            :: Count Background ::            -->

	<control>
		<description>RSS background</description>
		<type>image</type>
		<id>0</id>
		<posX>0</posX>
		<posY>829</posY>
		<width>1865</width>
		<height>96</height>
		<texture>basichome_rss_bg.png</texture>
		<animation effect="fade" start="0" end="100" time="300" delay="350">WindowOpen</animation>
		<animation effect="fade" start="100" end="0" time="0" delay="0">WindowClose</animation>
	</control>
	
	<control>
		<description>buttons</description>
		<type>group</type>
		<posX>130</posX>
		<posY>156</posY>
		<layout>StackLayout(0, Vertical, true)</layout>
		
      <control>
        <description>New Game</description>
        <type>button</type>
        <id>2</id>
		<width>385</width>
		<height>64</height>
		<textureFocus>settings_button_focus.png</textureFocus>
		<textureNoFocus>settings_button_nofocus.png</textureNoFocus>		
        <label>19002</label>
        <onright>10</onright>
        <onup>17</onup>
        <ondown>4</ondown>
      </control>
	  
      <control>
        <description>Sounds</description>
        <type>togglebutton</type>
        <id>4</id>
		<width>385</width>
		<height>64</height>		
        <label>19004</label>
        <onup>2</onup>
        <ondown>2</ondown>
        <onright>10</onright>
      </control>
    </control>
	
    <control>
      <description>info group</description>
      <type>group</type>
      <animation effect="fade" time="250">WindowOpen</animation>
      <animation effect="fade" time="250">WindowClose</animation>
      <control>
        <description>Scoreboard background</description>
        <type>image</type>
        <id>200</id>
        <posX>130</posX>
        <posY>420</posY>
        <width>473</width>
        <height>395</height>
        <texture>tetris\scoreboard.png</texture>
        <colordiffuse>60ffffff</colordiffuse>
      </control>
      <control>
        <description>Score: label</description>
        <type>label</type>
        <id>201</id>
        <posX>165</posX>
        <posY>575</posY>
        <label>19005</label>
      </control>
      <control>
        <description>Score</description>
        <type>label</type>
        <id>202</id>
        <posX>570</posX>
        <posY>575</posY>
        <width>404</width>
        <align>right</align>
        <label>#tetris_score</label>
      </control>
      <control>
        <description>Level: label</description>
        <type>label</type>
        <id>203</id>
        <posX>165</posX>
        <posY>635</posY>
        <label>19006</label>
      </control>
      <control>
        <description>Level</description>
        <type>label</type>
        <id>204</id>
        <posX>570</posX>
        <posY>635</posY>
        <width>404</width>
        <align>right</align>
        <label>#tetris_level</label>
      </control>
      <control>
        <description>Lines: label</description>
        <type>label</type>
        <id>205</id>
        <posX>165</posX>
        <posY>694</posY>
        <label>19007</label>
      </control>
      <control>
        <description>Lines</description>
        <type>label</type>
        <id>206</id>
        <posX>570</posX>
        <posY>694</posY>
        <width>404</width>
        <align>right</align>
        <label>#tetris_lines</label>
      </control>
      <control>
        <description>Highscore: label</description>
        <type>label</type>
        <id>205</id>
        <posX>165</posX>
        <posY>755</posY>
        <label>19008</label>
      </control>
      <control>
        <description>Highscore</description>
        <type>label</type>
        <id>206</id>
        <posX>570</posX>
        <posY>755</posY>
        <width>404</width>
        <align>right</align>
        <label>#tetris_highscore</label>
      </control>
    </control>
	
    <control>
      <description>group element</description>
      <type>group</type>
		<animation effect="fade" start="0" end="100" time="300" delay="350">WindowOpen</animation>
		<animation effect="fade" start="100" end="0" time="0" delay="0">WindowClose</animation>
      <control>
        <description>Tetris control</description>
        <type>tetris</type>
        <id>10</id>
        <posX>850</posX>
        <posY>170</posY>
        <width>850</width>
        <height>640</height>
        <font>font16</font>
        <textcolor>ffffffff</textcolor>
        <onback>2</onback>
        <onleft>2</onleft>
        <onright>10</onright>
        <onup>10</onup>
        <ondown>10</ondown>
        <colordiffuse>60ffffff</colordiffuse>
        <texture>tetris\background.png</texture>
        <texturefocus>tetris\background_focus.png</texturefocus>
        <textureLeft>tetris\guide.png</textureLeft>
        <textureRight>tetris\guide.png</textureRight>
        <nextblockx>200</nextblockx>
        <nextblocky>500</nextblocky>
      </control>
    </control>

	<import>common.overlay.xml</import>	
  </controls>
</window>