<?xml version="1.0" encoding="utf-8" standalone="yes"?>
<window>
<id>601</id>
<defaultcontrol>10</defaultcontrol>
<allowoverlay>yes</allowoverlay>
<controls>

	<control>
		<description>default background</description>
		<type>image</type>
		<id>1</id>
		<posX>0</posX>
        <posY>0</posY>
		<width>1920</width>
		<height>1080</height>
		<texture>background.png</texture>
	</control>
	
		<!--            :: Overlays ::            -->	


	<control>
		<description>Viewport listview</description>
		<type>image</type>
		<id>1</id>
		<posX>0</posX>
		<posY>92</posY>
		<width>1893</width>
		<height>866</height>
		<texture>viewport_tv_recordings.png</texture>
		<animation effect="fade" time="250">WindowOpen</animation>
		<animation effect="fade" time="250">WindowClose</animation>
		<animation effect="slide" time="250" start="-1890,0">WindowOpen</animation>
		<animation effect="slide" time="250" end="-1890,0">WindowClose</animation>
	</control>
	
	<!--            :: Count Background ::            -->

	<control>
		<description>RSS background</description>
		<type>image</type>
		<id>0</id>
		<posX>0</posX>
		<posY>900</posY>
		<width>1865</width>
		<height>96</height>
		<texture>basichome_rss_bg.png</texture>
		<animation effect="fade" start="0" end="100" time="300" delay="350">WindowOpen</animation>
		<animation effect="fade" start="100" end="0" time="0" delay="0">WindowClose</animation>
	</control>
    
	<control>
		<animation effect="fade" start="0" end="100" time="300" delay="350">WindowOpen</animation>
		<animation effect="fade" start="100" end="0" time="0" delay="0">WindowClose</animation>
		<type>label</type>
		<id>1</id>
		<posX>185</posX>
		<posY>38</posY>
		<width>800</width>
		<label>646</label>
		<textcolor>6aa5cb</textcolor>
		<font>font22</font>
	</control>
	
	<control>
		<animation effect="fade" start="0" end="100" time="300" delay="350">WindowOpen</animation>
		<animation effect="fade" start="100" end="0" time="0" delay="0">WindowClose</animation>
		<description>Selected item Label</description>
		<type>fadelabel</type>
		<id>1</id>
		<posX>270</posX>
		<posY>472</posY>
		<width>580</width>
		<label>#selecteditem</label>
		<font>fontB16</font>
		<visible>string.equals(#TV.Scheduled.Title,)</visible>
	</control>
	
	<control>
		<animation effect="fade" start="0" end="100" time="300" delay="350">WindowOpen</animation>
		<animation effect="fade" start="100" end="0" time="0" delay="0">WindowClose</animation>
		<description>Selected item Label</description>
		<type>fadelabel</type>
		<id>1</id>
		<posX>270</posX>
		<posY>472</posY>
		<width>580</width>
		<label>#TV.Scheduled.Title</label>
		<font>fontB16</font>
		<visible>!string.equals(#TV.Scheduled.Title,)</visible>
	</control>
	
	<control>
		<animation effect="fade" start="0" end="100" time="300" delay="350">WindowOpen</animation>
		<animation effect="fade" start="100" end="0" time="0" delay="0">WindowClose</animation>
		<description>Number of Files Label</description>
		<type>label</type>
		<id>1</id>
		<label>#currentmodule: #itemcount</label>
		<posX>948</posX>
		<posY>944</posY>
		<align>left</align>
		<font>AvalonLight12</font>
		<textcolor>6aa5cb</textcolor>
		<visible>Control.IsVisible(10)</visible>
	</control>
	
<import>common.time.xml</import>
	
	<control>
		<type>group</type>
		<description>group element</description>
		<animation effect="fade" start="0" end="100" time="300" delay="350">WindowOpen</animation>
		<animation effect="fade" start="100" end="0" time="0" delay="0">WindowClose</animation>
        <dimColor>ffffffff</dimColor>
		<posX>72</posX>
		<posY>156</posY>
		<layout>GridLayout(2, 3, 1, 1, 1)</layout>
		<control>
			<type>sortbutton</type>
			<id>2</id>
			<label>620</label>
			<onleft>10</onleft>
			<onright>11</onright>
			<onup>9</onup>
			<ondown>6</ondown>
		</control>

		<control>
			<description>New button</description>
			<type>button</type>
			<id>6</id>
			<label>617</label>
			<onleft>10</onleft>
			<onright>10</onright>
			<onup>2</onup>
			<ondown>7</ondown>
		</control>

		<control>
			<description>Cleanup</description>
			<type>button</type>
			<id>7</id>
			<label>624</label>
			<onleft>10</onleft>
			<onright>10</onright>
			<onup>6</onup>
			<ondown>11</ondown>
		</control>

		<control>
			<description>Toggle button series</description>
			<type>togglebutton</type>
			<id>11</id>
			<label>3019</label>
			<onleft>2</onleft>
			<onright>10</onright>
			<onup>7</onup>
			<ondown>8</ondown>
		</control>
        
		<control>
			<description>Priorities</description>
			<type>button</type>
			<id>8</id>
			<label>877</label>
			<hyperlink>607</hyperlink>
			<onleft>10</onleft>
			<onright>10</onright>
			<onup>7</onup>
			<ondown>9</ondown>
		</control>

		<control>
			<description>Conflicts</description>
			<type>button</type>
			<id>9</id>
			<label>892</label>
			<hyperlink>608</hyperlink>
			<onleft>10</onleft>
			<onright>10</onright>
			<onup>8</onup>
			<ondown>2</ondown>
			<textureFocus>hiddenmenu_item_selected.png</textureFocus>
			<textureNoFocus>hiddenmenu_item.png</textureNoFocus>
			<width>279</width>
			<height>49</height>
			<textXOff>25</textXOff>
			<textYOff>12</textYOff>
		</control>

	</control>

	<control>
		<type>group</type>
		<description>group element</description>
		<animation effect="fade" start="0" end="100" time="300" delay="350">WindowOpen</animation>
		<animation effect="fade" start="100" end="0" time="0" delay="0">WindowClose</animation>
        <dimColor>ffffffff</dimColor>
		
			<control>
				<description>listcontrol</description>
				<type>listcontrol</type>
				<id>10</id>
				<posX>918</posX>
				<posY>160</posY>
				<height>800</height>
				<width>919</width>
				<onleft>11</onleft>
				<onright>5</onright>
				<scrollOffset>1</scrollOffset>
				<PinIconHeight>44</PinIconHeight>
				<PinIconWidth>45</PinIconWidth>
				<PinIconXOff>5</PinIconXOff>
				<PinIconYOff>8</PinIconYOff>
				<itemWidth>44</itemWidth>
				<itemHeight>45</itemHeight>
				<textureFocus>listcontrol_item_selected_tv.png</textureFocus>
				<textureNoFocus>-</textureNoFocus>
				<IconXOff>55</IconXOff>
				<IconYOff>6</IconYOff>				
				<textXOff>50</textXOff>
				<keepaspectratio>yes</keepaspectratio>
                <spinPosX>1832</spinPosX>
                <spinPosY>950</spinPosY>
			</control>

	</control>
					
		<control>
			<animation effect="fade" start="0" end="100" time="300" delay="350">WindowOpen</animation>
			<animation effect="fade" start="100" end="0" time="0" delay="0">WindowClose</animation>
			<type>label</type>
			<description>Current program time</description>
			<id>14</id>
	       	<posX>270</posX>
	       	<posY>528</posY>
			<textcolor>6aa5cb</textcolor>
			<font>AvalonLight14</font>
			<label>#TV.Scheduled.Time</label>
			<visible>true</visible>
		</control>

		<control>
			<animation effect="fade" start="0" end="100" time="300" delay="350">WindowOpen</animation>
			<animation effect="fade" start="100" end="0" time="0" delay="0">WindowClose</animation>
			<type>textboxscrollup</type>
			<description>Description1</description>
			<id>15</id>
    		<posX>74</posX>
    		<posY>592</posY>
    		<width>780</width>
    		<height>325</height>
			<label>#TV.Scheduled.Description</label>
		</control>
		
	<control>
		<id>0</id>
		<type>image</type>
		<posX>70</posX>
		<posY>458</posY>
		<width>187</width>
		<height>119</height>
		<texture>tv_logo_bg.png</texture>
		<visible>Control.IsVisible(10)</visible>
		<animation effect="fade" start="0" end="100" time="300" delay="350">WindowOpen</animation>
		<animation effect="fade" start="100" end="0" time="0" delay="0">WindowClose</animation>
	</control>
	
	<control>
		<id>0</id>
		<type>image</type>
		<posX>121</posX>
		<posY>472</posY>
		<width>90</width>
		<height>90</height>
		<texture>#selectedthumb</texture>
		<animation effect="fade" start="0" end="100" time="300" delay="350">WindowOpen</animation>
		<animation effect="fade" start="100" end="0" time="0" delay="0">WindowClose</animation>
	</control>
<import>common.overlay.xml</import>
</controls>
</window>
