<?xml version="1.0" encoding="utf-8" standalone="yes"?>
<window>
<id>3012</id>
<defaultcontrol>99</defaultcontrol>
<allowoverlay>no</allowoverlay>
<define>#header.label:200041</define>
<controls>

     <control>
      <description>BackGround</description>
      <type>image</type>
      <id>1</id>
      <width>1920</width>
      <height>1080</height>
      <texture>background.png</texture>      
    </control>
	
	<control>
		<description>background listview</description>
		<type>image</type>
		<id>1</id>
		<posX>0</posX>
        <posY>0</posY>
		<width>1920</width>
		<height>1080</height>
		<texture>overlay.png</texture>
	</control>
	
	<control>
		<description>viewport list</description>
		<type>image</type>
		<id>0</id>
		<posX>0</posX>
		<posY>92</posY>
		<width>1893</width>
		<height>795</height>
		<texture>viewport_onlinevideos.png</texture>
	</control>
    
    <import>common.time.xml</import>
    
	<control>
		<type>label</type>
		<id>1</id>
		<posX>185</posX>
		<posY>38</posY>
		<width>500</width>
		<label>tuning details</label>
		<textcolor>6aa5cb</textcolor>
		<font>font22</font>
	</control>
	
	<control>
		<description>video window</description>
		<type>videowindow</type>
		<id>99</id>
		<posX>95</posX>
		<posY>249</posY>
		<width>542</width>
		<height>310</height>
		<onleft>2</onleft>
		<onright>2</onright>
		<action>18</action>
		<textureFocus>tv_green_border.png</textureFocus>
		<animation effect="fade" time="250">WindowOpen</animation>
		<animation effect="fade" time="250">WindowClose</animation>
	</control>

	<control>
		<description>Channel</description>
		<type>label</type>
		<id>0</id>
		<posX>788</posX>
		<posY>200</posY>
		<label>Channel name</label>
		<font>fontB16</font>
		<textcolor>6aa5cb</textcolor>
		<animation effect="fade" time="250">WindowOpen</animation>
		<animation effect="fade" time="250">WindowClose</animation>
	</control>
	
	 	<control>
		<description>Channel name</description>
		<type>label</type>
		<id>0</id>
		<posX>1190</posX>
		<posY>200</posY>
		<label>#TV.TuningDetails.ChannelName</label>
		<font>fontB16</font>
		<animation effect="fade" time="250">WindowOpen</animation>
		<animation effect="fade" time="250">WindowClose</animation>
	</control>

	<control>
		<description>Provider</description>
		<type>label</type>
		<id>0</id>
		<posX>788</posX>
		<posY>252</posY>
		<label>Provider</label>
		<font>fontB16</font>
		<textcolor>6aa5cb</textcolor>
		<animation effect="fade" time="250">WindowOpen</animation>
		<animation effect="fade" time="250">WindowClose</animation>
	</control>
	
	<control>
		<description>Provider name</description>
		<type>label</type>
		<id>0</id>
		<posX>1190</posX>
		<posY>252</posY>
		<label>#TV.TuningDetails.Provider</label>
		<font>fontB16</font>
		<animation effect="fade" time="250">WindowOpen</animation>
		<animation effect="fade" time="250">WindowClose</animation>
	</control>
	
	<control>
		<description>Signal level</description>
		<type>label</type>
		<id>22</id>
		<posX>788</posX>
		<posY>354</posY>
		<label>Signal level</label>
		<font>AvalonLight16</font>
        <textcolor>6aa5cb</textcolor>
		<animation effect="fade" time="250">WindowOpen</animation>
		<animation effect="fade" time="250">WindowClose</animation>
	</control>
	
	<control>
		<description>Signal level 0</description>
		<type>label</type>
		<id>0</id>
		<posX>1092</posX>
		<posY>338</posY>
		<label> 0</label>
		<font>font11</font>
        <textcolor>6aa5cb</textcolor>
		<animation effect="fade" time="250">WindowOpen</animation>
		<animation effect="fade" time="250">WindowClose</animation>
	</control>
	
	<control>
		<description>Signal level 100</description>
		<type>label</type>
		<id>0</id>
		<posX>1770</posX>
		<posY>338</posY>
		<label> 100</label>
		<font>font11</font>
		<align>right</align>
        <textcolor>6aa5cb</textcolor>
		<animation effect="fade" time="250">WindowOpen</animation>
		<animation effect="fade" time="250">WindowClose</animation>
	</control>
	
	<control>
		<description>Progress background</description>
		<type>image</type>
		<id>0</id>
    	<posX>1092</posX>
    	<posY>372</posY>
    	<width>677</width>
    	<height>18</height>
		<texture>osd_progress_bg.png</texture>
	</control>

	<control>
		<description>Signal level progress bar</description>
		<type>progress</type>
		<id>23</id>
		<posX>1082</posX>
		<posY>374</posY>
		<width>677</width>
		<height>15</height>
		<label>#TV.TuningDetails.SignalLevel</label>
		<texturebg>-</texturebg>
		<lefttexture>osd_progress_left.png</lefttexture>
		<midtexture>osd_progress_mid.png</midtexture>
		<righttexture>osd_progress_right.png</righttexture>
		<visible>yes</visible>
		<animation effect="fade" time="250">WindowOpen</animation>
		<animation effect="fade" time="250">WindowClose</animation>
	</control>

	<control>
		<description>Signal Quality</description>
		<type>label</type>
		<id>24</id>
		<posX>788</posX>
		<posY>406</posY>
		<label>Signal quality</label>
		<font>AvalonLight16</font>
        <textcolor>6aa5cb</textcolor>
		<animation effect="fade" time="250">WindowOpen</animation>
		<animation effect="fade" time="250">WindowClose</animation>
	</control>
	
	<control>
		<description>Progress background</description>
		<type>image</type>
		<id>0</id>
    	<posX>1092</posX>
    	<posY>425</posY>
    	<width>677</width>
    	<height>18</height>
		<texture>osd_progress_bg.png</texture>
	</control>

	<control>
		<description>Signal level progress bar</description>
		<type>progress</type>
		<id>23</id>
		<posX>1082</posX>
		<posY>427</posY>
		<width>677</width>
		<height>15</height>
		<label>#TV.TuningDetails.SignalQuality</label>
		<texturebg>-</texturebg>
		<lefttexture>osd_progress_left.png</lefttexture>
		<midtexture>osd_progress_mid.png</midtexture>
		<righttexture>osd_progress_right.png</righttexture>
		<visible>yes</visible>
		<animation effect="fade" time="250">WindowOpen</animation>
		<animation effect="fade" time="250">WindowClose</animation>
	</control>

	<control>
		<description>Band</description>
		<type>label</type>
		<id>5</id>
		<posX>1440</posX>
		<posY>500</posY>
		<textcolor>6aa5cb</textcolor>
		<label>Band</label>
        <font>AvalonLight11</font>
		<animation effect="fade" time="250">WindowOpen</animation>
		<animation effect="fade" time="250">WindowClose</animation>
	</control>
	
	<control>
		<description>Band value</description>
		<type>label</type>
		<id>5</id>
		<posX>1640</posX>
		<posY>500</posY>
		<label>#TV.TuningDetails.Band</label>
        <font>AvalonLight11</font>
		<animation effect="fade" time="250">WindowOpen</animation>
		<animation effect="fade" time="250">WindowClose</animation>
	</control>

	<control>
		<description>Band width</description>
		<type>label</type>
		<id>6</id>
		<posX>788</posX>
		<posY>500</posY>
		<textcolor>6aa5cb</textcolor>
		<label>Band width</label>
        <font>AvalonLight11</font>
		<animation effect="fade" time="250">WindowOpen</animation>
		<animation effect="fade" time="250">WindowClose</animation>
	</control>
	
	<control>
		<description>Band width value</description>
		<type>label</type>
		<id>5</id>
		<posX>992</posX>
		<posY>500</posY>
		<label>#TV.TuningDetails.BandWidth</label>
        <font>AvalonLight11</font>
		<animation effect="fade" time="250">WindowOpen</animation>
		<animation effect="fade" time="250">WindowClose</animation>
	</control>

	<control>
		<description>Channel type</description>
		<type>label</type>
		<id>7</id>
		<posX>1440</posX>
		<posY>534</posY>
		<textcolor>6aa5cb</textcolor>
		<label>Channel type</label>
        <font>AvalonLight11</font>
		<animation effect="fade" time="250">WindowOpen</animation>
		<animation effect="fade" time="250">WindowClose</animation>
	</control>
	
	<control>
		<description>Channel type value</description>
		<type>label</type>
		<id>5</id>
		<posX>1640</posX>
		<posY>534</posY>
		<label>#TV.TuningDetails.ChannelType</label>
        <font>AvalonLight11</font>
		<animation effect="fade" time="250">WindowOpen</animation>
		<animation effect="fade" time="250">WindowClose</animation>
	</control>

	<control>
		<description>RTSP URL</description>
		<type>label</type>
		<id>4</id>
		<posX>788</posX>
		<posY>534</posY>
		<textcolor>6aa5cb</textcolor>
		<label>RTSP URL</label>
        <font>AvalonLight11</font>
		<animation effect="fade" time="250">WindowOpen</animation>
		<animation effect="fade" time="250">WindowClose</animation>
	</control>
	
	<control>
		<description>RTSP URL value</description>
		<type>label</type>
		<id>5</id>
		<posX>992</posX>
		<posY>534</posY>
		<label>#TV.TuningDetails.RTSPURL</label>
        <font>AvalonLight11</font>
		<animation effect="fade" time="250">WindowOpen</animation>
		<animation effect="fade" time="250">WindowClose</animation>
	</control>

	<control>
		<description>Country id</description>
		<type>label</type>
		<id>8</id>
		<posX>788</posX>
		<posY>568</posY>
		<textcolor>6aa5cb</textcolor>
		<label>Country id</label>
        <font>AvalonLight11</font>
		<animation effect="fade" time="250">WindowOpen</animation>
		<animation effect="fade" time="250">WindowClose</animation>
	</control>
	
	<control>
		<description>Country id value</description>
		<type>label</type>
		<id>5</id>
		<posX>992</posX>
		<posY>568</posY>
		<label>#TV.TuningDetails.CountryId</label>
        <font>AvalonLight11</font>
		<animation effect="fade" time="250">WindowOpen</animation>
		<animation effect="fade" time="250">WindowClose</animation>
	</control>

	<control>
		<description>Free to air</description>
		<type>label</type>
		<id>9</id>
		<posX>1440</posX>
		<posY>568</posY>
		<textcolor>6aa5cb</textcolor>
		<label>Free to air?</label>
        <font>AvalonLight11</font>
		<animation effect="fade" time="250">WindowOpen</animation>
		<animation effect="fade" time="250">WindowClose</animation>
	</control>
	
	<control>
		<description>Free to air value</description>
		<type>label</type>
		<id>5</id>
		<posX>1640</posX>
		<posY>568</posY>
		<label>#TV.TuningDetails.FreeToAir</label>
        <font>AvalonLight11</font>
		<animation effect="fade" time="250">WindowOpen</animation>
		<animation effect="fade" time="250">WindowClose</animation>
	</control>

	<control>
		<description>Frequency</description>
		<type>label</type>
		<id>10</id>
		<posX>788</posX>
		<posY>602</posY>
		<textcolor>6aa5cb</textcolor>
		<label>Frequency</label>
        <font>AvalonLight11</font>
		<animation effect="fade" time="250">WindowOpen</animation>
		<animation effect="fade" time="250">WindowClose</animation>
	</control>
	
	<control>
		<description>Frequency value</description>
		<type>label</type>
		<id>5</id>
		<posX>992</posX>
		<posY>602</posY>
		<label>#TV.TuningDetails.Frequency</label>
        <font>AvalonLight11</font>
		<animation effect="fade" time="250">WindowOpen</animation>
		<animation effect="fade" time="250">WindowClose</animation>
	</control>

	<control>
		<description>InnerFecRate</description>
		<type>label</type>
		<id>11</id>
		<posX>1440</posX>
		<posY>602</posY>
		<textcolor>6aa5cb</textcolor>
		<label>Inner fec rate</label>
        <font>AvalonLight11</font>
		<animation effect="fade" time="250">WindowOpen</animation>
		<animation effect="fade" time="250">WindowClose</animation>
	</control>
	
	<control>
		<description>InnerFecRate value</description>
		<type>label</type>
		<id>5</id>
		<posX>1640</posX>
		<posY>602</posY>
		<label>#TV.TuningDetails.InnerFecRate</label>
        <font>AvalonLight11</font>
		<animation effect="fade" time="250">WindowOpen</animation>
		<animation effect="fade" time="250">WindowClose</animation>
	</control>

	<control>
		<description>Modulation</description>
		<type>label</type>
		<id>12</id>
		<posX>788</posX>
		<posY>636</posY>
		<textcolor>6aa5cb</textcolor>
		<label>Modulation</label>
        <font>AvalonLight11</font>
		<animation effect="fade" time="250">WindowOpen</animation>
		<animation effect="fade" time="250">WindowClose</animation>
	</control>
	
	<control>
		<description>Modulation value</description>
		<type>label</type>
		<id>5</id>
		<posX>992</posX>
		<posY>636</posY>
		<label>#TV.TuningDetails.Modulation</label>
        <font>AvalonLight11</font>
		<animation effect="fade" time="250">WindowOpen</animation>
		<animation effect="fade" time="250">WindowClose</animation>
	</control>

	<control>
		<description>NetworkId</description>
		<type>label</type>
		<id>13</id>
		<posX>1440</posX>
		<posY>636</posY>
		<textcolor>6aa5cb</textcolor>
		<label>NetworkId</label>
        <font>AvalonLight11</font>
		<animation effect="fade" time="250">WindowOpen</animation>
		<animation effect="fade" time="250">WindowClose</animation>
	</control>
	
	<control>
		<description>NetworkId value</description>
		<type>label</type>
		<id>5</id>
		<posX>1640</posX>
		<posY>636</posY>
		<label>#TV.TuningDetails.NetworkId</label>
        <font>AvalonLight11</font>
		<animation effect="fade" time="250">WindowOpen</animation>
		<animation effect="fade" time="250">WindowClose</animation>
	</control>

	<control>
		<description>PcrPid</description>
		<type>label</type>
		<id>14</id>
		<posX>788</posX>
		<posY>670</posY>
		<textcolor>6aa5cb</textcolor>
		<label>PcrPid</label>
        <font>AvalonLight11</font>
		<animation effect="fade" time="250">WindowOpen</animation>
		<animation effect="fade" time="250">WindowClose</animation>
	</control>
	
	<control>
		<description>PcrPid value</description>
		<type>label</type>
		<id>5</id>
		<posX>992</posX>
		<posY>670</posY>
		<label>#TV.TuningDetails.PcrPid</label>
        <font>AvalonLight11</font>
		<animation effect="fade" time="250">WindowOpen</animation>
		<animation effect="fade" time="250">WindowClose</animation>
	</control>

	<control>
		<description>PmtPid</description>
		<type>label</type>
		<id>15</id>
		<posX>1440</posX>
		<posY>670</posY>
		<textcolor>6aa5cb</textcolor>
		<label>PmtPid</label>
        <font>AvalonLight11</font>
		<animation effect="fade" time="250">WindowOpen</animation>
		<animation effect="fade" time="250">WindowClose</animation>
	</control>
	
	<control>
		<description>PmtPid value</description>
		<type>label</type>
		<id>5</id>
		<posX>1640</posX>
		<posY>670</posY>
		<label>#TV.TuningDetails.PmtPid</label>
        <font>AvalonLight11</font>
		<animation effect="fade" time="250">WindowOpen</animation>
		<animation effect="fade" time="250">WindowClose</animation>
	</control>

	<control>
		<description>AudioPid</description>
		<type>label</type>
		<id>16</id>
		<posX>788</posX>
		<posY>704</posY>
		<textcolor>6aa5cb</textcolor>
		<label>AudioPid</label>
        <font>AvalonLight11</font>
		<animation effect="fade" time="250">WindowOpen</animation>
		<animation effect="fade" time="250">WindowClose</animation>
	</control>
	
	<control>
		<description>AudioPid value</description>
		<type>label</type>
		<id>5</id>
		<posX>992</posX>
		<posY>704</posY>
		<label>#TV.TuningDetails.AudioPid</label>
        <font>AvalonLight11</font>
		<animation effect="fade" time="250">WindowOpen</animation>
		<animation effect="fade" time="250">WindowClose</animation>
	</control>

	<control>
		<description>VideoPid</description>
		<type>label</type>
		<id>17</id>
		<posX>1440</posX>
		<posY>704</posY>
		<textcolor>6aa5cb</textcolor>
		<label>VideoPid</label>
        <font>AvalonLight11</font>
		<animation effect="fade" time="250">WindowOpen</animation>
		<animation effect="fade" time="250">WindowClose</animation>
	</control>
	
	<control>
		<description>VideoPid value</description>
		<type>label</type>
		<id>5</id>
		<posX>1640</posX>
		<posY>704</posY>
		<label>#TV.TuningDetails.VideoPid</label>
        <font>AvalonLight11</font>
		<animation effect="fade" time="250">WindowOpen</animation>
		<animation effect="fade" time="250">WindowClose</animation>
	</control>

	<control>
		<description>Polarisation</description>
		<type>label</type>
		<id>18</id>
		<posX>788</posX>
		<posY>738</posY>
		<textcolor>6aa5cb</textcolor>
		<label>Polarisation</label>
        <font>AvalonLight11</font>
		<animation effect="fade" time="250">WindowOpen</animation>
		<animation effect="fade" time="250">WindowClose</animation>
	</control>
	
	<control>
		<description>Polarisation value</description>
		<type>label</type>
		<id>5</id>
		<posX>992</posX>
		<posY>738</posY>
		<label>#TV.TuningDetails.Polarisation</label>
        <font>AvalonLight11</font>
		<animation effect="fade" time="250">WindowOpen</animation>
		<animation effect="fade" time="250">WindowClose</animation>
	</control>

	<control>
		<description>Service id</description>
		<type>label</type>
		<id>19</id>
		<posX>1440</posX>
		<posY>738</posY>
		<textcolor>6aa5cb</textcolor>
		<label>ServiceId</label>
        <font>AvalonLight11</font>
		<animation effect="fade" time="250">WindowOpen</animation>
		<animation effect="fade" time="250">WindowClose</animation>
	</control>
	
	<control>
		<description>Service id value</description>
		<type>label</type>
		<id>5</id>
		<posX>1640</posX>
		<posY>738</posY>
		<label>#TV.TuningDetails.ServiceId</label>
        <font>AvalonLight11</font>
		<animation effect="fade" time="250">WindowOpen</animation>
		<animation effect="fade" time="250">WindowClose</animation>
	</control>

	<control>
		<description>Symbol rate</description>
		<type>label</type>
		<id>20</id>
		<posX>788</posX>
		<posY>772</posY>
		<textcolor>6aa5cb</textcolor>
		<label>Symbol rate</label>
        <font>AvalonLight11</font>
		<animation effect="fade" time="250">WindowOpen</animation>
		<animation effect="fade" time="250">WindowClose</animation>
	</control>
	
	<control>
		<description>Symbol rate value</description>
		<type>label</type>
		<id>5</id>
		<posX>992</posX>
		<posY>772</posY>
		<label>#TV.TuningDetails.SymbolRate</label>
        <font>AvalonLight11</font>
		<animation effect="fade" time="250">WindowOpen</animation>
		<animation effect="fade" time="250">WindowClose</animation>
	</control>

	<control>
		<description>TransportId</description>
		<type>label</type>
		<id>21</id>
		<posX>1440</posX>
		<posY>772</posY>
		<textcolor>6aa5cb</textcolor>
		<label>TransportId</label>
        <font>AvalonLight11</font>
		<animation effect="fade" time="250">WindowOpen</animation>
		<animation effect="fade" time="250">WindowClose</animation>
	</control>
	
	<control>
		<description>TransportId value</description>
		<type>label</type>
		<id>5</id>
		<posX>1640</posX>
		<posY>772</posY>
		<label>#TV.TuningDetails.TransportId</label>
        <font>AvalonLight11</font>
		<animation effect="fade" time="250">WindowOpen</animation>
		<animation effect="fade" time="250">WindowClose</animation>
	</control>

</controls>
</window>
