<?xml version="1.0" encoding="utf-8" standalone="yes"?>
<window>
<id>1</id>
<defaultcontrol>8</defaultcontrol>
<allowoverlay>no</allowoverlay>
<controls>
	
	<control>
		<description>BG</description>
		<type>image</type>
		<id>1</id>
		<width>1920</width>
		<height>1080</height>
		<texture>background.png</texture>
	</control>

<control>
	<description>VIEWPORT</description>
	<type>image</type>
	<id>0</id>
	<posX>0</posX>
	<posY>92</posY>
	<width>1893</width>
	<height>716</height>
	<texture>tv_viewport.png</texture>
    <animation effect="fade" time="250">WindowOpen</animation>
    <animation effect="fade" time="250">WindowClose</animation>
	<animation effect="slide" time="250" start="-1890,0">WindowOpen</animation>
	<animation effect="slide" time="250" end="-1890,0">WindowClose</animation>
</control>
	
	
	<control>
		<animation effect="fade" time="250">WindowOpen</animation>
		<animation effect="fade" time="250">WindowClose</animation>
		<type>label</type>
		<id>1</id>
		<posX>185</posX>
		<posY>38</posY>
		<width>500</width>
		<label>100001</label>
		<textcolor>6aa5cb</textcolor>
		<font>font22</font>
	</control>

	<import>common.time.xml</import>
	
	<control>
		<type>group</type>
		<description>group element</description>
		<animation effect="fade" start="0" end="100" time="300" delay="350">WindowOpen</animation>
		<animation effect="fade" start="100" end="0" time="0" delay="0">WindowClose</animation>
	
		<control>
			<description>TV On/Off button</description>
			<type>togglebutton</type>
			<id>8</id>
			<posX>160</posX>
			<posY>204</posY>
			<label>707</label>
			<AltTextureFocus>tvhome_item_selected_toggleoff.png</AltTextureFocus>
			<AltTextureNoFocus>tvhome_item_toggleoff.png</AltTextureNoFocus>
			<textureFocus>tvhome_item_selected_toggleon.png</textureFocus>
			<textureNoFocus>tvhome_item_toggleon.png</textureNoFocus>
			<onup>33</onup>
			<ondown>2</ondown>
			<onright>99</onright>
			<onleft>3</onleft>
			<width>375</width>
			<textXOff>36</textXOff>
			<height>100</height>
			<textYOff>35</textYOff>
			<font>AvalonLight12</font>
			<textalign>left</textalign>
		</control>
		
		<control>
			<description>TVGuide</description>
			<type>button</type>
			<id>2</id>
			<posX>160</posX>
			<posY>303</posY>
			<label>600</label>
			<hyperlink>600</hyperlink>
			<onup>8</onup>
			<ondown>7</ondown>
			<onright>99</onright>
			<onleft>11</onleft>
			<textalign>left</textalign>
			<width>375</width>
			<textXOff>36</textXOff>
			<height>100</height>
			<textYOff>35</textYOff>
			<font>AvalonLight12</font>
			<textcolorNoFocus>ffffffff</textcolorNoFocus>
			<textureFocus>tvhome_item_selected.png</textureFocus>
			<textureNoFocus>tvhome_item.png</textureNoFocus>
		</control>

<!--

	<control>
			<description>Group button</description>
			<type>button</type>
			<id>6</id>
			<label>971</label>
			<onup>3</onup>
			<ondown>7</ondown>
			<onright>99</onright>
		</control>

-->
		<control>
			<description>Channel button</description>
			<type>button</type>
			<id>7</id>
			<posX>160</posX>
			<posY>402</posY>
			<label>602</label>
			<onup>2</onup>
			<ondown>9</ondown>
			<onright>99</onright>
			<onleft>14</onleft>
			<textalign>left</textalign>
			<width>375</width>
			<textXOff>36</textXOff>
			<height>100</height>
			<textYOff>35</textYOff>
			<font>AvalonLight12</font>
			<textcolorNoFocus>ffffffff</textcolorNoFocus>
			<textureFocus>tvhome_item_selected.png</textureFocus>
			<textureNoFocus>tvhome_item.png</textureNoFocus>
		</control>

		<control>
			<description>Active Streams</description>
			<type>button</type>
			<id>9</id>
			<posX>160</posX>
			<posY>501</posY>
			<label>692</label>
			<onup>7</onup>
			<ondown>13</ondown>
			<onright>99</onright>
			<onleft>10</onleft>
			<textalign>left</textalign>
			<width>375</width>
			<textXOff>36</textXOff>
			<height>100</height>
			<textYOff>35</textYOff>
			<font>AvalonLight12</font>
			<textcolorNoFocus>ffffffff</textcolorNoFocus>
			<textureFocus>tvhome_item_selected.png</textureFocus>
			<textureNoFocus>tvhome_item.png</textureNoFocus>
		</control>

		<control>
			<description>Teletext</description>
			<type>button</type>
			<id>13</id>
			<posX>160</posX>
			<posY>600</posY>
			<label>1441</label>
			<onup>9</onup>
			<ondown>8</ondown>
			<onright>99</onright>
			<onleft>12</onleft>
			<textalign>left</textalign>
			<width>375</width>
			<textXOff>36</textXOff>
			<height>100</height>
			<textYOff>35</textYOff>
			<font>AvalonLight12</font>
			<textcolorNoFocus>ffffffff</textcolorNoFocus>
			<textureFocus>tvhome_item_selected.png</textureFocus>
			<textureNoFocus>tvhome_item.png</textureNoFocus>
		</control>
		
		<control>
			<description>empty Teletext</description>
			<type>button</type>
			<id>33</id>
			<posX>160</posX>
			<posY>600</posY>
			<label>1441</label>
			<textalign>left</textalign>
			<width>375</width>
			<textXOff>36</textXOff>
			<height>100</height>
			<textYOff>35</textYOff>
			<font>AvalonLight12</font>
            <onup>13</onup>
            <ondown>8</ondown>
            <onleft>12</onleft>
			<textcolorNoFocus>ff6aa5cb</textcolorNoFocus>
			<textureFocus>tvhome_item_selected.png</textureFocus>
			<textureNoFocus>tvhome_item.png</textureNoFocus>
			<visible>!Control.IsVisible(13)</visible>
		</control>
		
		<control>
			<description>Record Now</description>
			<type>button</type>
			<id>3</id>
			<posX>1395</posX>
			<posY>204</posY>
			<label>601</label>
			<onup>12</onup>
			<ondown>11</ondown>
			<onright>8</onright>
			<onleft>99</onleft>
			<textalign>left</textalign>
			<width>375</width>
			<textXOff>36</textXOff>
			<height>100</height>
			<textYOff>35</textYOff>
			<font>AvalonLight12</font>
			<textcolorNoFocus>ffffffff</textcolorNoFocus>
			<textureFocus>tvhome_item_selected.png</textureFocus>
			<textureNoFocus>tvhome_item.png</textureNoFocus>
		</control>

		<control>
			<description>Recordings</description>
			<type>button</type>
			<id>11</id>
			<posX>1395</posX>
			<posY>303</posY>
			<label>604</label>
			<hyperlink>603</hyperlink>
			<onup>3</onup>
			<ondown>14</ondown>
			<onright>2</onright>
			<onleft>99</onleft>
			<textalign>left</textalign>
			<width>375</width>
			<textXOff>36</textXOff>
			<height>100</height>
			<textYOff>35</textYOff>
			<font>AvalonLight12</font>
			<textcolorNoFocus>ffffffff</textcolorNoFocus>
			<textureFocus>tvhome_item_selected.png</textureFocus>
			<textureNoFocus>tvhome_item.png</textureNoFocus>
		</control>

		<control>
			<description>Active Recordings</description>
			<type>button</type>
			<id>14</id>
			<posX>1395</posX>
			<posY>402</posY>
			<label>200052</label>
			<onup>11</onup>
			<ondown>10</ondown>
			<onright>7</onright>
			<onleft>99</onleft>
			<textalign>left</textalign>
			<width>375</width>
			<textXOff>36</textXOff>
			<height>100</height>
			<textYOff>35</textYOff>
			<font>AvalonLight12</font>
			<textcolorNoFocus>ffffffff</textcolorNoFocus>
			<textureFocus>tvhome_item_selected.png</textureFocus>
			<textureNoFocus>tvhome_item.png</textureNoFocus>
		</control>
	
		<control>
			<description>Scheduler</description>
			<type>button</type>
			<id>10</id>
			<posX>1395</posX>
			<posY>501</posY>
			<label>603</label>
			<hyperlink>601</hyperlink>
			<onup>14</onup>
			<ondown>12</ondown>
			<onright>9</onright>
			<onleft>99</onleft>
			<textalign>left</textalign>
			<width>375</width>
			<textXOff>36</textXOff>
			<height>100</height>
			<textYOff>35</textYOff>
			<font>AvalonLight12</font>
			<textcolorNoFocus>ffffffff</textcolorNoFocus>
			<textureFocus>tvhome_item_selected.png</textureFocus>
			<textureNoFocus>tvhome_item.png</textureNoFocus>
		</control>
		
		<control>
			<description>Search</description>
			<type>button</type>
			<id>12</id>
			<posX>1395</posX>
			<posY>600</posY>
			<label>137</label>
			<hyperlink>604</hyperlink>
			<onup>10</onup>
			<ondown>3</ondown>
			<onright>13</onright>
			<onleft>99</onleft>
			<textalign>left</textalign>
			<width>375</width>
			<textXOff>36</textXOff>
			<height>100</height>
			<textYOff>35</textYOff>
			<font>AvalonLight12</font>
			<textcolorNoFocus>ffffffff</textcolorNoFocus>
			<textureFocus>tvhome_item_selected.png</textureFocus>
			<textureNoFocus>tvhome_item.png</textureNoFocus>
		</control>
<!--
	<control>
			<description>TuningDetails</description>
			<type>button</type>
			<id>14</id>
			<label>200041</label>
			<onup>13</onup>
			<ondown>2</ondown>
			<onright>99</onright>
		</control>

	-->
	</control>

	<control>
		<description>video window</description>
		<type>videowindow</type>
		<id>99</id>
		<posX>529</posX>
		<posY>204</posY>
		<width>866</width>
		<height>494</height>
		<onleft>8</onleft>
		<onright>3</onright>
		<action>18</action>
		<textureFocus>tv_green_border.png</textureFocus>
		<animation effect="fade" start="0" end="100" time="300" delay="350">WindowOpen</animation>
		<animation effect="fade" start="100" end="0" time="0" delay="0">WindowClose</animation>
	</control>

	<control>
		<description>Playing Channel</description>
		<type>image</type>
		<id>1</id>
		<posX>-2000</posX>
		<posY>418</posY>
		<width>50</width>
		<height>50</height>
		<texture>#TV.View.thumb</texture>
		<animation effect="fade" time="250">WindowOpen</animation>
		<animation effect="fade" time="250">WindowClose</animation>
	</control>
	
	<control>
		<description>TVHOME BG</description>
		<type>image</type>
		<id>0</id>
		<posX>132</posX>
		<posY>192</posY>
		<width>1670</width>
		<height>552</height>
		<texture>tvhome_bg.png</texture>
		<animation effect="fade" start="0" end="100" time="300" delay="350">WindowOpen</animation>
		<animation effect="fade" start="100" end="0" time="0" delay="0">WindowClose</animation>
	</control>

	<control>
		<description>Play info label</description>
		<type>fadelabel</type>
		<id>1</id>
		<posX>681</posX>
		<posY>868</posY>
		<width>850</width>
		<label>#TV.View.start - #TV.View.stop #TV.View.channel #TV.Guide.Genre</label>
		<font>AvalonLight12</font>
		<textcolor>ff6aa5cb</textcolor>
		<animation effect="fade" start="0" end="100" time="300" delay="350">WindowOpen</animation>
		<animation effect="fade" start="100" end="0" time="0" delay="0">WindowClose</animation>
	</control>

	<control>
		<description>Current program title</description>
		<type>fadelabel</type>
		<id>1</id>
		<posX>681</posX>
		<posY>816</posY>
		<width>1175</width>
		<label>#TV.View.title</label>
		<font>fontB16</font>
		<textcolor>ffffff</textcolor>
		<animation effect="fade" start="0" end="100" time="300" delay="350">WindowOpen</animation>
		<animation effect="fade" start="100" end="0" time="0" delay="0">WindowClose</animation>
	</control>

	<control>
		<description>Description1</description>
		<type>textboxscrollup</type>
		<id>15</id>
		<posX>681</posX>
		<posY>908</posY>
		<width>1185</width>
		<height>165</height>
		<font>AvalonLight12</font>
		<seperator>----------------------------------------------------------------------------------------------</seperator>
		<label>#TV.View.description</label>
		<lineSpacing>0.85</lineSpacing>
		<animation effect="fade" start="0" end="100" time="300" delay="350">WindowOpen</animation>
		<animation effect="fade" start="100" end="0" time="0" delay="0">WindowClose</animation>
	</control>

	<control>
		<description>Progress background</description>
		<type>image</type>
		<id>1</id>
		<posX>2576</posX>
		<posY>480</posY>
		<width>622</width>
		<height>15</height>
		<texture>osd_progress_background_tvhome.png</texture>
		<animation effect="fade" start="0" end="100" time="300" delay="350">WindowOpen</animation>
		<animation effect="fade" start="100" end="0" time="0" delay="0">WindowClose</animation>
	</control>

	<control>
		<description>progress bar</description>
		<type>progress</type>
		<id>20</id>
		<posX>2565</posX>
		<posY>480</posY>
		<width>640</width>
		<height>15</height>
		<label>#TV.View.Percentage</label>
		<visible>yes</visible>
		<animation effect="fade" start="0" end="100" time="300" delay="350">WindowOpen</animation>
		<animation effect="fade" start="100" end="0" time="0" delay="0">WindowClose</animation>
	</control>
<!--
	<control>
		<description>program title 1</description>
		<type>fadelabel</type>
		<id>0</id>
		<posX>20</posX>
		<posY>100</posY>
		<width>622</width>
		<label>#TV.Recording1.Title</label>
		<font>font13</font>
		<align>left</align>
		<textcolor>FFB2D4F5</textcolor>
		<animation effect="fade" time="250">WindowOpen</animation>
		<animation effect="fade" time="250">WindowClose</animation>
	</control>

	<control>
		<description>program title 1</description>
		<type>fadelabel</type>
		<id>0</id>
		<posX>20</posX>
		<posY>200</posY>
		<width>622</width>
		<label>#TV.Recording2.Title</label>
		<font>font13</font>
		<align>left</align>
		<textcolor>FFB2D4F5</textcolor>
		<animation effect="fade" time="250">WindowOpen</animation>
		<animation effect="fade" time="250">WindowClose</animation>
	</control>
-->
	<control>
		<description>record pin</description>
		<type>image</type>
		<id>24</id>
		<posX>462</posX>
		<posY>526</posY>
		<texture>tvguide_record_button.png</texture>
		<visible>no</visible>
		<animation effect="fade" start="0" end="100" time="300" delay="350">WindowOpen</animation>
		<animation effect="fade" start="100" end="0" time="0" delay="0">WindowClose</animation>
	</control>

</controls>
</window>
