<?xml version="1.0" encoding="utf-8" standalone="yes"?>
<window>
	<id>25652</id>
	<defaultcontrol>155</defaultcontrol>
	<allowoverlay>no</allowoverlay>
	<define>#usePlayFanart:Yes</define>
	<controls>

		<control>
			<description>Default Background</description>
			<type>image</type>
			<id>0</id>
			<texture>hover_my radio.png</texture>
			<width>1920</width>
			<height>1080</height>
		</control>
        
		<import>common.music.play.fanart.xml</import>

        <control>
            <id>0</id>
            <type>image</type>
			<posX>178</posX>
			<posY>676</posY>
			<width>1560</width>
			<height>402</height>
			<texture>music_nowplaying_bg.png</texture>
			<animation effect="fade" start="0" end="100" time="300" delay="350">WindowOpen</animation>
			<animation effect="fade" start="100" end="0" time="0" delay="0">WindowClose</animation>
        </control>

	<control>
		<description>clock bg</description>
		<type>image</type>
		<id>0</id>
		<posX>1480</posX>
		<posY>748</posY>
		<width>187</width>
		<height>80</height>
		<texture>osd_clock_bg.png</texture>
		<animation effect="fade" start="0" end="100" time="300" delay="350">WindowOpen</animation>
		<animation effect="fade" start="100" end="0" time="0" delay="0">WindowClose</animation>
	</control>
		
	<control>
		<type>label</type>
		<id>1</id>
		<description>Clock</description>
		<posX>1497</posX>
		<posY>792</posY>
		<width>144</width>
		<font>AvalonLight14</font>
		<align>center</align>
		<label>#time</label>
		<textcolor>ff85cffe</textcolor>
		<animation effect="fade" start="0" end="100" time="300" delay="350">WindowOpen</animation>
		<animation effect="fade" start="100" end="0" time="0" delay="0">WindowClose</animation>
	</control>

        <control>
            <id>0</id>
            <type>image</type>
            <visible>!control.hasthumb(112)</visible>
            <posX>250</posX>
            <posY>746</posY>
            <width>250</width>
            <height>250</height>
            <texture mask="music_listview_mask.png">DefaultMyradioBig.png</texture>
            <animation effect="Fade" time="1600">WindowOpen</animation>
            <animation effect="Fade" time="300">WindowClose</animation>
            <animation effect="Fade" time="1000" delay="200">VisibleChange</animation>
        </control>
	
        <control>
            <id>112</id>
            <description>album art image</description>
            <type>image</type>
            <posX>250</posX>
            <posY>816</posY>
            <width>250</width>
            <height>250</height>
            <texture mask="music_listview_mask.png">#Play.Current.Thumb</texture>
			<keepaspectratio>yes</keepaspectratio>			
			<animation effect="fade" start="0" end="100" time="300" delay="350">WindowOpen</animation>
			<animation effect="fade" start="100" end="0" time="0" delay="0">WindowClose</animation>
			<animation effect="Fade" time="500">VisibleChange</animation>
        </control>

		<control>
			<description>Station Label</description>
            <type>fadelabel</type>
			<id>0</id>
            <posX>545</posX>
            <posY>809</posY>
			<width>924</width>
            <font>fontB14</font>
            <textcolor>ff6aa5cb</textcolor>
			<label>#RadioTime.Play.Station</label>
			<animation effect="fade" start="0" end="100" time="300" delay="350">WindowOpen</animation>
			<animation effect="fade" start="100" end="0" time="0" delay="0">WindowClose</animation>
		</control>

		<control>
			<type>fadelabel</type>
			<description>Title label</description>
			<id>0</id>
            <posX>545</posX>
            <posY>751</posY>
			<width>924</width>
            <font>fontB16</font>
			<label>#RadioTime.Play.Description</label>
			<animation effect="fade" start="0" end="100" time="300" delay="350">WindowOpen</animation>
			<animation effect="fade" start="100" end="0" time="0" delay="0">WindowClose</animation>
		</control>

        <control>
            <id>117</id>
            <description>Progress background</description>
            <type>image</type>
            <visible>player.hasmedia</visible>
			<posX>648</posX>
			<posY>961</posY>
			<width>914</width>
			<height>18</height>
			<texture>osd_progress_bg_music.png</texture>
			<animation effect="fade" start="0" end="100" time="300" delay="350">WindowOpen</animation>
			<animation effect="fade" start="100" end="0" time="0" delay="0">WindowClose</animation>
        </control>
		
        <control>
            <id>0</id>
            <description>track duration label</description>
            <type>label</type>
            <visible>player.hasmedia</visible>
			<posX>548</posX>
			<posY>953</posY>
			<label>#currentplaytime</label>
			<align>left</align>
			<font>font11</font>
			<animation effect="fade" start="0" end="100" time="300" delay="350">WindowOpen</animation>
			<animation effect="fade" start="100" end="0" time="0" delay="0">WindowClose</animation>
        </control>
		
        <control>
            <id>0</id>
            <description>track duration label</description>
            <type>fadelabel</type>
            <visible>player.hasmedia</visible>
			<posX>1660</posX>
			<posY>953</posY>
			<label>#currentremaining</label>
			<align>right</align>
			<font>font11</font>
			<animation effect="fade" start="0" end="100" time="300" delay="350">WindowOpen</animation>
			<animation effect="fade" start="100" end="0" time="0" delay="0">WindowClose</animation>
        </control>

        <control>
            <id>118</id>
            <description>progress bar</description>
            <type>progress</type>
            <posX>-2000</posX>
        </control>
		
        <control>
            <id>0</id>
            <description>progress bar</description>
            <type>progress</type>
            <visible>player.hasmedia</visible>
			<posX>638</posX>
			<posY>963</posY>
			<width>935</width>
			<height>15</height>
			<label>#percentage</label>
			<texturebg>-</texturebg>
			<lefttexture>osd_progress_left.png</lefttexture>
			<midtexture>osd_progress_mid.png</midtexture>
			<righttexture>osd_progress_right.png</righttexture>
            <label>#percentage</label>
			<animation effect="fade" start="0" end="100" time="300" delay="350">WindowOpen</animation>
			<animation effect="fade" start="100" end="0" time="0" delay="0">WindowClose</animation>
        </control>
		
		<!--UNUSED-->
		<control>
			<id>166</id>
			<description>list genres</description>
			<type>listcontrol</type>
			<onright>155</onright>
			<ondown>155</ondown>
			<posX>2000</posX>
			<posY>545</posY>
			<width>391</width>
			<height>168</height>
			<textXOff>7</textXOff>
			<IconXOff>1</IconXOff>
			<spinColor>-</spinColor>
			<image>-</image>
			<textureUp>-</textureUp>
			<textureDown>-</textureDown>
			<textureUpFocus>-</textureUpFocus>
			<textureDownFocus>-</textureDownFocus>
			<textureFocus>list_sub_focus_arrow_small.png</textureFocus>
			<textureNoFocus>-</textureNoFocus>
		</control>
		<control>
			<id>155</id>
			<description>list similar</description>
			<type>listcontrol</type>
			<onleft>166</onleft>
			<onup>166</onup>
			<posX>2000</posX>
			<posY>545</posY>
			<width>533</width>
			<height>168</height>
			<textXOff>7</textXOff>
			<IconXOff>1</IconXOff>
			<spinColor>-</spinColor>
			<image>-</image>
			<textureUp>-</textureUp>
			<textureNoFocus>-</textureNoFocus>
			<textureDown>-</textureDown>
			<textureUpFocus>-</textureUpFocus>
			<textureDownFocus>-</textureDownFocus>
			<textureFocus>list_sub_focus_arrow.png</textureFocus>
			<textcolor>White</textcolor>
		</control>
		<control>
			<id>29</id>
			<description>Genres</description>
			<type>fadelabel</type>
			<posX>2000</posX>
			<posY>10</posY>
			<width>100</width>
			<label>-</label>
		</control>
		<control>
			<id>28</id>
			<description>similar stations</description>
			<type>fadelabel</type>
			<posX>2000</posX>
			<posY>10</posY>
			<width>100</width>
			<label>-</label>
		</control>

	</controls>
</window>
