<?xml version="1.0" encoding="utf-8" standalone="yes"?>
<window>
	<id>705</id>
	<defaultcontrol>10</defaultcontrol>
	<allowoverlay>yes</allowoverlay>
	<define>#defaultcontrol.onleft:10001</define>
<controls>
	<import>settings.menu.xml</import>
	
	<control>
		<type>label</type>
		<id>1</id>
		<posX>766</posX>
		<posY>158</posY>
		<width>500</width>
		<label>128</label>
		<textcolor>6aa5cb</textcolor>
		<font>fontB22</font>
	</control>
	
	<control>
		<description>buttons</description>
		<type>group</type>
		<posX>736</posX>
		<posY>254</posY>
		<layout>StackLayout</layout>
		
		<control>
			<description>Skin</description>
			<type>button</type>
			<id>10</id>
			<label>166</label>
			<onup>17</onup>
			<textureFocus>settings_button_medium_focus.png</textureFocus>
			<textureNoFocus>settings_button_medium_nofocus.png</textureNoFocus>
			<textcolor>ffffffff</textcolor>
			<textcolorNoFocus>ffffffff</textcolorNoFocus>
			<width>471</width>
			<height>52</height>
			<textXOff>28</textXOff>
			<textYOff>8</textYOff>
			<onleft>#defaultcontrol.onleft</onleft>
		</control>
		
		<control>
			<description>Language</description>
			<type>button</type>
			<id>11</id>
			<label>248</label>
			<width>471</width>
			<height>52</height>
			<textXOff>28</textXOff>
			<textYOff>8</textYOff>
			<textureFocus>settings_button_medium_focus.png</textureFocus>
			<textureNoFocus>settings_button_medium_nofocus.png</textureNoFocus>
			<textcolor>ffffffff</textcolor>
			<textcolorNoFocus>ffffffff</textcolorNoFocus>
			<onleft>#defaultcontrol.onleft</onleft>
		</control>
		
		<control>
			<description>Start in fullscreen mode</description>
			<type>togglebutton</type>
			<id>12</id>
			<label>1047</label>
			<width>471</width>
			<height>52</height>
			<textXOff>28</textXOff>
			<textYOff>8</textYOff>
			<textureFocus>togglebutton_medium_on_focus.png</textureFocus>
			<textureNoFocus>togglebutton_medium_on_nofocus.png</textureNoFocus>
			<AltTextureFocus>togglebutton_medium_off_focus.png</AltTextureFocus>
			<AltTextureNoFocus>togglebutton_medium_off_nofocus.png</AltTextureNoFocus>
			<textcolor>ffffffff</textcolor>
			<textcolorNoFocus>ffffffff</textcolorNoFocus>
			<onleft>#defaultcontrol.onleft</onleft>
		</control>
		
		<control>
			<description>Screensaver</description>
			<type>togglebutton</type>
			<id>13</id>
			<label>360</label>
			<width>471</width>
			<height>52</height>
			<textXOff>28</textXOff>
			<textYOff>8</textYOff>
			<textureFocus>togglebutton_medium_on_focus.png</textureFocus>
			<textureNoFocus>togglebutton_medium_on_nofocus.png</textureNoFocus>
			<AltTextureFocus>togglebutton_medium_off_focus.png</AltTextureFocus>
			<AltTextureNoFocus>togglebutton_medium_off_nofocus.png</AltTextureNoFocus>
			<textcolor>ffffffff</textcolor>
			<textcolorNoFocus>ffffffff</textcolorNoFocus>
			<onleft>#defaultcontrol.onleft</onleft>
		</control>
		
		<control>
			<description>Skip steps screen button</description>
			<type>button</type>
			<id>21</id>
			<label>6024</label>
			<width>471</width>
			<height>52</height>
			<textXOff>28</textXOff>
			<textYOff>8</textYOff>
			<textureFocus>settings_button_medium_focus.png</textureFocus>
			<hyperlink>708</hyperlink>
			<ondown>99</ondown>
			<textcolor>ffffffff</textcolor>
			<textcolorNoFocus>ffffffff</textcolorNoFocus>
			<onleft>#defaultcontrol.onleft</onleft>
		</control>
		
	</control>
	
	<control>
		<description>Skin Preview</description>
		<type>image</type>
		<id>20</id>
		<posX>-2000</posX>
	</control>
	
	<control>
		<description>Skin preview image</description>
		<type>image</type>
		<id>0</id>
		<posX>1278</posX>
		<posY>264</posY>
		<width>311</width>
		<height>175</height>
		<texture flipY="true" diffuse="Thumb_Mask.png">settings_preview.png</texture>
	</control>
<import>common.time.xml</import>
<import>avalon.version.xml</import>
</controls>
</window>
