﻿<?xml version="1.0" encoding="utf-8" standalone="yes"?>
<window>
  <id>11</id>
  <defaultcontrol>2</defaultcontrol>
  <allowoverlay>no</allowoverlay>
  <controls>
  
    <control>
      <description>videowindow</description>
      <type>videowindow</type>
      <id>20</id>
      <posX>0</posX>
      <posY>0</posY>
      <width>1920</width>
      <height>1080</height>
    </control>
	
    <control>
      <description>OSD Y Offset logo</description>
      <type>image</type>
      <id>12</id>
      <posX>498</posX>
      <posY>878</posY>
      <texture>calibrate_subtitles.png</texture>
      <colorkey>FFFF00FF</colorkey>
      <colordiffuse>FFFFFFFF</colordiffuse>
    </control>
	
    <control>
      <description>rectangle image</description>
      <type>image</type>
      <id>1</id>
      <posX>441</posX>
      <posY>246</posY>
      <texture>calibration_bar.png</texture>
    </control>
	
    <control>
      <description>coordinates label</description>
      <type>label</type>
      <id>2</id>
      <posX>477</posX>
      <posY>265</posY>
      <label>-</label>
      <font>font12</font>
    </control>
	
    <control>
      <description>help information</description>
      <type>label</type>
      <id>3</id>
      <posX>477</posX>
      <posY>300</posY>
      <label>-</label>
      <font>font12</font>
    </control>
	
    <control>
      <description>top left logo</description>
      <type>image</type>
      <id>8</id>
      <texture>calibrate_topleft.png</texture>
    </control>
	
    <control>
      <description>right bottom logo</description>
      <type>image</type>
      <id>9</id>
      <texture>calibrate_bottomright.png</texture>
    </control>
	
    <control>
      <description>subtitle position logo</description>
      <type>image</type>
      <id>10</id>
      <texture>calibrate_subtitles.png</texture>
    </control>
	
    <control>
      <description>pixel aspect ratio box</description>
      <type>image</type>
      <id>11</id>
      <texture>calibrate_pixelratio.png</texture>
    </control>
	
  </controls>
</window>