<?xml version="1.0" encoding="utf-8" standalone="yes"?>
<window>
<id>31</id>
<defaultcontrol>2</defaultcontrol>
<allowoverlay>yes</allowoverlay>
<define>#defaultcontrol.onleft:10002</define>
<controls>
	<import>settings.menu.xml</import>
	
	<control>
		<type>label</type>
		<id>1</id>
		<posX>766</posX>
		<posY>158</posY>
		<width>1000</width>
		<label>673</label>
		<textcolor>6aa5cb</textcolor>
		<font>fontB22</font>
	</control>
	
	<!--            :: Horizontal Speed ::            -->
		
	<control>
		<type>image</type>
		<id>1</id>
		<posX>736</posX>
		<posY>254</posY>
		<width>836</width>
		<height>52</height>
		<texture>settings_button_large_focus.png</texture>
		<visible>Control.HasFocus(2)</visible>
	</control>
	
	<control>
		<type>image</type>
		<id>1</id>
		<posX>736</posX>
		<posY>254</posY>
		<width>836</width>
		<height>52</height>
		<texture>settings_button_large_nofocus.png</texture>
		<visible>!Control.HasFocus(2)</visible>
	</control>
	
	<control>
		<description>Horizontal Speed label</description>
		<type>label</type>
		<id>1</id>
		<posX>766</posX>
		<posY>368</posY>
		<label>1442</label>
	</control>

	<control>
		<description>Horizontal Speed select</description>
		<type>spincontrol</type>
		<id>2</id>
		<posX>1590</posX>
		<posY>367</posY>
		<align>right</align>
		<onup>17</onup>
		<ondown>4</ondown>
		<onleft>#defaultcontrol.onleft</onleft>
		<onright>2</onright>
		<reverse>yes</reverse>
		<textXOff>54</textXOff>
		<textYOff>5</textYOff>
	</control>
		
	<!--            :: Vertical Speed ::            -->
		
	<control>
		<type>image</type>
		<id>1</id>
		<posX>736</posX>
		<posY>412</posY>
		<width>836</width>
		<height>52</height>
		<texture>settings_button_large_focus.png</texture>
		<visible>Control.HasFocus(4)</visible>
	</control>
	
	<control>
		<type>image</type>
		<id>1</id>
		<posX>736</posX>
		<posY>412</posY>
		<width>836</width>
		<height>52</height>
		<texture>settings_button_large_nofocus.png</texture>
		<visible>!Control.HasFocus(4)</visible>
	</control>
		
	<control>
		<description>Vertical Speed label</description>
		<type>label</type>
		<id>1</id>
		<posX>766</posX>
		<posY>420</posY>
		<label>1443</label>
	</control>

	<control>
		<description>Vertical Speed select</description>
		<type>spincontrol</type>
		<id>4</id>
		<posX>1590</posX>
		<posY>419</posY>
		<align>right</align>
		<onup>2</onup>
		<ondown>3</ondown>
		<onleft>#defaultcontrol.onleft</onleft>
		<onright>4</onright>
		<textXOff>54</textXOff>
		<textYOff>5</textYOff>
		<reverse>yes</reverse>
	</control>
		
	<!--            :: FPS ::            -->
		
	<control>
		<type>image</type>
		<id>1</id>
		<posX>736</posX>
		<posY>464</posY>
		<width>836</width>
		<height>52</height>
		<texture>settings_button_large_focus.png</texture>
		<visible>Control.HasFocus(3)</visible>
	</control>
	
	<control>
		<type>image</type>
		<id>1</id>
		<posX>736</posX>
		<posY>464</posY>
		<width>836</width>
		<height>52</height>
		<texture>settings_button_large_nofocus.png</texture>
		<visible>!Control.HasFocus(3)</visible>
	</control>

	<control>
		<description>FPS label</description>
		<type>label</type>
		<id>1</id>
		<posX>766</posX>
		<posY>472</posY>
		<label>973</label>
	</control>

	<control>
		<description>FPS select</description>
		<type>spincontrol</type>
		<id>3</id>
		<posX>1590</posX>
		<posY>471</posY>
		<align>right</align>
		<onup>4</onup>
		<ondown>99</ondown>
		<onleft>#defaultcontrol.onleft</onleft>
		<onright>3</onright>
		<textXOff>54</textXOff>
		<textYOff>5</textYOff>
		<reverse>yes</reverse>
	</control>

	<control>
		<description>currentFPS count</description>
		<type>label</type>
		<id>1</id>
		<posX>1070</posX>
		<posY>565</posY>
		<align>right</align>
		<label>#fps</label>
	</control>

	<control>
		<description>Example label</description>
		<type>label</type>
		<id>1</id>
		<posX>736</posX>
		<posY>565</posY>
		<width>711</width>
		<label>675</label>
		<textcolor>ffffffff</textcolor>
	</control>

	<control>
		<description>TagLine value</description>
		<type>fadelabel</type>
		<id>25</id>
		<posX>736</posX>
		<posY>565</posY>
		<width>560</width>
		<label>-</label>
		<textcolor>ffffffff</textcolor>
	</control>

	<control>
		<description>Description1</description>
		<type>textboxscrollup</type>
		<id>26</id>
		<posX>736</posX>
		<posY>618</posY>
		<width>805</width>
		<height>200</height>
		<label>-</label>
		<textcolor>ffffffff</textcolor>
	</control>
<import>common.time.xml</import>
<import>avalon.version.xml</import>
</controls>
</window>
