<?xml version="1.0" encoding="utf-8" standalone="yes"?>
<window>
<id>12</id>
<defaultcontrol>5</defaultcontrol>
<allowoverlay>yes</allowoverlay>
<define>#defaultcontrol.onleft:10005</define>
<controls>
<import>common.window.xml</import>
	<import>settings.menu.xml</import>
	
	<control>
		<animation effect="fade" start="0" end="100" time="300" delay="350">WindowOpen</animation>
		<animation effect="fade" start="100" end="0" time="0" delay="0">WindowClose</animation>
		<type>label</type>
		<id>1</id>
		<posX>766</posX>
		<posY>158</posY>
		<width>500</width>
		<label>1</label>
		<textcolor>6aa5cb</textcolor>
		<font>fontB22</font>
	</control>
	
	<!--            :: Speed ::            -->
		
	<control>
		<animation effect="fade" start="0" end="100" time="300" delay="350">WindowOpen</animation>
		<animation effect="fade" start="100" end="0" time="0" delay="0">WindowClose</animation>
		<type>image</type>
		<id>1</id>
		<posX>736</posX>
		<posY>254</posY>
		<width>836</width>
		<height>52</height>
		<texture>settings_button_large_focus.png</texture>
		<visible>Control.HasFocus(2)</visible>
	</control>
	
	<control>
		<animation effect="fade" start="0" end="100" time="300" delay="350">WindowOpen</animation>
		<animation effect="fade" start="100" end="0" time="0" delay="0">WindowClose</animation>
		<type>image</type>
		<id>1</id>
		<posX>736</posX>
		<posY>254</posY>
		<width>836</width>
		<height>52</height>
		<texture>settings_button_large_nofocus.png</texture>
		<visible>!Control.HasFocus(2)</visible>
	</control>
	
	<control>
		<animation effect="fade" start="0" end="100" time="300" delay="350">WindowOpen</animation>
		<animation effect="fade" start="100" end="0" time="0" delay="0">WindowClose</animation>
		<description>Speed label</description>
		<type>label</type>
		<id>100</id>
		<posX>766</posX>
		<posY>262</posY>
		<label>224</label>
	</control>

	<control>
		<animation effect="fade" start="0" end="100" time="300" delay="350">WindowOpen</animation>
		<animation effect="fade" start="100" end="0" time="0" delay="0">WindowClose</animation>
		<description>Speed select</description>
		<type>spincontrol</type>
		<id>2</id>
		<posX>1590</posX>
		<posY>261</posY>
		<align>right</align>
		<onup>17</onup>
		<ondown>3</ondown>
		<onleft>#defaultcontrol.onleft</onleft>
		<onright>10005</onright>
		<textXOff>54</textXOff>
		<textYOff>5</textYOff>
		<reverse>yes</reverse>
	</control>
		
	<!--            :: Transition Time ::            -->
		
	<control>
		<animation effect="fade" start="0" end="100" time="300" delay="350">WindowOpen</animation>
		<animation effect="fade" start="100" end="0" time="0" delay="0">WindowClose</animation>
		<type>image</type>
		<id>1</id>
		<posX>736</posX>
		<posY>306</posY>
		<width>836</width>
		<height>52</height>
		<texture>settings_button_large_focus.png</texture>
		<visible>Control.HasFocus(3)</visible>
	</control>
	
	<control>
		<animation effect="fade" start="0" end="100" time="300" delay="350">WindowOpen</animation>
		<animation effect="fade" start="100" end="0" time="0" delay="0">WindowClose</animation>
		<type>image</type>
		<id>1</id>
		<posX>736</posX>
		<posY>306</posY>
		<width>836</width>
		<height>52</height>
		<texture>settings_button_large_nofocus.png</texture>
		<visible>!Control.HasFocus(3)</visible>
	</control>
		
	<control>		
		<animation effect="fade" start="0" end="100" time="300" delay="350">WindowOpen</animation>
		<animation effect="fade" start="100" end="0" time="0" delay="0">WindowClose</animation>
		<description>Transition time label</description>
		<type>label</type>
		<id>101</id>
		<posX>766</posX>
		<posY>314</posY>
		<label>225</label>
	</control>

	<control>
		<animation effect="fade" start="0" end="100" time="300" delay="350">WindowOpen</animation>
		<animation effect="fade" start="100" end="0" time="0" delay="0">WindowClose</animation>
		<description>Transition time select</description>
		<type>spincontrol</type>
		<id>3</id>
		<posX>1590</posX>
		<posY>313</posY>
		<align>right</align>
		<onup>2</onup>
		<ondown>4</ondown>
		<onleft>#defaultcontrol.onleft</onleft>
		<onright>10005</onright>
		<textXOff>54</textXOff>
		<textYOff>5</textYOff>
		<reverse>yes</reverse>
	</control>
		
	<!--            :: Ken Burns Speed ::            -->
		
	<control>
		<animation effect="fade" start="0" end="100" time="300" delay="350">WindowOpen</animation>
		<animation effect="fade" start="100" end="0" time="0" delay="0">WindowClose</animation>
		<type>image</type>
		<id>1</id>
		<posX>736</posX>
		<posY>358</posY>
		<width>836</width>
		<height>52</height>
		<texture>settings_button_large_focus.png</texture>
		<visible>Control.HasFocus(4)</visible>
	</control>
	
	<control>
		<animation effect="fade" start="0" end="100" time="300" delay="350">WindowOpen</animation>
		<animation effect="fade" start="100" end="0" time="0" delay="0">WindowClose</animation>
		<type>image</type>
		<id>1</id>
		<posX>736</posX>
		<posY>358</posY>
		<width>836</width>
		<height>52</height>
		<texture>settings_button_large_nofocus.png</texture>
		<visible>!Control.HasFocus(4)</visible>
	</control>
		
	<control>
		<animation effect="fade" start="0" end="100" time="300" delay="350">WindowOpen</animation>
		<animation effect="fade" start="100" end="0" time="0" delay="0">WindowClose</animation>
		<description>ken burns speed label</description>
		<type>label</type>
		<id>102</id>
		<posX>766</posX>
		<posY>366</posY>
		<label>13011</label>
	</control>

	<control>
		<animation effect="fade" start="0" end="100" time="300" delay="350">WindowOpen</animation>
		<animation effect="fade" start="100" end="0" time="0" delay="0">WindowClose</animation>
		<description>ken burns speed select</description>
		<type>spincontrol</type>
		<id>4</id>
		<posX>1590</posX>
		<posY>365</posY>
		<align>right</align>
		<onup>3</onup>
		<ondown>5</ondown>
		<onleft>#defaultcontrol.onleft</onleft>
		<onright>10005</onright>
		<textXOff>54</textXOff>
		<textYOff>5</textYOff>
		<reverse>yes</reverse>
	</control>

	<!--            :: X-Fade Transitions ::            -->
		
	<control>
		<animation effect="fade" start="0" end="100" time="300" delay="350">WindowOpen</animation>
		<animation effect="fade" start="100" end="0" time="0" delay="0">WindowClose</animation>
		<type>image</type>
		<id>1</id>
		<posX>736</posX>
		<posY>472</posY>
		<width>836</width>
		<height>52</height>
		<texture>settings_button_large_focus.png</texture>
		<visible>Control.HasFocus(5)</visible>
	</control>
	
	<control>
		<animation effect="fade" start="0" end="100" time="300" delay="350">WindowOpen</animation>
		<animation effect="fade" start="100" end="0" time="0" delay="0">WindowClose</animation>
		<type>image</type>
		<id>1</id>
		<posX>736</posX>
		<posY>472</posY>
		<width>836</width>
		<height>52</height>
		<texture>settings_button_large_nofocus.png</texture>
		<visible>!Control.HasFocus(5)</visible>
	</control>
		
	<control>
		<animation effect="fade" start="0" end="100" time="300" delay="350">WindowOpen</animation>
		<animation effect="fade" start="100" end="0" time="0" delay="0">WindowClose</animation>
		<description>X-fade transitions</description>
		<type>checkmark</type>
		<id>5</id>
		<posX>1480</posX>
		<posY>485</posY>
		<label>-</label>
		<onleft>10005</onleft>
		<onright>10005</onright>
		<onup>4</onup>
		<ondown>6</ondown>
		<align>right</align>
	</control>
		
	<control>
		<animation effect="fade" start="0" end="100" time="300" delay="350">WindowOpen</animation>
		<animation effect="fade" start="100" end="0" time="0" delay="0">WindowClose</animation>
		<description>X-fade transitions label</description>
		<type>label</type>
		<id>0</id>
		<posX>766</posX>
		<posY>480</posY>
		<textcolor>ffffffff</textcolor>
		<label>13010</label>
	</control>
		
	<!--            :: Ken Burns Transitions ::            -->
		
	<control>
		<animation effect="fade" start="0" end="100" time="300" delay="350">WindowOpen</animation>
		<animation effect="fade" start="100" end="0" time="0" delay="0">WindowClose</animation>
		<type>image</type>
		<id>1</id>
		<posX>736</posX>
		<posY>524</posY>
		<width>836</width>
		<height>52</height>
		<texture>settings_button_large_focus.png</texture>
		<visible>Control.HasFocus(6)</visible>
	</control>
	
	<control>
		<animation effect="fade" start="0" end="100" time="300" delay="350">WindowOpen</animation>
		<animation effect="fade" start="100" end="0" time="0" delay="0">WindowClose</animation>
		<type>image</type>
		<id>1</id>
		<posX>736</posX>
		<posY>524</posY>
		<width>836</width>
		<height>52</height>
		<texture>settings_button_large_nofocus.png</texture>
		<visible>!Control.HasFocus(6)</visible>
	</control>

	<control>
		<animation effect="fade" start="0" end="100" time="300" delay="350">WindowOpen</animation>
		<animation effect="fade" start="100" end="0" time="0" delay="0">WindowClose</animation>
		<description>Ken Burns transitions</description>
		<type>checkmark</type>
		<id>6</id>
		<posX>1480</posX>
		<posY>537</posY>
		<label>-</label>
		<onleft>10005</onleft>
		<onright>10005</onright>
		<onup>5</onup>
		<ondown>7</ondown>
		<align>right</align>
	</control>
		
	<control>
		<animation effect="fade" start="0" end="100" time="300" delay="350">WindowOpen</animation>
		<animation effect="fade" start="100" end="0" time="0" delay="0">WindowClose</animation>
		<description>Ken Burns label</description>
		<type>label</type>
		<id>0</id>
		<posX>766</posX>
		<posY>532</posY>
		<textcolor>ffffffff</textcolor>
		<label>13008</label>
	</control>
	
	<!--            :: Random Transitions ::            -->

	<control>
		<animation effect="fade" start="0" end="100" time="300" delay="350">WindowOpen</animation>
		<animation effect="fade" start="100" end="0" time="0" delay="0">WindowClose</animation>
		<type>image</type>
		<id>1</id>
		<posX>736</posX>
		<posY>576</posY>
		<width>836</width>
		<height>52</height>
		<texture>settings_button_large_focus.png</texture>
		<visible>Control.HasFocus(7)</visible>
	</control>
	
	<control>
		<animation effect="fade" start="0" end="100" time="300" delay="350">WindowOpen</animation>
		<animation effect="fade" start="100" end="0" time="0" delay="0">WindowClose</animation>
		<type>image</type>
		<id>1</id>
		<posX>736</posX>
		<posY>576</posY>
		<width>836</width>
		<height>52</height>
		<texture>settings_button_large_nofocus.png</texture>
		<visible>!Control.HasFocus(7)</visible>
	</control>
	
	<control>
		<animation effect="fade" start="0" end="100" time="300" delay="350">WindowOpen</animation>
		<animation effect="fade" start="100" end="0" time="0" delay="0">WindowClose</animation>
		<description>Random transitions</description>
		<type>checkmark</type>
		<id>7</id>
		<posX>1480</posX>
		<posY>589</posY>
		<label>-</label>
		<onleft>10005</onleft>
		<onright>10005</onright>
		<onup>6</onup>
		<ondown>8</ondown>
		<align>right</align>
	</control>

	
	<control>
		<animation effect="fade" start="0" end="100" time="300" delay="350">WindowOpen</animation>
		<animation effect="fade" start="100" end="0" time="0" delay="0">WindowClose</animation>
		<description>Random transitions label</description>
		<type>label</type>
		<id>0</id>
		<posX>766</posX>
		<posY>584</posY>
		<textcolor>ffffffff</textcolor>
		<label>13009</label>
	</control>
		
	<!--            :: Repeat/loop Slideshows ::            -->
		
	<control>
		<animation effect="fade" start="0" end="100" time="300" delay="350">WindowOpen</animation>
		<animation effect="fade" start="100" end="0" time="0" delay="0">WindowClose</animation>
		<type>image</type>
		<id>1</id>
		<posX>736</posX>
		<posY>628</posY>
		<width>836</width>
		<height>52</height>
		<texture>settings_button_large_focus.png</texture>
		<visible>Control.HasFocus(8)</visible>
	</control>
	
	<control>
		<animation effect="fade" start="0" end="100" time="300" delay="350">WindowOpen</animation>
		<animation effect="fade" start="100" end="0" time="0" delay="0">WindowClose</animation>
		<type>image</type>
		<id>1</id>
		<posX>736</posX>
		<posY>628</posY>
		<width>836</width>
		<height>52</height>
		<texture>settings_button_large_nofocus.png</texture>
		<visible>!Control.HasFocus(8)</visible>
	</control>

	<control>
		<animation effect="fade" start="0" end="100" time="300" delay="350">WindowOpen</animation>
		<animation effect="fade" start="100" end="0" time="0" delay="0">WindowClose</animation>
		<description>Repeat/loop slideshows</description>
		<type>checkmark</type>
		<id>8</id>
		<posX>1480</posX>
		<posY>642</posY>
		<label>-</label>
		<onleft>10005</onleft>
		<onright>10005</onright>
		<onup>7</onup>
		<ondown>9</ondown>
		<align>right</align>
	</control>
		
	<control>
		<animation effect="fade" start="0" end="100" time="300" delay="350">WindowOpen</animation>
		<animation effect="fade" start="100" end="0" time="0" delay="0">WindowClose</animation>
		<description>Repeat/loop slideshows label</description>
		<type>label</type>
		<id>0</id>
		<posX>766</posX>
		<posY>637</posY>
		<textcolor>ffffffff</textcolor>
		<label>6020</label>
	</control>
	
	<!--            :: Auto Shuffle Slideshow ::            -->
		
	<control>
		<animation effect="fade" start="0" end="100" time="300" delay="350">WindowOpen</animation>
		<animation effect="fade" start="100" end="0" time="0" delay="0">WindowClose</animation>
		<type>image</type>
		<id>1</id>
		<posX>736</posX>
		<posY>680</posY>
		<width>836</width>
		<height>52</height>
		<texture>settings_button_large_focus.png</texture>
		<visible>Control.HasFocus(9)</visible>
	</control>
	
	<control>
		<animation effect="fade" start="0" end="100" time="300" delay="350">WindowOpen</animation>
		<animation effect="fade" start="100" end="0" time="0" delay="0">WindowClose</animation>
		<type>image</type>
		<id>1</id>
		<posX>736</posX>
		<posY>680</posY>
		<width>836</width>
		<height>52</height>
		<texture>settings_button_large_nofocus.png</texture>
		<visible>!Control.HasFocus(9)</visible>
	</control>

	<control>
		<animation effect="fade" start="0" end="100" time="300" delay="350">WindowOpen</animation>
		<animation effect="fade" start="100" end="0" time="0" delay="0">WindowClose</animation>
		<description>Auto shuffle slideshow</description>
		<type>checkmark</type>
		<id>9</id>
		<posX>1480</posX>
		<posY>694</posY>
		<label>-</label>
		<onleft>10005</onleft>
		<onright>10005</onright>
		<onup>8</onup>
		<ondown>99</ondown>
		<align>right</align>
	</control>
		
	<control>
		<animation effect="fade" start="0" end="100" time="300" delay="350">WindowOpen</animation>
		<animation effect="fade" start="100" end="0" time="0" delay="0">WindowClose</animation>
		<description>Auto shuffle slideshow label</description>
		<type>label</type>
		<id>0</id>
		<posX>766</posX>
		<posY>689</posY>
		<textcolor>ffffffff</textcolor>
		<label>6021</label>
	</control>
<import>common.time.xml</import>
<import>avalon.version.xml</import>
</controls>
</window>
