<?xml version="1.0" encoding="utf-8" standalone="yes"?>
<window>
<id>704</id>
<defaultcontrol>21</defaultcontrol>
<allowoverlay>yes</allowoverlay>
<controls>
	<import>settings.menu.xml</import>
	
	<control>
		<animation effect="fade" start="0" end="100" time="300" delay="350">WindowOpen</animation>
		<animation effect="fade" start="100" end="0" time="0" delay="0">WindowClose</animation>
		<type>label</type>
		<id>1</id>
		<posX>766</posX>
		<posY>158</posY>
		<width>500</width>
		<label>446</label>
		<textcolor>6aa5cb</textcolor>
		<font>fontB22</font>
	</control>
	
	<control>
		<description>buttons</description>
		<type>group</type>
		<animation effect="fade" start="0" end="100" time="300" delay="350">WindowOpen</animation>
		<animation effect="fade" start="100" end="0" time="0" delay="0">WindowClose</animation>
		<posX>736</posX>
		<posY>254</posY>
		<layout>GridLayout(1, 0, 1, 0, 1)</layout>
		<control>
			<description>DVD Navigators</description>
			<type>button</type>
			<id>21</id>
			<label>1198</label>
			<onup>17</onup>
			<width>956</width>
			<height>52</height>
			<textXOff>30</textXOff>
			<textYOff>8</textYOff>
			<textureFocus>settings_button_large_focus.png</textureFocus>
			<textureNoFocus>settings_button_large_nofocus.png</textureNoFocus>
			<textcolor>ffffffff</textcolor>
			<textcolorNoFocus>ffffffff</textcolorNoFocus>
		</control>

		<control>
			<description>Video Codecs</description>
			<type>button</type>
			<id>24</id>
			<label>6000</label>
			<width>956</width>
			<height>52</height>
			<textXOff>30</textXOff>
			<textYOff>8</textYOff>
			<textureFocus>settings_button_large_focus.png</textureFocus>
			<textureNoFocus>settings_button_large_nofocus.png</textureNoFocus>
			<textcolor>ffffffff</textcolor>
			<textcolorNoFocus>ffffffff</textcolorNoFocus>
		</control>

		<control>
			<description>Audio Codecs</description>
			<type>button</type>
			<id>25</id>
			<label>6001</label>
			<width>956</width>
			<height>52</height>
			<textXOff>30</textXOff>
			<textYOff>8</textYOff>
			<textureFocus>settings_button_large_focus.png</textureFocus>
			<textureNoFocus>settings_button_large_nofocus.png</textureNoFocus>
			<textcolor>ffffffff</textcolor>
			<textcolorNoFocus>ffffffff</textcolorNoFocus>
		</control>

		<control>
			<description>Audio Renderer</description>
			<type>button</type>
			<id>27</id>
			<label>6002</label>
			<width>956</width>
			<height>52</height>
			<textXOff>30</textXOff>
			<textYOff>8</textYOff>
			<textureFocus>settings_button_large_focus.png</textureFocus>
			<textureNoFocus>settings_button_large_nofocus.png</textureNoFocus>
			<textcolor>ffffffff</textcolor>
			<textcolorNoFocus>ffffffff</textcolorNoFocus>
		</control>

		<control>
			<description>Apect Ratio</description>
			<type>button</type>
			<id>28</id>
			<label>6004</label>
			<width>956</width>
			<height>52</height>
			<textXOff>30</textXOff>
			<textYOff>8</textYOff>
			<textureFocus>settings_button_large_focus.png</textureFocus>
			<textureNoFocus>settings_button_large_nofocus.png</textureNoFocus>
			<textcolor>ffffffff</textcolor>
			<textcolorNoFocus>ffffffff</textcolorNoFocus>
		</control>

		<control>
			<description>Enable Subtitles</description>
			<type>togglebutton</type>
			<id>22</id>
			<label>1196</label>
			<width>956</width>
			<height>52</height>
			<textXOff>30</textXOff>
			<textYOff>8</textYOff>
			<textureFocus>settings_button_large_focus_toggleon.png</textureFocus>
			<textureNoFocus>settings_button_large_nofocus_toggleon.png</textureNoFocus>
			<AltTextureFocus>settings_button_large_focus_toggleoff.png</AltTextureFocus>
			<AltTextureNoFocus>settings_button_large_nofocus_toggleoff.png</AltTextureNoFocus>
		</control>

		<control>
			<description>Subtitle Language</description>
			<type>button</type>
			<id>29</id>
			<label>1029</label>
			<width>956</width>
			<height>52</height>
			<textXOff>30</textXOff>
			<textYOff>8</textYOff>
			<textureFocus>settings_button_large_focus.png</textureFocus>
			<textureNoFocus>settings_button_large_nofocus.png</textureNoFocus>
			<textcolor>ffffffff</textcolor>
			<textcolorNoFocus>ffffffff</textcolorNoFocus>
		</control>

		<control>
			<description>Audio Language</description>
			<type>button</type>
			<id>30</id>
			<label>492</label>
			<width>956</width>
			<height>52</height>
			<textXOff>30</textXOff>
			<textYOff>8</textYOff>
			<textureFocus>settings_button_large_focus.png</textureFocus>
			<textureNoFocus>settings_button_large_nofocus.png</textureNoFocus>
			<textcolor>ffffffff</textcolor>
			<textcolorNoFocus>ffffffff</textcolorNoFocus>
		</control>

		<control>
			<description>Turn Off DXVA</description>
			<type>togglebutton</type>
			<id>23</id>
			<label>1197</label>
			<width>956</width>
			<height>52</height>
			<textXOff>30</textXOff>
			<textYOff>8</textYOff>
			<textureFocus>settings_button_large_focus_toggleon.png</textureFocus>
			<textureNoFocus>settings_button_large_nofocus_toggleon.png</textureNoFocus>
			<AltTextureFocus>settings_button_large_focus_toggleoff.png</AltTextureFocus>
			<AltTextureNoFocus>settings_button_large_nofocus_toggleoff.png</AltTextureNoFocus>
			<ondown>99</ondown>
		</control>

	</control>
<import>common.time.xml</import>
<import>avalon.version.xml</import>
</controls>
</window>
