<?xml version="1.0" encoding="utf-8" standalone="yes"?>
<window>
<controls>
	<control>
		<description>BG</description>
		<type>image</type>
		<id>1</id>
		<width>1920</width>
		<height>1080</height>
	</control>
	<control>
		<description>viewport list</description>
		<type>image</type>
		<id>0</id>
		<posX>0</posX>
		<posY>92</posY>
		<width>1893</width>
		<height>795</height>
		<texture>viewport_settings.png</texture>
	</control>
	
	<control>
		<description>RSS background</description>
		<type>image</type>
		<id>0</id>
		<posX>0</posX>
		<posY>829</posY>
		<width>1865</width>
		<height>96</height>
		<texture>basichome_rss_bg.png</texture>
	</control>
	
	<control>
		<type>label</type>
		<description>Settings label</description>
		<id>121</id>
		<posX>185</posX>
		<posY>38</posY>
		<width>500</width>
		<label>897</label>
		<textcolor>6aa5cb</textcolor>
		<font>font22</font>
	</control>

	<control>
		<description>buttons</description>
		<type>group</type>
		<animation effect="fade" start="0" end="100" time="300" delay="350">WindowOpen</animation>
		<animation effect="fade" start="100" end="0" time="0" delay="0">WindowClose</animation>
		<posX>130</posX>
		<posY>156</posY>
		<layout>StackLayout</layout>
		
		<control>
			<description>General</description>
			<type>button</type>
			<id>10001</id>
			<width>385</width>
			<height>64</height>
			<textureFocus>settings_button_focus.png</textureFocus>
			<textureNoFocus>settings_button_nofocus.png</textureNoFocus>
			<label>128</label>
			<hyperlink>705</hyperlink>
            <onup>10008</onup>
		</control>

		<control>
			<description>Skin Settings</description>
			<type>button</type>
			<id>10011</id>
			<width>385</width>
			<height>64</height>
			<textureFocus>settings_button_focus.png</textureFocus>
			<textureNoFocus>settings_button_nofocus.png</textureNoFocus>
			<label>#Avalon.SkinSettings</label>
			<hyperlink>155100</hyperlink>
		</control>
		
		<control>
			<description>Screen</description>
			<type>button</type>
			<id>10002</id>
			<width>385</width>
			<height>64</height>
			<textureFocus>settings_button_focus.png</textureFocus>
			<textureNoFocus>settings_button_nofocus.png</textureNoFocus>
			<label>6023</label>
			<hyperlink>9</hyperlink>
		</control>

		<control>
			<description>TV</description>
			<type>button</type>
			<id>10004</id>
			<width>385</width>
			<height>64</height>
			<textureFocus>settings_button_focus.png</textureFocus>
			<textureNoFocus>settings_button_nofocus.png</textureNoFocus>
			<label>605</label>
			<hyperlink>700</hyperlink>
		</control>

		<control>
			<description>My Pictures</description>
			<type>button</type>
			<id>10005</id>
			<width>385</width>
			<height>64</height>
			<textureFocus>settings_button_focus.png</textureFocus>
			<textureNoFocus>settings_button_nofocus.png</textureNoFocus>
			<label>1</label>
			<hyperlink>12</hyperlink>
		</control>

		<control>
			<description>Movies</description>
			<type>button</type>
			<id>10006</id>
			<width>385</width>
			<height>64</height>
			<textureFocus>settings_button_focus.png</textureFocus>
			<textureNoFocus>settings_button_nofocus.png</textureNoFocus>
			<label>3</label>
			<hyperlink>703</hyperlink>
		</control>

		<control>
			<description>My DVD</description>
			<type>button</type>
			<id>10007</id>
			<width>385</width>
			<height>64</height>
			<textureFocus>settings_button_focus.png</textureFocus>
			<textureNoFocus>settings_button_nofocus.png</textureNoFocus>
			<label>1027</label>
			<hyperlink>704</hyperlink>
		</control>

		<control>
			<description>My Music</description>
			<type>button</type>
			<id>10008</id>
			<width>385</width>
			<height>64</height>
			<textureFocus>settings_button_focus.png</textureFocus>
			<textureNoFocus>settings_button_nofocus.png</textureNoFocus>
			<label>2</label>
			<hyperlink>14</hyperlink>
			<ondown>10001</ondown>
		</control>
<!--
		<control>
			<description>MiniDisplay</description>
			<type>button</type>
			<id>10009</id>
			<width>385</width>
			<height>64</height>
	<textureFocus>settings_button_focus.png</textureFocus>
	<textureNoFocus>settings_button_nofocus.png</textureNoFocus>
			<label>9100</label>
			<hyperlink>9000</hyperlink>
			<ondown>10010</ondown>
		</control>
	
				<control>
			<description>I.F.C</description>
			<type>button</type>
			<id>10010</id>
			<width>385</width>
			<height>64</height>
	<textureFocus>settings_button_focus.png</textureFocus>
	<textureNoFocus>settings_button_nofocus.png</textureNoFocus>
			<label>I.F.C.</label>
			<hyperlink>240782</hyperlink>
			<ondown>10011</ondown>
		</control>
-->	
		
</control>
</controls>
</window>