<?xml version="1.0" encoding="utf-8" standalone="yes"?>
<window>
<id>700</id>
<defaultcontrol>24</defaultcontrol>
<allowoverlay>yes</allowoverlay>
<controls>
	<import>settings.menu.xml</import>
	
	<control>
		<type>label</type>
		<id>1</id>
		<posX>766</posX>
		<posY>158</posY>
		<width>500</width>
		<label>605</label>
		<textcolor>6aa5cb</textcolor>
		<font>fontB22</font>
	</control>

	<control>
		<description>buttons</description>
		<type>group</type>
		<posX>736</posX>
		<posY>254</posY>
		<layout>GridLayout(2, 0, 1, 0, 1)</layout>
		
		<control>
			<description>MPEG-2 Video Codecs</description>
			<type>button</type>
			<id>24</id>
			<label>6000</label>
			<textureFocus>settings_button_medium_focus.png</textureFocus>
			<textureNoFocus>settings_button_medium_nofocus.png</textureNoFocus>
			<textcolor>ffffffff</textcolor>
			<textcolorNoFocus>ffffffff</textcolorNoFocus>
			<width>471</width>
			<height>52</height>
			<textXOff>28</textXOff>
			<textYOff>8</textYOff>
			<onup>37</onup>
		</control>

		<control>
			<description>H.264 Video Codecs</description>
			<type>button</type>
			<id>35</id>
			<label>6036</label>
			<textureFocus>settings_button_medium_focus.png</textureFocus>
			<textureNoFocus>settings_button_medium_nofocus.png</textureNoFocus>
			<textcolor>ffffffff</textcolor>
			<textcolorNoFocus>ffffffff</textcolorNoFocus>
			<width>471</width>
			<height>52</height>
			<textXOff>28</textXOff>
			<textYOff>8</textYOff>
		</control>

		<control>
			<description>Audio Codecs</description>
			<type>button</type>
			<id>25</id>
			<label>6001</label>
			<textureFocus>settings_button_medium_focus.png</textureFocus>
			<textureNoFocus>settings_button_medium_nofocus.png</textureNoFocus>
			<textcolor>ffffffff</textcolor>
			<textcolorNoFocus>ffffffff</textcolorNoFocus>
			<width>471</width>
			<height>52</height>
			<textXOff>28</textXOff>
			<textYOff>8</textYOff>
		</control>

		<control>
			<description>LATM AAC Audio Codecs</description>
			<type>button</type>
			<id>36</id>
			<label>6039</label>
			<textureFocus>settings_button_medium_focus.png</textureFocus>
			<textureNoFocus>settings_button_medium_nofocus.png</textureNoFocus>
			<textcolor>ffffffff</textcolor>
			<textcolorNoFocus>ffffffff</textcolorNoFocus>
			<width>471</width>
			<height>52</height>
			<textXOff>28</textXOff>
			<textYOff>8</textYOff>
		</control>

		<control>
			<description>Audio Renderer</description>
			<type>button</type>
			<id>33</id>
			<label>6002</label>
			<textureFocus>settings_button_medium_focus.png</textureFocus>
			<textureNoFocus>settings_button_medium_nofocus.png</textureNoFocus>
			<textcolor>ffffffff</textcolor>
			<textcolorNoFocus>ffffffff</textcolorNoFocus>
			<width>471</width>
			<height>52</height>
			<textXOff>28</textXOff>
			<textYOff>8</textYOff>
		</control>

		<control>
			<description>De-interlacing</description>
			<type>button</type>
			<id>27</id>
			<label>6003</label>
			<textureFocus>settings_button_medium_focus.png</textureFocus>
			<textureNoFocus>settings_button_medium_nofocus.png</textureNoFocus>
			<textcolor>ffffffff</textcolor>
			<textcolorNoFocus>ffffffff</textcolorNoFocus>
			<width>471</width>
			<height>52</height>
			<textXOff>28</textXOff>
			<textYOff>8</textYOff>
		</control>

		<control>
			<description>Aspect Ratio</description>
			<type>button</type>
			<id>28</id>
			<label>6004</label>
			<textureFocus>settings_button_medium_focus.png</textureFocus>
			<textureNoFocus>settings_button_medium_nofocus.png</textureNoFocus>
			<textcolor>ffffffff</textcolor>
			<textcolorNoFocus>ffffffff</textcolorNoFocus>
			<width>471</width>
			<height>52</height>
			<textXOff>28</textXOff>
			<textYOff>8</textYOff>
			<ondown>31</ondown>
		</control>

		<control>
			<description>Recording options</description>
			<type>button</type>
			<id>31</id>
			<label>6007</label>
			<textureFocus>settings_button_medium_focus.png</textureFocus>
			<textureNoFocus>settings_button_medium_nofocus.png</textureNoFocus>
			<textcolor>ffffffff</textcolor>
			<textcolorNoFocus>ffffffff</textcolorNoFocus>
			<width>471</width>
			<height>52</height>
			<textXOff>28</textXOff>
			<textYOff>8</textYOff>
			<hyperlink>701</hyperlink>
			<onup>28</onup>
		</control>

		<control>
			<description>Automatically turn TV on</description>
			<type>button</type>
			<id>30</id>
			<textureFocus>settings_button_medium_focus.png</textureFocus>
			<textureNoFocus>settings_button_medium_nofocus.png</textureNoFocus>
			<textcolor>ffffffff</textcolor>
			<textcolorNoFocus>ffffffff</textcolorNoFocus>
			<width>471</width>
			<height>52</height>
			<textXOff>28</textXOff>
			<textYOff>8</textYOff>
			<label>6006</label>
		</control>

		<control>
			<description>Timeshift usage mode</description>
			<type>button</type>
			<id>26</id>
			<label>777</label>
			<textureFocus>settings_button_medium_focus.png</textureFocus>
			<textureNoFocus>settings_button_medium_nofocus.png</textureNoFocus>
			<textcolor>ffffffff</textcolor>
			<textcolorNoFocus>ffffffff</textcolorNoFocus>
			<width>471</width>
			<height>52</height>
			<textXOff>28</textXOff>
			<textYOff>8</textYOff>
		</control>

		<control>
			<description>Timeshift Buffer</description>
			<type>button</type>
			<width>334</width>
			<id>29</id>
			<label>6005</label>
			<textureFocus>settings_button_medium_focus.png</textureFocus>
			<textureNoFocus>settings_button_medium_nofocus.png</textureNoFocus>
			<textcolor>ffffffff</textcolor>
			<textcolorNoFocus>ffffffff</textcolorNoFocus>
			<width>471</width>
			<height>52</height>
			<textXOff>28</textXOff>
			<textYOff>8</textYOff>
		</control>

		<control>
			<description>Channelsorting</description>
			<type>button</type>
			<id>32</id>
			<label>6008</label>
			<hyperlink>702</hyperlink>
			<textureFocus>settings_button_medium_focus.png</textureFocus>
			<textureNoFocus>settings_button_medium_nofocus.png</textureNoFocus>
			<textcolor>ffffffff</textcolor>
			<textcolorNoFocus>ffffffff</textcolorNoFocus>
			<width>471</width>
			<height>52</height>
			<textXOff>28</textXOff>
			<textYOff>8</textYOff>
		</control>

		<control>
			<description>DVB Guide</description>
			<type>button</type>
			<id>34</id>
			<label>6009</label>
			<ondown>37</ondown>
			<textureFocus>settings_button_medium_focus.png</textureFocus>
			<textureNoFocus>settings_button_medium_nofocus.png</textureNoFocus>
			<textcolor>ffffffff</textcolor>
			<textcolorNoFocus>ffffffff</textcolorNoFocus>
			<width>471</width>
			<height>52</height>
			<textXOff>28</textXOff>
			<textYOff>8</textYOff>
			<hyperlink>706</hyperlink>
		</control>

	<!-- last control needs ondown to itself, else it jumps to last button in first column -->
		<control>
			<description>XMLTV EPG Grabber</description>
			<type>button</type>
			<id>37</id>
			<label>6010</label>
			<textureFocus>settings_button_medium_focus.png</textureFocus>
			<textureNoFocus>settings_button_medium_nofocus.png</textureNoFocus>
			<textcolor>ffffffff</textcolor>
			<textcolorNoFocus>ffffffff</textcolorNoFocus>
			<width>471</width>
			<height>52</height>
			<textXOff>28</textXOff>
			<textYOff>8</textYOff>
			<hyperlink>707</hyperlink>
			<ondown>24</ondown>
		</control>

	</control>
<import>common.time.xml</import>
<import>avalon.version.xml</import>
</controls>
</window>
