<?xml version="1.0" encoding="utf-8" standalone="yes"?>
<window>
<id>9</id>
<defaultcontrol>2</defaultcontrol>
<allowoverlay>yes</allowoverlay>
<define>#defaultcontrol.onleft:10002</define>
<controls>
	<import>settings.menu.xml</import>
	
	<control>
		<animation effect="fade" start="0" end="100" time="300" delay="350">WindowOpen</animation>
		<animation effect="fade" start="100" end="0" time="0" delay="0">WindowClose</animation>
		<type>label</type>
		<id>1</id>
		<posX>766</posX>
		<posY>158</posY>
		<width>1000</width>
		<label>6023</label>
		<textcolor>6aa5cb</textcolor>
		<font>fontB22</font>
	</control>
	
	<control>
		<description>buttons</description>
		<type>group</type>
		<animation effect="fade" start="0" end="100" time="300" delay="350">WindowOpen</animation>
		<animation effect="fade" start="100" end="0" time="0" delay="0">WindowClose</animation>
		<posX>736</posX>
		<posY>254</posY>
		<layout>StackLayout</layout>
		<control>
			<description>UI Calibration button</description>
			<type>button</type>
			<id>2</id>
			<width>956</width>
			<height>52</height>
			<textXOff>30</textXOff>
			<textYOff>8</textYOff>
			<textureFocus>settings_button_large_focus.png</textureFocus>
			<textureNoFocus>settings_button_large_nofocus.png</textureNoFocus>
			<textcolor>ffffffff</textcolor>
			<textcolorNoFocus>ffffffff</textcolorNoFocus>
			<label>213</label>
			<hyperlink>10</hyperlink>
			<onup>4</onup>
			<onleft>#defaultcontrol.onleft</onleft>
		</control>

		<control>
			<description>Screen Calibration button</description>
			<type>button</type>
			<id>3</id>
			<width>956</width>
			<height>52</height>
			<textXOff>30</textXOff>
			<textYOff>8</textYOff>
			<textureFocus>settings_button_large_focus.png</textureFocus>
			<textureNoFocus>settings_button_large_nofocus.png</textureNoFocus>
			<textcolor>ffffffff</textcolor>
			<textcolorNoFocus>ffffffff</textcolorNoFocus>
			<label>214</label>
			<hyperlink>11</hyperlink>
			<onleft>#defaultcontrol.onleft</onleft>
		</control>

		<control>
			<description>Scroll speed button</description>
			<type>button</type>
			<id>4</id>
			<width>956</width>
			<height>52</height>
			<textXOff>30</textXOff>
			<textYOff>8</textYOff>
			<textureFocus>settings_button_large_focus.png</textureFocus>
			<textureNoFocus>settings_button_large_nofocus.png</textureNoFocus>
			<textcolor>ffffffff</textcolor>
			<textcolorNoFocus>ffffffff</textcolorNoFocus>
			<label>673</label>
			<hyperlink>31</hyperlink>
			<ondown>2</ondown>
			<onleft>#defaultcontrol.onleft</onleft>
		</control>

	</control>
<import>common.time.xml</import>
<import>avalon.version.xml</import>
</controls>
</window>
