<?xml version="1.0" encoding="utf-8" standalone="yes"?>
<window>
<id>14</id>
<defaultcontrol>2</defaultcontrol>
<allowoverlay>yes</allowoverlay>
<define>#defaultcontrol.onleft:10008</define>
<controls>
	<import>settings.menu.xml</import>
	
	<control>
		<type>label</type>
		<id>1</id>
		<posX>766</posX>
		<posY>158</posY>
		<width>500</width>
		<label>2</label>
		<textcolor>6aa5cb</textcolor>
		<font>fontB22</font>
	</control>
	
	<!--            :: Shuffle Playlist ::            -->
	
	<control>
		<type>image</type>
		<id>1</id>
		<posX>736</posX>
		<posY>254</posY>
		<width>956</width>
		<height>52</height>
		<texture>settings_button_large_focus.png</texture>
		<visible>Control.HasFocus(2)</visible>
	</control>
	
	<control>
		<type>image</type>
		<id>1</id>
		<posX>736</posX>
		<posY>254</posY>
		<width>956</width>
		<height>52</height>
		<texture>settings_button_large_nofocus.png</texture>
		<visible>!Control.HasFocus(2)</visible>
	</control>
		
	<control>
		<description>Shuffle Playlist on load</description>
		<type>checkmark</type>
		<id>2</id>
		<posX>1590</posX>
		<posY>266</posY>
		<align>right</align>
		<label>-</label>
		<onup>2</onup>
		<ondown>6</ondown>
		<onleft>#defaultcontrol.onleft</onleft>
		<onright>10008</onright>
	</control>
		
	<control>
		<description>Shuffle Playlist on load label</description>
		<type>label</type>
		<id>0</id>
		<posX>766</posX>
		<posY>260</posY>
		<label>228</label>
	</control>
		
	<!--            :: ID3 Tags ::            -->
		
	<control>
		<type>image</type>
		<id>1</id>
		<posX>736</posX>
		<posY>306</posY>
		<width>956</width>
		<height>52</height>
		<texture>settings_button_large_focus.png</texture>
		<visible>Control.HasFocus(6)</visible>
	</control>
	
	<control>
		<type>image</type>
		<id>1</id>
		<posX>736</posX>
		<posY>306</posY>
		<width>956</width>
		<height>52</height>
		<texture>settings_button_large_nofocus.png</texture>
		<visible>!Control.HasFocus(6)</visible>
	</control>

	<control>
		<description>Enable ID3  other tagformats</description>
		<type>checkmark</type>
		<id>6</id>
		<posX>1590</posX>
		<posY>318</posY>
		<align>right</align>
		<label>-</label>
		<onup>2</onup>
		<ondown>8</ondown>
		<onleft>#defaultcontrol.onleft</onleft>
		<onright>10008</onright>
	</control>
		
	<control>
		<description>Enable ID3  other tagformats label</description>
		<type>label</type>
		<id>0</id>
		<posX>766</posX>
		<posY>312</posY>
		<textcolor>ffffffff</textcolor>
		<label>258</label>
	</control>

	<!--            :: Buttons ::            -->
	

	<control>
		<description>Reorganize My Music Database button</description>
		<type>button</type>
		<id>8</id>
		<label>334</label>
		<posX>736</posX>
		<posY>420</posY>
		<width>956</width>
		<height>52</height>
		<textXOff>30</textXOff>
		<textYOff>8</textYOff>
		<textureFocus>settings_button_large_focus.png</textureFocus>
		<textureNoFocus>settings_button_large_nofocus.png</textureNoFocus>
		<onup>6</onup>
		<ondown>13</ondown>
		<onleft>10008</onleft>
		<onright>10008</onright>
	</control>

	<control>
		<description>delete album button</description>
		<type>button</type>
		<id>13</id>
		<label>485</label>
		<posX>736</posX>
		<posY>472</posY>
		<width>956</width>
		<height>52</height>
		<textXOff>30</textXOff>
		<textYOff>8</textYOff>
		<textureFocus>settings_button_large_focus.png</textureFocus>
		<textureNoFocus>settings_button_large_nofocus.png</textureNoFocus>
		<onup>8</onup>
		<ondown>10</ondown>
		<onleft>10008</onleft>
		<onright>10008</onright>
	</control>

	<control>
		<description>Delete Album Info</description>
		<type>button</type>
		<id>10</id>
		<label>422</label>
		<posX>736</posX>
		<posY>524</posY>
		<width>956</width>
		<height>52</height>
		<textXOff>30</textXOff>
		<textYOff>8</textYOff>
		<textureFocus>settings_button_large_focus.png</textureFocus>
		<textureNoFocus>settings_button_large_nofocus.png</textureNoFocus>
		<onup>13</onup>
		<ondown>99</ondown>
		<onleft>10008</onleft>
		<onright>10008</onright>
	</control>

<import>common.time.xml</import>
<import>avalon.version.xml</import>
</controls>
</window>
