<?xml version="1.0" encoding="utf-8" standalone="yes"?>
<window>
<controls>
	<control>
		<animation effect="slide" start="-60,0" end="0,0" tween="quadratic" easing="in" time="250" delay="400">WindowOpen</animation>
		<animation effect="slide" start="0,0" end="-60,0" tween="quadratic" easing="in" time="250" delay="100">WindowClose</animation>
		<id>1</id>
		<type>image</type>
		<posY>440</posY>
		<width>64</width>
		<height>199</height>
		<texture>hiddenmenu_tab.png</texture>
		<visible>Control.HasFocus(50) + !string.contains(#Avalon.HiddenMenu, false)</visible>
		</control>

		<control>
		<id>1</id>
		<type>image</type>
		<posX>858</posX>
		<posY>0</posY>
		<texture>hiddenmenu_tab_up.png</texture>
		<visible>[facadeview.filmstrip | facadeview.coverflow] + Control.HasFocus(50) + !string.contains(#Avalon.HiddenMenu, false)</visible>
		<animation effect="slide" start="0,-60" end="0,0" tween="quadratic" easing="in" time="250" delay="400">WindowOpen</animation>
		<animation effect="slide" start="0,0" end="0,-60" tween="quadratic" easing="in" time="250" delay="100">WindowClose</animation>
		</control>

		<control>
		<type>actiongroup</type>
		<description>action menu</description>
		<defaultcontrol>2</defaultcontrol>
		<onexit>50</onexit>
		<dimColor>00ffffff</dimColor>
		<buttonX>0</buttonX>
		<buttonY>0</buttonY>
		<buttonwidth>521</buttonwidth>
		<buttonheight>1080</buttonheight>
		
			<control>
			<type>image</type>
			<id>0</id>
			<width>1920</width>
			<height>1080</height>
			<texture>semi_trans_back_hidden_menu.png</texture>
			<visible>!Control.HasFocus(50)+control.isvisible(50)</visible>
			<animation effect="fade" time="450">visible</animation>
			<animation effect="fade" time="400">hidden</animation>
			</control>
	
			<control>
			<type>image</type>
			<id>0</id>
			<posY>15</posY>
			<posX>0</posX>
			<width>631</width>
			<height>1044</height>
			<texture>menu_bg.png</texture>
			<visible>!Control.HasFocus(50)+control.isvisible(50)</visible>
    			<animation effect="fade" time="0">WindowClose</animation>
    			<animation effect="slide" start="-150,0" time="100">visible</animation>
    			<animation effect="fade" time="50">visible</animation>
    			<animation effect="fade" time="0">hidden</animation>
			</control>
		
		
			<control>
			<description>Menu label</description>
			<type>label</type>
			<id>1</id>
			<posX>128</posX>
			<posY>114</posY>
			<label>924</label>
			<font>fontB12</font>
			<textcolor>ffffff</textcolor>
			<visible>!Control.HasFocus(50)</visible>
    			<animation effect="fade" time="0">WindowClose</animation>
    			<animation effect="slide" start="-150,0" time="100">visible</animation>
    			<animation effect="fade" time="50">visible</animation>
    			<animation effect="fade" time="0">hidden</animation>
    			</control>		
       			<control>
           		<type>group</type>
          		<description>group element</description>
 			<visible>!Control.HasFocus(50)+control.isvisible(50)</visible>
    			<animation effect="fade" time="0">WindowClose</animation>
    			<animation effect="slide" start="-150,0" time="100">visible</animation>
    			<animation effect="fade" time="50">visible</animation>
    			<animation effect="fade" time="0">hidden</animation>
  		          <posX>69</posX>
   		         <posY>155</posY>
    		        <layout>StackLayout(0, Vertical, true)</layout>
			<control>
   			     <description>Search Button</description>
   			     <type>button</type>
   			     <id>5</id>
				<onleft>50</onleft>
				<onright>50</onright>
				<onup>5</onup>
				<ondown>2</ondown>
				<label></label>
				<textureFocus>hiddenmenu_item_selected.png</textureFocus>
				<textureNoFocus>-</textureNoFocus>
				<width>497</width>
				<height>64</height>
				<textXOff>58</textXOff>
				<textYOff>14</textYOff>				
				</control>
				<control>
    				    <description>Sort Button</description>
    				    <type>sortbutton</type>
      				  <id>2</id>
       				 <label></label>       
				<onleft>50</onleft>
				<onright>50</onright>
				<onup>5</onup>
				<ondown>6</ondown>				
				<textureFocus>hiddenmenu_item_selected.png</textureFocus>
				<textureNoFocus>-</textureNoFocus>
				<width>497</width>
				<height>64</height>
				<textXOff>58</textXOff>
				<textYOff>14</textYOff>
				<offsetSortButtonX>280</offsetSortButtonX>
				<offsetSortButtonY>27</offsetSortButtonY>
				</control>			
         			 <control>
       				 <description>Favorites Button</description>
       				 <type>button</type>
      				  <id>6</id>       
				<onleft>50</onleft>
				<onright>50</onright>
				<onup>2</onup>
				<ondown>9</ondown>
				<label></label>
				<textureFocus>hiddenmenu_item_selected.png</textureFocus>
				<textureNoFocus>-</textureNoFocus>
				<width>497</width>
				<height>64</height>
				<textXOff>58</textXOff>
				<textYOff>14</textYOff>
				</control>
				 <control>
				<description>Playingnow</description>
				<type>button</type>
				<id>9</id>
				<hyperlink>510</hyperlink>       
				<onleft>50</onleft>
				<onright>50</onright>
				<onup>6</onup>
				<ondown>3</ondown>
				<label>4540</label>
				<textureFocus>hiddenmenu_item_selected.png</textureFocus>
				<textureNoFocus>-</textureNoFocus>
				<width>497</width>
				<height>64</height>
				<textXOff>58</textXOff>
				<textYOff>14</textYOff>				
				</control>		
     				 <control>
       				 <description>Starts with Button</description>
     				   <type>selectbutton</type>
    				    <id>3</id>
      				  <label></label>       
				<onleft>50</onleft>
				<onright>50</onright>
				<onup>6</onup>
				<ondown>4</ondown>
				<textureFocus>hiddenmenu_item_selected.png</textureFocus>
				<textureNoFocus>-</textureNoFocus>
				<width>497</width>
				<height>64</height>
				 <textXOff>22</textXOff>
    				<textYOff>14</textYOff>
  				  <textXOff2>55</textXOff2>
  				  <textYOff2>14</textYOff2>
				 <textcolorNoFocus>ff85cfff</textcolorNoFocus>				
				</control>
	
 				 <control>
  				 <description>Bitrate Button</description>
  			        <type>selectbutton</type>
   				 <id>4</id>
   				 <label></label>
       				<onleft>50</onleft>
				<onright>50</onright>
				<onup>3</onup>
				<ondown>5</ondown>
				<textureFocus>hiddenmenu_item_selected.png</textureFocus>
				<textureNoFocus>-</textureNoFocus>
				<width>497</width>
				<height>64</height>
				 <textXOff>22</textXOff>
 				   <textYOff>14</textYOff>
 				   <textXOff2>55</textXOff2>
 				   <textYOff2>14</textYOff2>
				 <textcolorNoFocus>ff85cfff</textcolorNoFocus>
				</control>

</control>
</control>
</controls>
</window>