﻿<?xml version="1.0" encoding="utf-8"?>
<window>
	<id>7111992</id>
	<defaultcontrol>2</defaultcontrol>
	<allowoverlay>no</allowoverlay>
	<controls>
		<control>
			<description>Default Background</description>
			<type>image</type>
			<id>1</id>
		    <posX>0</posX>
		    <posY>0</posY>
		    <width>1920</width>
		    <height>1080</height>
			<texture>background.png</texture>
			<shouldCache>true</shouldCache>
		</control>
		<control>
			<description>Default Background</description>
			<type>image</type>
			<id>1</id>
		    <posX>0</posX>
		    <posY>120</posY>
		    <width>1312</width>
		    <height>738</height>
			<texture>BasicHomeBG\movies_default.jpg</texture>
			<visible>!Control.IsVisible(24)</visible>
			<shouldCache>true</shouldCache>
		</control>
		<control>
			<description>Default Background</description>
			<type>image</type>
			<id>1</id>
		    <posX>0</posX>
		    <posY>0</posY>
		    <width>1920</width>
		    <height>1080</height>
			<texture>BasicHomeBG\movies_default.jpg</texture>
			<visible>Control.IsVisible(24)</visible>
			<shouldCache>true</shouldCache>
		</control>
		<control>
			<description>Fan Art</description>
			<type>image</type>
			<id>1</id>
		    <posX>0</posX>
		    <posY>120</posY>
		    <width>1312</width>
		    <height>738</height>
			<texture>#st_backdrop</texture>
			<visible>!Control.IsVisible(24)</visible>
		</control>
		<control>
			<description>Fan Art</description>
			<type>image</type>
			<id>1</id>
		    <posX>0</posX>
		    <posY>0</posY>
		    <width>1920</width>
		    <height>1080</height>
			<texture>#st_backdrop</texture>
			<visible>Control.IsVisible(24)</visible>
		</control>
		<control>
		  <animation effect="fade" time="250">WindowOpen</animation>
		  <animation effect="fade" time="250">WindowClose</animation>
		  <type>label</type>
		  <id>1</id>
		  <posX>185</posX>
		  <posY>38</posY>
		  <width>500</width>
		  <label>ShowTimes</label>
		  <textcolor>6aa5cb</textcolor>
		  <font>font22</font>
		  <visible>!Control.IsVisible(24)</visible>
		</control>
		<!-- Overlays -->
	<import>ShowTimesGUI.background.xml</import>
	<import>common.time.xml</import>
		<!-- Title Bar Controls -->
		<control Style="wideTitle">
			<description>Selected Item</description>
			<type>label</type>
			<id>0</id>
			<posX>714</posX>
			<posY>810</posY>
			<label>#selecteditem</label>
			<animation effect="fade" start="0" end="100" time="300" delay="350">WindowOpen</animation>
			<animation effect="fade" start="100" end="0" time="0" delay="0">WindowClose</animation>
			<animation effect="fade" start="0" end="100" time="300" delay="350" reversible="false">visible</animation>
			<visible>control.hasfocus(50)+!player.hasmedia+!Control.IsVisible(24)+string.equals(#itemcount)</visible>
		</control>
		<control>
			<type>fadelabel</type>
			<description>Theater</description>
			<id>44</id>
			<posX>70</posX>
			<posY>920</posY>
			<width>1800</width>
			<align>left</align>
			<label>#st_theater | #st_moviedate @ #st_showtimes</label>
			<visible>Control.HasText(46)</visible>
			<animation effect="fade" time="250">visiblechange</animation>
			<animation effect="fade" time="250">WindowClose</animation>
		</control>
    	<import>ShowTimesGUI.hiddenmenu.xml</import>
    		
            <!-- Information in List View Only-->   
             	
    	<control>
    		<description>Poster shadow</description>
    		<type>image</type>
    		<id>1</id>
    		<posX>695</posX>
    		<posY>101</posY>
    		<width>465</width>
    		<height>605</height>
    		<texture>list_poster_glow.png</texture>
    		<visible>facadeview.list+Control.IsVisible(50)+!Control.IsVisible(24)</visible>
    	</control>
    	
    	<control>
    		<type>image</type>
    		<id>0</id>
    		<posX>762</posX>
    		<posY>169</posY>
    		<width>330</width>
    		<height>470</height>
    		<texture flipY="true" diffuse="Thumb_Mask_test.png" mask="poster_mask.png">#st_poster</texture>
    		<visible>facadeview.list+Control.IsVisible(50)+!Control.IsVisible(24)</visible>
    	</control>
		<control>
			<description>Director Label</description>
			<type>label</type>
			<id>0</id>
			<label>#(L(199))</label>
			<posX>714</posX>
			<posY>990</posY>
			<width>240</width>
			<align>left</align>
			<font>AvalonLight12</font>
			<textcolor>6aa5cb</textcolor>
			<visible>[facadeview.list | facadeview.smallicons | facadeview.largeicons | facadeview.filmstrip | facadeview.coverflow]+!Control.IsVisible(24)+string.equals(#itemcount)</visible>
			<animation effect="fade" time="0">WindowClose</animation>
		</control>
		<control>
			<description>Director Value</description>
			<type>label</type>
			<label>#st_director</label>
			<id>0</id>
			<posX>882</posX>
			<posY>990</posY>
			<width>240</width>
			<align>left</align>
			<font>AvalonLight12</font>
			<textcolor>ffffff</textcolor>
			<visible>[facadeview.list | facadeview.smallicons | facadeview.largeicons | facadeview.filmstrip | facadeview.coverflow]+!Control.IsVisible(24)+string.equals(#itemcount)</visible>
			<animation effect="fade" time="0">WindowClose</animation>
		</control>
		<control>
			<description>Genre Label</description>
			<type>label</type>
			<label>174</label>
			<id>0</id>
			<posX>714</posX>
			<posY>952</posY>
			<width>240</width>
			<align>left</align>
			<font>AvalonLight12</font>
			<textcolor>6aa5cb</textcolor>
			<visible>[facadeview.list | facadeview.smallicons | facadeview.largeicons | facadeview.filmstrip | facadeview.coverflow]+!Control.IsVisible(24)+string.equals(#itemcount)</visible>
			<animation effect="fade" time="0">WindowClose</animation>
		</control>
		<control>
			<description>Genre Value</description>
			<type>fadelabel</type>
			<label>#st_genre</label>
			<id>0</id>
			<posX>882</posX>
			<posY>952</posY>
			<width>240</width>
			<align>left</align>
			<font>AvalonLight12</font>
			<textcolor>ffffff</textcolor>
			<visible>[facadeview.list | facadeview.smallicons | facadeview.largeicons | facadeview.filmstrip | facadeview.coverflow]+!Control.IsVisible(24)+string.equals(#itemcount)</visible>
			<animation effect="fade" time="0">WindowClose</animation>
		</control>
		<control>
			<description>Year Label</description>
			<type>label</type>
			<label>#Avalon.ReleaseDate:</label>
			<id>0</id>
			<posX>714</posX>
			<posY>872</posY>
			<width>240</width>
			<align>left</align>
			<font>AvalonLight12</font>
			<textcolor>6aa5cb</textcolor>
			<visible>[facadeview.list | facadeview.smallicons | facadeview.largeicons | facadeview.filmstrip | facadeview.coverflow]+!Control.IsVisible(24)+string.equals(#itemcount)</visible>
			<animation effect="fade" time="0">WindowClose</animation>
		</control>
		<control>
			<description>Year Value</description>
			<type>label</type>
			<label>#st_releasedate</label>
			<id>0</id>
			<posX>882</posX>
			<posY>872</posY>
			<width>240</width>
			<align>left</align>
			<font>AvalonLight12</font>
			<textcolor>ffffff</textcolor>
			<visible>[facadeview.list | facadeview.smallicons | facadeview.largeicons | facadeview.filmstrip | facadeview.coverflow]+!Control.IsVisible(24)+string.equals(#itemcount)</visible>
			<animation effect="fade" time="0">WindowClose</animation>
		</control>
		<control>
			<description>Runtime Label</description>
			<type>label</type>
			<label>#Avalon.Runtime:</label>
			<id>0</id>
			<posX>714</posX>
			<posY>912</posY>
			<width>240</width>
			<align>left</align>
			<font>AvalonLight12</font>
			<textcolor>6aa5cb</textcolor>
			<visible>[facadeview.list | facadeview.smallicons | facadeview.largeicons | facadeview.filmstrip | facadeview.coverflow]+!Control.IsVisible(24)+string.equals(#itemcount)</visible>
			<animation effect="fade" time="0">WindowClose</animation>
		</control>
		<control>
			<description>Runtime Value</description>
			<type>label</type>
			<id>0</id>
			<label>#st_runtime</label>
			<posX>882</posX>
			<posY>912</posY>
			<width>240</width>
			<align>left</align>
			<font>AvalonLight12</font>
			<textcolor>ffffff</textcolor>
			<visible>[facadeview.list | facadeview.smallicons | facadeview.largeicons | facadeview.filmstrip | facadeview.coverflow]+!Control.IsVisible(24)+string.equals(#itemcount)</visible>
			<animation effect="fade" time="250">visiblechange</animation>
			<animation effect="fade" time="250">WindowClose</animation>
		</control>
		<control>
			<description>Summary</description>
			<type>textboxscrollup</type>
			<id>0</id>
			<posX>1175</posX>
			<posY>872</posY>
			<width>725</width>
			<height>160</height>
			<seperator>-----------------------------------------------------------------------------------</seperator>
			<label>#st_plot</label>
			<visible>[facadeview.list | facadeview.smallicons | facadeview.largeicons | facadeview.filmstrip | facadeview.coverflow]+!Control.IsVisible(24)+string.equals(#itemcount)</visible>
			<animation effect="fade" start="100" end="0" time="0" delay="0">WindowClose</animation>
		</control>
	<import>ShowTimesGUI.details.xml</import>
		<!-- Dummy Labels -->
		<control>
			<description>showtimes label</description>
			<type>fadelabel</type>
			<id>46</id>
			<posX>2000</posX>
			<posY>10</posY>
		</control>
		<control>
			<description>theatre label</description>
			<type>fadelabel</type>
			<id>47</id>
			<posX>2000</posX>
			<posY>10</posY>
		</control>
	<control>
		<animation effect="slide" start="-60,0" end="0,0" tween="quadratic" easing="in" time="250" delay="400">WindowOpen</animation>
		<animation effect="slide" start="0,0" end="-60,0" tween="quadratic" easing="in" time="250" delay="100">WindowClose</animation>
		<id>1</id>
		<type>image</type>
		<posX>0</posX>
		<posY>440</posY>
		<width>64</width>
		<height>199</height>
		<texture>hiddenmenu_tab.png</texture>
		<visible>[facadeview.list | facadeview.smallicons | facadeview.largeicons]+Control.HasFocus(50) + !string.contains(#Avalon.HiddenMenu, false)</visible>
	</control>
	
	<control>
		<animation effect="slide" start="0,-60" end="0,0" tween="quadratic" easing="in" time="250" delay="400">WindowOpen</animation>
		<animation effect="slide" start="0,0" end="0,-60" tween="quadratic" easing="in" time="250" delay="100">WindowClose</animation>
		<id>1</id>
		<type>image</type>
		<posX>858</posX>
		<posY>0</posY>
		<texture>hiddenmenu_tab_up.png</texture>
		<visible>[facadeview.filmstrip | facadeview.coverflow]+Control.HasFocus(50) + !string.contains(#Avalon.HiddenMenu, false)</visible>
	</control>	
	<import>ShowTimesGUI.facade.xml</import>
	<import>common.overlay.xml</import>
	</controls>
</window>