<?xml version="1.0" encoding="utf-8"?>
<window>
	<id>84623</id>
	<defaultcontrol>912</defaultcontrol>
	<allowoverlay>control.isvisible(1337)</allowoverlay> <!-- no! -->
	<define>#header.label:#SubCentral.Header.Label</define>
	<define>#header.background.custom:SubCentral_Background.png</define>
	<!--
	<animation effect="fade" time="250">WindowOpen</animation>
	<animation effect="fade" time="250">WindowClose</animation>
	-->
	<controls>
		<!-- 
		This is the main subcentral skin file and should contain all screen elements that are common
		to all views in the GUI. Anything that belongs only in a specific view should be placed in the
		coorespodning subfile.
		-->

		<!-- Dummy Controls meant for visibility and status purposes. -->
		<control>
			<description>Visible when in the main view mode.</description>
			<type>label</type>
			<id>101</id>
			<posX>-50</posX>
			<posY>-50</posY>
			<width>0</width>
		</control>
		<control>
			<description>Visible when in the file view mode.</description>
			<type>label</type>
			<id>102</id>
			<posX>-50</posX>
			<posY>-50</posY>
			<width>0</width>
		</control>
		<control>
			<description>Visible when in the manual search mode.</description>
			<type>label</type>
			<id>103</id>
			<posX>-50</posX>
			<posY>-50</posY>
			<width>0</width>
		</control>
		
		<control>
			<description>BG</description>
			<type>image</type>
			<id>1</id>
			<width>1920</width>
			<height>1080</height>
		</control>
		<control>
			<description>viewport list</description>
			<type>image</type>
			<id>0</id>
			<posX>0</posX>
			<posY>92</posY>
			<width>1893</width>
			<height>795</height>
			<texture>viewport_settings.png</texture>
			<animation effect="fade" time="250">WindowOpen</animation>
			<animation effect="fade" time="250">WindowClose</animation>
			<animation effect="slide" time="250" start="-1890,0">WindowOpen</animation>
			<animation effect="slide" time="250" end="-1890,0">WindowClose</animation>
		</control>
	
    	<control>
    		<description>RSS background</description>
    		<type>image</type>
    		<id>0</id>
    		<posX>0</posX>
    		<posY>829</posY>
    		<width>1865</width>
    		<height>96</height>
    		<texture>basichome_rss_bg.png</texture>
    		<animation effect="fade" time="250">WindowOpen</animation>
    		<animation effect="fade" time="250">WindowClose</animation>
    		<animation effect="slide" time="250" start="-1890,0">WindowOpen</animation>
    		<animation effect="slide" time="250" end="-1890,0">WindowClose</animation>
    	</control>
        
		<control>
			<type>label</type>
			<description>Settings label</description>
			<id>121</id>
			<posX>185</posX>
			<posY>38</posY>
			<width>500</width>
			<label>897</label>
			<textcolor>6aa5cb</textcolor>
			<font>font22</font>
		</control>
		
	<control>
		<animation effect="fade" start="0" end="100" time="300" delay="350">WindowOpen</animation>
		<animation effect="fade" start="100" end="0" time="0" delay="0">WindowClose</animation>
		<type>label</type>
		<id>1</id>
		<posX>766</posX>
		<posY>158</posY>
		<width>500</width>
		<label>SubCentral</label>
		<textcolor>6aa5cb</textcolor>
		<font>fontB22</font>
	</control>

		<!-- Controls common to all views of the GUI -->
		<!--<import>common.window.xml</import>-->
		<import>common.time.xml</import>


		<!-- Imports for various views of the GUI -->
		<import>SubCentral.Main.xml</import>
		<import>SubCentral.Search.xml</import>
		<import>SubCentral.ModifySearch.xml</import>

	<control>
		<description>buttons</description>
		<type>group</type>
		<animation effect="fade" start="0" end="100" time="300" delay="350">WindowOpen</animation>
		<animation effect="fade" start="100" end="0" time="0" delay="0">WindowClose</animation>
		<posX>130</posX>
		<posY>156</posY>
		<layout>StackLayout</layout>
					<control>
						<description>Cancel Button</description>
						<type>button</type>
						<id>202</id>
						<label>Cancel</label>
						<onup>201</onup>
						<ondown>203</ondown>
						<onleft>202</onleft>
						<onright>912</onright>
					</control>
					<control>
						<description>Languages Button</description>
						<type>button</type>
						<id>203</id>
						<label>Languages</label>
						<onup>202</onup>
						<ondown>204</ondown>
						<onleft>203</onleft>
						<onright>912</onright>
					</control>
					<control>
						<description>Modify Search Button</description>
						<type>button</type>
						<id>204</id>
						<label>Modify search</label>
						<onup>203</onup>
						<ondown>206</ondown>
						<onleft>204</onleft>
						<onright>912</onright>
					</control>
					<control>
						<description>Delete Subtitles Button</description>
						<type>button</type>
						<id>206</id>
						<label>Delete subtitles</label>
						<onup>204</onup>
						<ondown>205</ondown>
						<onleft>206</onleft>
						<onright>912</onright>
					</control>
					<control>
						<description>Sort</description>
						<type>sortbutton</type>
						<id>205</id>
						<label>Sort</label>
						<onup>206</onup>
						<ondown>202</ondown>
						<onleft>205</onleft>
						<onright>912</onright>
					</control>
				</control>			
	</controls>
</window>
