<?xml version="1.0" encoding="utf-8"?>
<window>
	<controls>
		<!-- 
		This skin file is meant for all controls that should be visible for the user
		when in the search view of the plugin. All controls should be tagged at a minimum
		with "<visible>Control.IsVisible(102)</visible>". 
		-->

		<control>
			<type>label</type>
			<description>Number of Files Label</description>
			<id>0</id>
			<width>785</width>
			<posX>590</posX>
			<posY>920</posY>
			<label>#itemcount</label>
			<font>AvalonLight12</font>
			<textcolor>6aa5cb</textcolor>
            <align>left</align>
			<visible>Control.IsVisible(102)</visible>
        	<animation effect="fade" time="250">WindowOpen</animation>
        	<animation effect="fade" time="0">WindowClose</animation>
		</control>

		<control>
			<description>List BG</description>
			<type>image</type>
			<id>1</id>
			<posX>590</posX>
			<posY>520</posY>
			<width>1033</width>
			<height>383</height>
			<texture>SubCentral_list_bg.png</texture>
			<visible>Control.IsVisible(102)</visible>
        	<animation effect="fade" time="250">WindowOpen</animation>
        	<animation effect="fade" time="0">WindowClose</animation>
		</control>
		<control>
			<description>List BG</description>
			<type>image</type>
			<id>1</id>
			<posX>295</posX>
			<posY>580</posY>
			<width>1328</width>
			<height>305</height>
			<texture>SubCentral_list_bg.png</texture>
			<visible>Control.IsVisible(103)</visible>
        	<animation effect="fade" time="250">WindowOpen</animation>
        	<animation effect="fade" time="0">WindowClose</animation>
		</control>
		<control>
			<description>File BG</description>
			<type>image</type>
			<id>1</id>
			<posX>746</posX>
			<posY>398</posY>
			<width>876</width>
			<height>60</height>
			<texture>SubCentral_file_bg.png</texture>
			<visible>Control.IsVisible(102)</visible>
        	<animation effect="fade" time="250">WindowOpen</animation>
        	<animation effect="fade" time="0">WindowClose</animation>
		</control>
		
    <control>
      <description>group element</description>
      <type>group</type>
      <dimColor>ffffffff</dimColor>
      <control>
        <description>listcontrol</description>
        <type>listcontrol</type>
        <id>50</id>
        <posY>520</posY>
        <posX>590</posX>
        <height>450</height>
        <width>1033</width>
        <onleft>202</onleft>
        <onright>202</onright>
        <textXOff>45</textXOff>
        <textXOff2>770</textXOff2>
        <textXOff3>120</textXOff3>
        <textYOff>5</textYOff>
        <textYOff2>35</textYOff2>
        <textYOff3>35</textYOff3>
        <font>AvalonLight11</font>
        <font2>font10</font2>
        <font3>font10</font3>
        <playedColor>#selectedcolor</playedColor>
        <spaceBetweenItems>5</spaceBetweenItems>
        <textureFocus>SubCentral_list_focus.png</textureFocus>
        <textureHeight>60</textureHeight>
        <scrollOffset>1</scrollOffset>
        <IconXOff>35</IconXOff>
        <IconYOff>2</IconYOff>
        <itemWidth>64</itemWidth>
        <itemHeight>53</itemHeight>
        <keepaspectratio>yes</keepaspectratio>
        	<animation effect="fade" time="250">WindowOpen</animation>
        	<animation effect="fade" time="0">WindowClose</animation>
        <visible>control.isvisible(102)</visible>
      </control>
		</control>

        <control>
            <description>Season Poster</description>
            <type>image</type>
            <id>911</id>
            <posX>296</posX>
            <posY>354</posY>
            <width>250</width>
            <height>354</height>
			<keepaspectratio>no</keepaspectratio>
            <texture mask="poster_mask.png">#SubCentral.Search.Media.Thumb</texture>
			<visible>Control.IsVisible(102)</visible>
        	<animation effect="fade" time="250">WindowOpen</animation>
        	<animation effect="fade" time="0">WindowClose</animation>
        </control>

		<control>
			<description>Cover Art Default</description>
			<type>image</type>
			<id>0</id>
			<keepaspectratio>no</keepaspectratio>
            <posX>296</posX>
            <posY>354</posY>
            <width>250</width>
            <height>354</height>
			<texture mask="poster_mask.png">defaultVideoBig.png</texture>
			<visible>Control.IsVisible(102)+!Control.HasThumb(911)<!--[String.Equals(#SubCentral.Search.Media.Thumb,)|String.Equals(#SubCentral.Search.Media.Thumb, )]--></visible>
        	<animation effect="fade" time="250">WindowOpen</animation>
        	<animation effect="fade" time="0">WindowClose</animation>
		</control>
<!--
		<control>
			<type>fadelabel</type>
			<id>0</id>
			<posX>34</posX>
			<posY>643</posY>
			<width>168</width>
			<label>#SubCentral.Translation.From.Label</label>
			<font>font11</font>
			<textcolor>ff222222</textcolor>
			<visible>Control.IsVisible(102)</visible>
			<animation effect="fade" time="250">visiblechange</animation>
			<animation effect="fade" time="250">WindowClose</animation>
		</control>
		<control>
			<type>fadelabel</type>
			<id>0</id>
			<posX>32</posX>
			<posY>641</posY>
			<width>168</width>
			<label>#SubCentral.Translation.From.Label</label>
			<font>font11</font>
			<textcolor>ffa9d0f7</textcolor>
			<visible>Control.IsVisible(102)</visible>
			<animation effect="fade" time="250">visiblechange</animation>
			<animation effect="fade" time="250">WindowClose</animation>
		</control>

		<control>
			<type>fadelabel</type>
			<id>0</id>
			<posX>172</posX>
			<posY>642</posY>
			<width>562</width>
			<label>#SubCentral.Search.Source.Name</label>
			<font>font12</font>
			<textcolor>ff222222</textcolor>
			<visible>Control.IsVisible(102)</visible>
			<animation effect="fade" time="250">visiblechange</animation>
			<animation effect="fade" time="250">WindowClose</animation>
		</control>
		<control>
			<type>fadelabel</type>
			<id>0</id>
			<posX>170</posX>
			<posY>640</posY>
			<width>562</width>
			<label>#SubCentral.Search.Source.Name</label>
			<font>font12</font>
			<visible>Control.IsVisible(102)</visible>
			<animation effect="fade" time="250">visiblechange</animation>
			<animation effect="fade" time="250">WindowClose</animation>
		</control>
		<control>
			<type>fadelabel</type>
			<id>0</id>
			<posX>34</posX>
			<posY>673</posY>
			<width>168</width>
			<label>#SubCentral.Translation.SearchType.Label</label>
			<font>font11</font>
			<textcolor>ff222222</textcolor>
			<visible>Control.IsVisible(102)+!String.Equals(#SubCentral.Search.SearchType.Type,NONE)</visible>
			<animation effect="fade" time="250">visiblechange</animation>
			<animation effect="fade" time="250">WindowClose</animation>
		</control>
		<control>
			<type>fadelabel</type>
			<id>0</id>
			<posX>32</posX>
			<posY>671</posY>
			<width>168</width>
			<label>#SubCentral.Translation.SearchType.Label</label>
			<font>font11</font>
			<textcolor>ffa9d0f7</textcolor>
			<visible>Control.IsVisible(102)+!String.Equals(#SubCentral.Search.SearchType.Type,NONE)</visible>
			<animation effect="fade" time="250">visiblechange</animation>
			<animation effect="fade" time="250">WindowClose</animation>
		</control>

		<control>
			<type>fadelabel</type>
			<id>0</id>
			<posX>172</posX>
			<posY>672</posY>
			<width>562</width>
			<label>#SubCentral.Search.SearchType.NiceType</label>
			<font>font12</font>
			<textcolor>ff222222</textcolor>
			<visible>Control.IsVisible(102)+!String.Equals(#SubCentral.Search.SearchType.Type,NONE)</visible>
			<animation effect="fade" time="250">visiblechange</animation>
			<animation effect="fade" time="250">WindowClose</animation>
		</control>
		<control>
			<type>fadelabel</type>
			<id>0</id>
			<posX>170</posX>
			<posY>670</posY>
			<width>562</width>
			<label>#SubCentral.Search.SearchType.NiceType</label>
			<font>font12</font>
			<visible>Control.IsVisible(102)+!String.Equals(#SubCentral.Search.SearchType.Type,NONE)</visible>
			<animation effect="fade" time="250">visiblechange</animation>
			<animation effect="fade" time="250">WindowClose</animation>
		</control>
-->
		<control>
			<type>label</type>
			<description>Number of Files Label</description>
			<id>0</id>
			<width>250</width>
			<posX>590</posX>
			<posY>348</posY>
			<label>Title</label>
			<font>AvalonLight14</font>
			<textcolor>6aa5cb</textcolor>
			<visible>Control.IsVisible(102)</visible>
        	<animation effect="fade" time="250">WindowOpen</animation>
        	<animation effect="fade" time="0">WindowClose</animation>
		</control>
		
		<control>
			<type>label</type>
			<description>Number of Files Label</description>
			<id>0</id>
			<width>250</width>
			<posX>590</posX>
			<posY>412</posY>
			<label>File</label>
			<font>AvalonLight14</font>
			<textcolor>6aa5cb</textcolor>
			<visible>Control.IsVisible(102)</visible>
        	<animation effect="fade" time="250">WindowOpen</animation>
        	<animation effect="fade" time="0">WindowClose</animation>
		</control>

		<control>
			<type>fadelabel</type>
			<id>0</id>
			<posX>766</posX>
			<posY>350</posY>
			<width>562</width>
			<label>#SubCentral.Search.SearchType.Text</label>
			<font>font12</font>
			<textcolor>ff222222</textcolor>
			<visible>Control.IsVisible(102)+String.Equals(#SubCentral.Search.SearchType.Type,NONE)</visible>
        	<animation effect="fade" time="250">WindowOpen</animation>
        	<animation effect="fade" time="0">WindowClose</animation>
		</control>

		<control>
			<type>fadelabel</type>
			<id>0</id>
			<posX>766</posX>
			<posY>414</posY>
			<width>427</width>
			<label>#SubCentral.Search.Media.Title</label>
			<font>font14</font>
			<textcolor>ff222222</textcolor>
			<visible>Control.IsVisible(102)+String.Equals(#SubCentral.Search.SearchType.Type,NONE)</visible>
        	<animation effect="fade" time="250">WindowOpen</animation>
        	<animation effect="fade" time="0">WindowClose</animation>
		</control>

		<control>
			<type>fadelabel</type>
			<id>0</id>
			<posX>766</posX>
			<posY>350</posY>
			<width>427</width>
			<label>#SubCentral.Search.Media.TitleWithYear</label>
			<font>AvalonLight14</font>
			<textcolor>ffffff</textcolor>
			<visible>Control.IsVisible(102)+[String.Equals(#SubCentral.Search.SearchType.Type,MOVIE)|String.Equals(#SubCentral.Search.SearchType.Type,IMDb)]</visible>
        	<animation effect="fade" time="250">WindowOpen</animation>
        	<animation effect="fade" time="0">WindowClose</animation>
		</control>

		<control>
			<type>fadelabel</type>
			<id>0</id>
			<posX>766</posX>
			<posY>350</posY>
			<width>427</width>
			<label>#SubCentral.Search.Media.TitleWithSE</label>
			<font>AvalonLight14</font>
			<textcolor>ffffff</textcolor>
			<visible>Control.IsVisible(102)+String.Equals(#SubCentral.Search.SearchType.Type,TVSHOW)</visible>
        	<animation effect="fade" time="250">WindowOpen</animation>
        	<animation effect="fade" time="0">WindowClose</animation>
		</control>
<!--
		<control>
			<type>fadelabel</type>
			<id>0</id>
			<posX>307</posX>
			<posY>296</posY>
			<width>427</width>
			<label>#SubCentral.Search.Media.IMDb.ID.Text</label>
			<font>font14</font>
			<textcolor>ff222222</textcolor>
			<visible>Control.IsVisible(102)+String.Equals(#SubCentral.Search.SearchType.Type,IMDb)</visible>
		<animation effect="fade" start="0" end="100" time="300" delay="350">WindowOpen</animation>
		<animation effect="fade" start="100" end="0" time="0" delay="0">WindowClose</animation>
		</control>
-->
		<control>
			<description>Media Files</description>
			<type>textboxscrollup</type>
			<id>0</id>
			<posX>766</posX>
			<posY>414</posY>
			<width>785</width>
			<height>134</height>
			<font>AvalonLight12</font>
			<textcolor>ffffff</textcolor>
			<label>#SubCentral.Search.Files.AllNames</label>
			<seperator>----------------------------------------------------------------------------------------------------</seperator>
			<visible>Control.IsVisible(102)</visible>
        	<animation effect="fade" time="250">WindowOpen</animation>
        	<animation effect="fade" time="0">WindowClose</animation>
		</control>
<!--
		<control>
			<description>Media tags key</description>
			<type>fadelabel</type>
			<id>0</id>
			<posX>910</posX>
			<posY>538</posY>
			<font>font11</font>
			<width>750</width>
			<textcolor>ffa9d0f7</textcolor>
			<label>#SubCentral.Translation.MediaTags.Label</label>
			<visible>!string.contains(#SubCentral.Search.Files.Tags,SubCentral.Search.Files.Tags)+!string.equals(#SubCentral.Search.Files.Tags,)+!string.equals(#SubCentral.Search.Files.Tags, )+!string.equals(#SubCentral.Search.Files.Tags,  )+Control.IsVisible(102)</visible>
		<animation effect="fade" start="0" end="100" time="300" delay="350">WindowOpen</animation>
		<animation effect="fade" start="100" end="0" time="0" delay="0">WindowClose</animation>
		</control>

		<control>
			<description>Media tags</description>
			<type>fadelabel</type>
			<id>0</id>
			<posX>910</posX>
			<posY>563</posY>
			<font>font11</font>
			<width>750</width>
			<label>#SubCentral.Search.Files.Tags</label>
			<visible>!string.contains(#SubCentral.Search.Files.Tags,SubCentral.Search.Files.Tags)+!string.equals(#SubCentral.Search.Files.Tags,)+!string.equals(#SubCentral.Search.Files.Tags, )+!string.equals(#SubCentral.Search.Files.Tags,  )+Control.IsVisible(102)</visible>
		<animation effect="fade" start="0" end="100" time="300" delay="350">WindowOpen</animation>
		<animation effect="fade" start="100" end="0" time="0" delay="0">WindowClose</animation>
		</control>
-->
	</controls>
</window>
