<?xml version="1.0" encoding="utf-8"?>
<window>
	<controls>
		<!-- 
		This skin file is meant for all controls that should be visible for the user
		when in the search view of the plugin. All controls should be tagged at a minimum
		with "<visible>Control.IsVisible(102)</visible>". 
		-->

		<control>
			<type>label</type>
			<description>Number of Files Label</description>
			<id>0</id>
			<width>785</width>
    		<posX>600</posX>
    		<posY>880</posY>
			<label>#itemcount</label>
			<font>AvalonLight12</font>
			<textcolor>6aa5cb</textcolor>
			<visible>Control.IsVisible(102)</visible>
		<animation effect="fade" start="0" end="100" time="300" delay="350">WindowOpen</animation>
		<animation effect="fade" start="100" end="0" time="0" delay="0">WindowClose</animation>
		</control>

		<control>
			<description>List BG</description>
			<type>image</type>
			<id>1</id>
			<posX>887</posX>
			<posY>413</posY>
			<width>809</width>
			<height>300</height>
			<texture>SubCentral_list_bg.png</texture>
			<visible>Control.IsVisible(102)</visible>
		<animation effect="fade" start="0" end="100" time="300" delay="350">WindowOpen</animation>
		<animation effect="fade" start="100" end="0" time="0" delay="0">WindowClose</animation>
		</control>
		<control>
			<description>List BG</description>
			<type>image</type>
			<id>1</id>
			<posX>743</posX>
			<posY>470</posY>
			<width>953</width>
			<height>200</height>
			<texture>SubCentral_list_bg.png</texture>
			<visible>Control.IsVisible(103)</visible>
		<animation effect="fade" start="0" end="100" time="300" delay="350">WindowOpen</animation>
		<animation effect="fade" start="100" end="0" time="0" delay="0">WindowClose</animation>
		</control>
		<control>
			<description>File BG</description>
			<type>image</type>
			<id>1</id>
			<posX>887</posX>
			<posY>312</posY>
			<width>809</width>
			<height>52</height>
			<texture>SubCentral_file_bg.png</texture>
			<visible>Control.IsVisible(102)</visible>
		<animation effect="fade" start="0" end="100" time="300" delay="350">WindowOpen</animation>
		<animation effect="fade" start="100" end="0" time="0" delay="0">WindowClose</animation>
		</control>
		
		<control>
			<description>group element</description>
			<type>group</type>
			<control>
				<description>listcontrol</description>
				<type>listcontrol</type>
				<id>50</id>
				<onleft>202</onleft>
				<onright>202</onright>
				<scrollOffset>1</scrollOffset>
				<posX>888</posX>
				<posY>414</posY>
                <width>808</width>
				<height>350</height>
				<textureHeight>42</textureHeight>
				<itemWidth>50</itemWidth>
				<itemHeight>50</itemHeight>
				<IconXOff>10</IconXOff>
				<IconYOff>-4</IconYOff>
				<textXOff>10</textXOff>
				<textXOff2>500</textXOff2>
				<textYOff2>26</textYOff2>
				<textXOff3>100</textXOff3>
				<textYOff3>26</textYOff3>
				<font>AvalonLight11</font>	
				<font2>font10</font2>	
				<font3>font10</font3>
				<textYOff>2</textYOff>
				<textureFocus>SubCentral_list_focus.png</textureFocus>
				<textureNoFocus>-</textureNoFocus>
				<spinCanFocus>no</spinCanFocus>
				<spinWidth>30</spinWidth>
				<spinHeight>30</spinHeight>
				<spinPosX>909</spinPosX>
				<spinPosY>838</spinPosY>
				<spinColor>85cffe</spinColor>
				<PinIconXOff>627</PinIconXOff> 
				<PinIconYOff>4</PinIconYOff>
				<playedColor>ffffff</playedColor>
				<textcolor>ffffff</textcolor>
				<textcolor2>ffffff</textcolor2>
				<textcolor3>ffffff</textcolor3>
				<visible>Control.IsVisible(102)</visible>
                <dimColor>ffffffff</dimColor>
		<animation effect="fade" start="0" end="100" time="300" delay="350">WindowOpen</animation>
		<animation effect="fade" start="100" end="0" time="0" delay="0">WindowClose</animation>
			</control>
		</control>

        <control>
            <description>Season Poster</description>
            <type>image</type>
            <id>911</id>
            <posX>639</posX>
            <posY>414</posY>
            <width>216</width>
            <height>306</height>
			<keepaspectratio>no</keepaspectratio>
            <texture flipY="true" diffuse="Thumb_Mask_test.png" mask="poster_mask.png">#SubCentral.Search.Media.Thumb</texture>
			<visible>Control.IsVisible(102)</visible>
		<animation effect="fade" start="0" end="100" time="300" delay="350">WindowOpen</animation>
		<animation effect="fade" start="100" end="0" time="0" delay="0">WindowClose</animation>
        </control>

		<control>
			<description>Cover Art Default</description>
			<type>image</type>
			<id>0</id>
			<keepaspectratio>no</keepaspectratio>
            <posX>639</posX>
            <posY>414</posY>
            <width>216</width>
            <height>306</height>
			<texture flipY="true" diffuse="Thumb_Mask_test.png" mask="poster_mask.png">defaultVideoBig.png</texture>
			<visible>Control.IsVisible(102)+!Control.HasThumb(911)<!--[String.Equals(#SubCentral.Search.Media.Thumb,)|String.Equals(#SubCentral.Search.Media.Thumb, )]--></visible>
		<animation effect="fade" start="0" end="100" time="300" delay="350">WindowOpen</animation>
		<animation effect="fade" start="100" end="0" time="0" delay="0">WindowClose</animation>
		</control>
<!--
		<control>
			<type>fadelabel</type>
			<id>0</id>
			<posX>34</posX>
			<posY>643</posY>
			<width>168</width>
			<label>#SubCentral.Translation.From.Label</label>
			<font>font11</font>
			<textcolor>ff222222</textcolor>
			<visible>Control.IsVisible(102)</visible>
			<animation effect="fade" time="250">visiblechange</animation>
			<animation effect="fade" time="250">WindowClose</animation>
		</control>
		<control>
			<type>fadelabel</type>
			<id>0</id>
			<posX>32</posX>
			<posY>641</posY>
			<width>168</width>
			<label>#SubCentral.Translation.From.Label</label>
			<font>font11</font>
			<textcolor>ffa9d0f7</textcolor>
			<visible>Control.IsVisible(102)</visible>
			<animation effect="fade" time="250">visiblechange</animation>
			<animation effect="fade" time="250">WindowClose</animation>
		</control>

		<control>
			<type>fadelabel</type>
			<id>0</id>
			<posX>172</posX>
			<posY>642</posY>
			<width>562</width>
			<label>#SubCentral.Search.Source.Name</label>
			<font>font12</font>
			<textcolor>ff222222</textcolor>
			<visible>Control.IsVisible(102)</visible>
			<animation effect="fade" time="250">visiblechange</animation>
			<animation effect="fade" time="250">WindowClose</animation>
		</control>
		<control>
			<type>fadelabel</type>
			<id>0</id>
			<posX>170</posX>
			<posY>640</posY>
			<width>562</width>
			<label>#SubCentral.Search.Source.Name</label>
			<font>font12</font>
			<visible>Control.IsVisible(102)</visible>
			<animation effect="fade" time="250">visiblechange</animation>
			<animation effect="fade" time="250">WindowClose</animation>
		</control>
		<control>
			<type>fadelabel</type>
			<id>0</id>
			<posX>34</posX>
			<posY>673</posY>
			<width>168</width>
			<label>#SubCentral.Translation.SearchType.Label</label>
			<font>font11</font>
			<textcolor>ff222222</textcolor>
			<visible>Control.IsVisible(102)+!String.Equals(#SubCentral.Search.SearchType.Type,NONE)</visible>
			<animation effect="fade" time="250">visiblechange</animation>
			<animation effect="fade" time="250">WindowClose</animation>
		</control>
		<control>
			<type>fadelabel</type>
			<id>0</id>
			<posX>32</posX>
			<posY>671</posY>
			<width>168</width>
			<label>#SubCentral.Translation.SearchType.Label</label>
			<font>font11</font>
			<textcolor>ffa9d0f7</textcolor>
			<visible>Control.IsVisible(102)+!String.Equals(#SubCentral.Search.SearchType.Type,NONE)</visible>
			<animation effect="fade" time="250">visiblechange</animation>
			<animation effect="fade" time="250">WindowClose</animation>
		</control>

		<control>
			<type>fadelabel</type>
			<id>0</id>
			<posX>172</posX>
			<posY>672</posY>
			<width>562</width>
			<label>#SubCentral.Search.SearchType.NiceType</label>
			<font>font12</font>
			<textcolor>ff222222</textcolor>
			<visible>Control.IsVisible(102)+!String.Equals(#SubCentral.Search.SearchType.Type,NONE)</visible>
			<animation effect="fade" time="250">visiblechange</animation>
			<animation effect="fade" time="250">WindowClose</animation>
		</control>
		<control>
			<type>fadelabel</type>
			<id>0</id>
			<posX>170</posX>
			<posY>670</posY>
			<width>562</width>
			<label>#SubCentral.Search.SearchType.NiceType</label>
			<font>font12</font>
			<visible>Control.IsVisible(102)+!String.Equals(#SubCentral.Search.SearchType.Type,NONE)</visible>
			<animation effect="fade" time="250">visiblechange</animation>
			<animation effect="fade" time="250">WindowClose</animation>
		</control>
-->
		<control>
			<type>label</type>
			<description>Number of Files Label</description>
			<id>0</id>
			<width>250</width>
			<posX>766</posX>
			<posY>268</posY>
			<label>Title</label>
			<font>fontB16</font>
			<textcolor>6aa5cb</textcolor>
			<visible>Control.IsVisible(102)</visible>
		<animation effect="fade" start="0" end="100" time="300" delay="350">WindowOpen</animation>
		<animation effect="fade" start="100" end="0" time="0" delay="0">WindowClose</animation>
		</control>
		
		<control>
			<type>label</type>
			<description>Number of Files Label</description>
			<id>0</id>
			<width>250</width>
			<posX>766</posX>
			<posY>320</posY>
			<label>File</label>
			<font>fontB14</font>
			<textcolor>6aa5cb</textcolor>
			<visible>Control.IsVisible(102)</visible>
		<animation effect="fade" start="0" end="100" time="300" delay="350">WindowOpen</animation>
		<animation effect="fade" start="100" end="0" time="0" delay="0">WindowClose</animation>
		</control>

		<control>
			<type>fadelabel</type>
			<id>0</id>
			<posX>172</posX>
			<posY>568</posY>
			<width>562</width>
			<label>#SubCentral.Search.SearchType.Text</label>
			<font>font12</font>
			<textcolor>ff222222</textcolor>
			<visible>Control.IsVisible(102)+String.Equals(#SubCentral.Search.SearchType.Type,NONE)</visible>
		<animation effect="fade" start="0" end="100" time="300" delay="350">WindowOpen</animation>
		<animation effect="fade" start="100" end="0" time="0" delay="0">WindowClose</animation>
		</control>

		<control>
			<type>fadelabel</type>
			<id>0</id>
			<posX>307</posX>
			<posY>152</posY>
			<width>427</width>
			<label>#SubCentral.Search.Media.Title</label>
			<font>font14</font>
			<textcolor>ff222222</textcolor>
			<visible>Control.IsVisible(102)+String.Equals(#SubCentral.Search.SearchType.Type,NONE)</visible>
		<animation effect="fade" start="0" end="100" time="300" delay="350">WindowOpen</animation>
		<animation effect="fade" start="100" end="0" time="0" delay="0">WindowClose</animation>
		</control>

		<control>
			<type>fadelabel</type>
			<id>0</id>
			<posX>910</posX>
			<posY>268</posY>
			<width>427</width>
			<label>#SubCentral.Search.Media.TitleWithYear</label>
			<font>AvalonLight14</font>
			<textcolor>ffffff</textcolor>
			<visible>Control.IsVisible(102)+[String.Equals(#SubCentral.Search.SearchType.Type,MOVIE)|String.Equals(#SubCentral.Search.SearchType.Type,IMDb)]</visible>
		<animation effect="fade" start="0" end="100" time="300" delay="350">WindowOpen</animation>
		<animation effect="fade" start="100" end="0" time="0" delay="0">WindowClose</animation>
		</control>

		<control>
			<type>fadelabel</type>
			<id>0</id>
			<posX>910</posX>
			<posY>268</posY>
			<width>427</width>
			<label>#SubCentral.Search.Media.TitleWithSE</label>
			<font>AvalonLight14</font>
			<textcolor>ffffff</textcolor>
			<visible>Control.IsVisible(102)+String.Equals(#SubCentral.Search.SearchType.Type,TVSHOW)</visible>
		<animation effect="fade" start="0" end="100" time="300" delay="350">WindowOpen</animation>
		<animation effect="fade" start="100" end="0" time="0" delay="0">WindowClose</animation>
		</control>
<!--
		<control>
			<type>fadelabel</type>
			<id>0</id>
			<posX>307</posX>
			<posY>296</posY>
			<width>427</width>
			<label>#SubCentral.Search.Media.IMDb.ID.Text</label>
			<font>font14</font>
			<textcolor>ff222222</textcolor>
			<visible>Control.IsVisible(102)+String.Equals(#SubCentral.Search.SearchType.Type,IMDb)</visible>
		<animation effect="fade" start="0" end="100" time="300" delay="350">WindowOpen</animation>
		<animation effect="fade" start="100" end="0" time="0" delay="0">WindowClose</animation>
		</control>
-->
		<control>
			<description>Media Files</description>
			<type>textboxscrollup</type>
			<id>0</id>
			<posX>910</posX>
			<posY>320</posY>
			<width>785</width>
			<height>134</height>
			<font>AvalonLight12</font>
			<textcolor>ffffff</textcolor>
			<label>#SubCentral.Search.Files.AllNames</label>
			<seperator>----------------------------------------------------------------------------------------------------</seperator>
			<visible>Control.IsVisible(102)</visible>
		<animation effect="fade" start="0" end="100" time="300" delay="350">WindowOpen</animation>
		<animation effect="fade" start="100" end="0" time="0" delay="0">WindowClose</animation>
		</control>
<!--
		<control>
			<description>Media tags key</description>
			<type>fadelabel</type>
			<id>0</id>
			<posX>910</posX>
			<posY>538</posY>
			<font>font11</font>
			<width>750</width>
			<textcolor>ffa9d0f7</textcolor>
			<label>#SubCentral.Translation.MediaTags.Label</label>
			<visible>!string.contains(#SubCentral.Search.Files.Tags,SubCentral.Search.Files.Tags)+!string.equals(#SubCentral.Search.Files.Tags,)+!string.equals(#SubCentral.Search.Files.Tags, )+!string.equals(#SubCentral.Search.Files.Tags,  )+Control.IsVisible(102)</visible>
		<animation effect="fade" start="0" end="100" time="300" delay="350">WindowOpen</animation>
		<animation effect="fade" start="100" end="0" time="0" delay="0">WindowClose</animation>
		</control>

		<control>
			<description>Media tags</description>
			<type>fadelabel</type>
			<id>0</id>
			<posX>910</posX>
			<posY>563</posY>
			<font>font11</font>
			<width>750</width>
			<label>#SubCentral.Search.Files.Tags</label>
			<visible>!string.contains(#SubCentral.Search.Files.Tags,SubCentral.Search.Files.Tags)+!string.equals(#SubCentral.Search.Files.Tags,)+!string.equals(#SubCentral.Search.Files.Tags, )+!string.equals(#SubCentral.Search.Files.Tags,  )+Control.IsVisible(102)</visible>
		<animation effect="fade" start="0" end="100" time="300" delay="350">WindowOpen</animation>
		<animation effect="fade" start="100" end="0" time="0" delay="0">WindowClose</animation>
		</control>
-->
	</controls>
</window>
