﻿<?xml version="1.0" encoding="utf-8" standalone="yes"?>
<window>
	<id>87259</id>
	<defaultcontrol>50</defaultcontrol>
	<allowoverlay>no</allowoverlay>
	<define>#Fanart.1:#Trakt.Calendar.Fanart.1</define>
	<define>#Fanart.2:#Trakt.Calendar.Fanart.2</define>
	<controls>
    <control>
      <description>DEFAULT BACKGROUND</description>
      <type>image</type>
      <id>0</id>
      <posX>0</posX>
      <posY>0</posY>
      <width>1920</width>
      <height>1080</height>
      <texture>background.png</texture>
      <shouldCache>true</shouldCache>
    </control>
 
		<import>Trakt.Common.Fanart.xml</import>
        
    <!--            :: BACKGROUNDS ::           	 -->
	<control>
		<description>background listview</description>
		<type>image</type>
		<id>1</id>
		<posX>0</posX>
        <posY>0</posY>
		<width>1920</width>
		<height>1080</height>
		<texture>overlay.png</texture>
		<visible>[facadeview.list] + Control.IsVisible(50)</visible>
	</control>
	
	
	<control>
		<description>background listview</description>
		<type>image</type>
		<id>0</id>
		<posX>1</posX>
		<posY>92</posY>
		<width>1893</width>
		<height>646</height>
		<texture>viewport_small.png</texture>
		<visible>facadeview.list + Control.IsVisible(50)</visible>
		<animation effect="fade" time="250">WindowOpen</animation>
		<animation effect="fade" time="250">WindowClose</animation>
		<animation effect="slide" time="250" start="-1890,0">WindowOpen</animation>
		<animation effect="slide" time="250" end="-1890,0">WindowClose</animation>
	</control>
                
	<!--            :: LIST / THUMBVIEW ::            -->
	
	<control>
		<description>Selected item Label</description>
		<type>fadelabel</type>
		<id>1</id>
		<posX>714</posX>
		<posY>810</posY>
		<width>810</width>
		<label>#Trakt.Show.Title</label>
		<font>fontB16</font>
		<visible>[facadeview.list]+control.isvisible(50)</visible>
		<animation effect="fade" start="0" end="100" time="300" delay="350">WindowOpen</animation>
		<animation effect="fade" start="100" end="0" time="0" delay="0">WindowClose</animation>
		<animation effect="fade" start="0" end="100" time="300" delay="350" reversible="false">visible</animation>
	</control>
	
	<control>
		<description>Big Episode Thumb</description>
		<animation effect="fade" start="0" end="100" time="300" delay="350">WindowOpen</animation>
		<animation effect="fade" start="100" end="0" time="0" delay="0">WindowClose</animation>
		<animation effect="fade" start="0" end="100" time="300" delay="350" reversible="false">visible</animation>
		<type>image</type>
		<id>67</id>
		<posX>254</posX>
		<posY>810</posY>
		<width>382</width>
		<height>215</height>
		<texture flipY="true" mask="tvseries_thumb_mask.png">#selectedthumb</texture>
		<visible>facadeview.list)</visible>
	</control>
    
	<control>
		<description>Episode Thumb Shadow</description>
		<animation effect="fade" start="0" end="100" time="300" delay="350">WindowOpen</animation>
		<animation effect="fade" start="100" end="0" time="0" delay="0">WindowClose</animation>
		<animation effect="fade" start="0" end="100" time="300" delay="350" reversible="false">visible</animation>
		<type>image</type>
		<id>0</id>
		<posX>245</posX>
		<posY>801</posY>
		<width>399</width>
		<height>233</height>
		<texture>tvseries_thumb_shadow.png</texture>
		<visible>facadeview.list</visible>
	</control>
    
    <import>common.time.xml</import>
    
		<control>
			<description>Page Title</description>
			<type>label</type>
			<id>1</id>
            <posX>185</posX>
            <posY>38</posY>
            <width>600</width>
            <textcolor>6aa5cb</textcolor>
            <font>font22</font>
			<label>#Trakt.Translation.Calendar.Label</label>
			<visible>facadeview.list</visible>
		</control>

    	<control>
    		<description>RSS background</description>
    		<type>image</type>
    		<id>0</id>
    		<posX>0</posX>
    		<posY>680</posY>
    		<width>1865</width>
    		<height>96</height>
    		<texture>basichome_rss_bg.png</texture>
    		<visible>[facadeview.list] + control.isvisible(50)</visible>
    		<animation effect="fade" start="0" end="100" time="300" delay="350">WindowOpen</animation>
    		<animation effect="fade" start="100" end="0" time="0" delay="0">WindowClose</animation>
    	</control> 

	<!--            :: Count ::            -->
	
    <control>
      <animation effect="fade" start="0" end="100" time="300" delay="350">WindowOpen</animation>
      <animation effect="fade" start="100" end="0" time="0" delay="0">WindowClose</animation>
      <animation effect="fade" start="0" end="100" time="300" delay="350" reversible="false">visible</animation>
      <description>Moviecount</description>
      <type>label</type>
      <label>#Trakt.Translation.Calendar.Label: #itemcount  |  #(iif(eq(#Trakt.Calendar.Type,'MyShows'),'#Trakt.Translation.CalendarMyShows.Label','#Trakt.Translation.CalendarPremieres.Label'))</label>
      <id>0</id>
      <posX>1190</posX>
      <posY>725</posY>
      <align>left</align>
      <font>AvalonLight12</font>
      <textcolor>6aa5cb</textcolor>
	  <visible>[facadeview.list] + control.isvisible(50)</visible>
    </control>
		<control>
			<description>group element</description>
			<type>group</type>
    		<animation effect="fade" start="0" end="100" time="300" delay="350">WindowOpen</animation>
    		<animation effect="fade" start="100" end="0" time="0" delay="0">WindowClose</animation>
			<control>
				<type>facadeview</type>
				<id>50</id>
        		<control>
        			<description>Movie List</description>
        			<type>listcontrol</type>
        			<id>50</id>
        			<onleft>2</onleft>
        			<onright>2</onright>
        			<scrollOffset>1</scrollOffset>
        			<posX>1166</posX>
        			<posY>164</posY>
        			<height>550</height>
        			<width>684</width>
        			<textXOff>50</textXOff>
        			<textXOff2>650</textXOff2>
                    <textcolor3>ff85cfff</textcolor3>
        			<textureHeight>55</textureHeight>
        			<textureFocus>listcontrol_item_selected_small.png</textureFocus>
        			<textureNoFocus>-</textureNoFocus>
        			<dimColor>ffffffff</dimColor>
                    <spinPosX>1832</spinPosX>
                    <spinPosY>730</spinPosY>
        		</control>
		</control>
	<!--            :: HIDDEN MENU ::            -->
	
	
	<control>
		<type>actiongroup</type>
		<description>action menu</description>
		<defaultcontrol>2</defaultcontrol>
		<onexit>50</onexit>
		<dimColor>00ffffff</dimColor>
		<buttonX>0</buttonX>
		<buttonY>0</buttonY>
		<buttonwidth>521</buttonwidth>
		<buttonheight>1080</buttonheight>
		
		<control>
			<type>image</type>
			<id>0</id>
			<width>1920</width>
			<height>1080</height>
			<texture>semi_trans_back_hidden_menu.png</texture>
			<visible>!Control.HasFocus(50)</visible>
			<animation effect="fade" time="450">visible</animation>
			<animation effect="fade" time="400">hidden</animation>
		</control>
	
	<control>
		<type>group</type>
		<animation effect="fade" time="250">WindowOpen</animation>
		<animation effect="fade" time="0">WindowClose</animation>
		<animation effect="slide" start="-150,0" end="0,0" tween="quadratic" easing="in" time="200" delay="0">visible</animation>
		<animation effect="fade" time="250">visible</animation>
		<animation effect="fade" time="0">hidden</animation>
		<visible>!Control.HasFocus(50)</visible>
		<control>
			<type>image</type>
			<id>0</id>
			<posY>15</posY>
			<posX>0</posX>
			<width>631</width>
			<height>1044</height>
			<texture>menu_bg.png</texture>
		</control>
	
		<control>
			<description>Heading text label</description>
			<type>label</type>
			<id>1</id>
			<posX>136</posX>
			<posY>128</posY>
			<label>924</label>
			<font>font22</font>
			<textcolor>ffffff</textcolor>
		</control>
					<control>
						<description>Change Layout</description>
						<type>button</type>
						<id>2</id>
        				<posX>69</posX>
        				<posY>215</posY>
        				<width>497</width>
        				<height>70</height>
        				<textXOff>66</textXOff>
        				<textYOff>17</textYOff>
        				<textureFocus>hiddenmenu_item_selected.png</textureFocus>
        				<textureNoFocus>-</textureNoFocus>
						<label>-</label>
						<onup>21</onup>
						<onright>50</onright>
					</control>
					<control>
						<description>MovingPictures</description>
						<id>66610</id>
						<type>button</type>
        				<posX>69</posX>
         				<posY>285</posY>
        				<width>497</width>
        				<height>70</height>
        				<textXOff>66</textXOff>
        				<textYOff>17</textYOff>
        				<textureFocus>hiddenmenu_item_selected.png</textureFocus>
        				<textureNoFocus>-</textureNoFocus>
						<label>Moving Pictures</label>
						<hyperlink>96742</hyperlink>
						<onright>50</onright>
					</control>
					<control>
						<description>My Videos</description>
						<type>button</type>
						<id>66611</id>
        				<posX>69</posX>
        				<posY>355</posY>
        				<width>497</width>
        				<height>70</height>
        				<textXOff>66</textXOff>
        				<textYOff>17</textYOff>
        				<textureFocus>hiddenmenu_item_selected.png</textureFocus>
        				<textureNoFocus>-</textureNoFocus>
						<label>100006</label>
						<onright>50</onright>
						<hyperlink>6</hyperlink>
						<ondown>66612</ondown>
					</control>
					<control>
						<description>MP-TVSeries</description>
						<type>button</type>
						<id>66612</id>
        				<posX>69</posX>
				        <posY>425</posY>
        				<width>497</width>
        				<height>70</height>
        				<textXOff>66</textXOff>
        				<textYOff>17</textYOff>
        				<textureFocus>hiddenmenu_item_selected.png</textureFocus>
        				<textureNoFocus>-</textureNoFocus>
						<label>MP-TVSeries</label>
						<hyperlink>9811</hyperlink>
						<ondown>2</ondown>
						<onright>50</onright>
					</control>
				</control>
        </control>
    </control>
    
		<control>
			<description>Network</description>
			<type>fadelabel</type>
			<label>#Trakt.Translation.Network.Label</label>
			<id>0</id>
    		<posX>714</posX>
    		<posY>952</posY>
    		<width>240</width>
    		<align>left</align>
    		<font>AvalonLight12</font>
    		<textcolor>6aa5cb</textcolor>
			<visible>!string.equals(#Trakt.Show.Network,)+[facadeview.list | facadeview.smallicons | facadeview.largeicons | facadeview.filmstrip | facadeview.coverflow]</visible>
    		<animation effect="fade" start="0" end="100" time="300" delay="350">WindowOpen</animation>
    		<animation effect="fade" start="100" end="0" time="0" delay="0">WindowClose</animation>
    		<animation effect="fade" start="0" end="100" time="300" delay="350" reversible="false">visible</animation>
		</control>
		<control>
			<description>Network</description>
			<id>0</id>
			<type>fadelabel</type>
			<label>#Trakt.Show.Network | #Trakt.Show.AirDay | #Trakt.Show.AirTime</label>
    		<posX>882</posX>
    		<posY>952</posY>
    		<width>240</width>
    		<align>left</align>
    		<font>AvalonLight12</font>
    		<textcolor>ffffff</textcolor>
			<visible>!string.equals(#Trakt.Show.Network,)+[facadeview.list | facadeview.smallicons | facadeview.largeicons | facadeview.filmstrip | facadeview.coverflow]</visible>
    		<animation effect="fade" start="0" end="100" time="300" delay="350">WindowOpen</animation>
    		<animation effect="fade" start="100" end="0" time="0" delay="0">WindowClose</animation>
    		<animation effect="fade" start="0" end="100" time="300" delay="350" reversible="false">visible</animation>
		</control>
		<control>
			<description>Certification Label</description>
			<id>0</id>
			<type>label</type>
			<label>#Trakt.Translation.Certification.Label</label>
    		<posX>714</posX>
    		<posY>990</posY>
    		<width>240</width>
    		<align>left</align>
    		<font>AvalonLight12</font>
    		<textcolor>6aa5cb</textcolor>
			<visible>!string.equals(#Trakt.Show.Certification,)+[facadeview.list | facadeview.smallicons | facadeview.largeicons | facadeview.filmstrip | facadeview.coverflow]</visible>
    		<animation effect="fade" start="0" end="100" time="300" delay="350">WindowOpen</animation>
    		<animation effect="fade" start="100" end="0" time="0" delay="0">WindowClose</animation>
    		<animation effect="fade" start="0" end="100" time="300" delay="350" reversible="false">visible</animation>
		</control>
		<control>
			<description>Certification</description>
			<id>0</id>
			<type>label</type>
			<label>#Trakt.Show.Certification</label>
    		<posX>882</posX>
    		<posY>990</posY>
    		<width>240</width>
    		<align>left</align>
    		<font>AvalonLight12</font>
    		<textcolor>ffffff</textcolor>
			<visible>!string.equals(#Trakt.Show.Certification,)+[facadeview.list | facadeview.smallicons | facadeview.largeicons | facadeview.filmstrip | facadeview.coverflow]</visible>
    		<animation effect="fade" start="0" end="100" time="300" delay="350">WindowOpen</animation>
    		<animation effect="fade" start="100" end="0" time="0" delay="0">WindowClose</animation>
    		<animation effect="fade" start="0" end="100" time="300" delay="350" reversible="false">visible</animation>
		</control>
		<control>
			<description>Title Label</description>
			<id>0</id>
			<type>label</type>
			<label>#Trakt.Translation.Title.Label</label>
    		<posX>714</posX>
    		<posY>912</posY>
    		<width>240</width>
    		<align>left</align>
    		<font>AvalonLight12</font>
    		<textcolor>6aa5cb</textcolor>
			<visible>!string.equals(#Trakt.Episode.Title,)+facadeview.list</visible>
    		<animation effect="fade" start="0" end="100" time="300" delay="350">WindowOpen</animation>
    		<animation effect="fade" start="100" end="0" time="0" delay="0">WindowClose</animation>
    		<animation effect="fade" start="0" end="100" time="300" delay="350" reversible="false">visible</animation>
		</control>
		<control>
			<description>Title</description>
			<id>0</id>
			<type>label</type>
			<label>#Trakt.Episode.Title</label>
    		<posX>882</posX>
    		<posY>912</posY>
    		<width>240</width>
    		<align>left</align>
    		<font>AvalonLight12</font>
    		<textcolor>ffffff</textcolor>
			<visible>!string.equals(#Trakt.Episode.Title,)+facadeview.list</visible>
    		<animation effect="fade" start="0" end="100" time="300" delay="350">WindowOpen</animation>
    		<animation effect="fade" start="100" end="0" time="0" delay="0">WindowClose</animation>
    		<animation effect="fade" start="0" end="100" time="300" delay="350" reversible="false">visible</animation>
		</control>
		<control>
			<description>Released Label</description>
			<type>fadelabel</type>
			<label>#Trakt.Translation.Episode.Label</label>
    		<posX>714</posX>
    		<posY>872</posY>
    		<width>150</width>
    		<align>left</align>
    		<font>AvalonLight12</font>
    		<textcolor>6aa5cb</textcolor>
			<visible>!string.equals(#Trakt.Episode.Season,)+facadeview.list</visible>
    		<animation effect="fade" start="0" end="100" time="300" delay="350">WindowOpen</animation>
    		<animation effect="fade" start="100" end="0" time="0" delay="0">WindowClose</animation>
    		<animation effect="fade" start="0" end="100" time="300" delay="350" reversible="false">visible</animation>
		</control>
		<control>
			<description>Released</description>
			<id>0</id>
			<type>label</type>
			<label>#Trakt.Episode.Seasonx#Trakt.Episode.Number</label>
    		<posX>882</posX>
    		<posY>872</posY>
    		<width>240</width>
    		<align>left</align>
    		<font>AvalonLight12</font>
    		<textcolor>ffffff</textcolor>
			<visible>!string.equals(#Trakt.Episode.Season,)+facadeview.list</visible>
    		<animation effect="fade" start="0" end="100" time="300" delay="350">WindowOpen</animation>
    		<animation effect="fade" start="100" end="0" time="0" delay="0">WindowClose</animation>
    		<animation effect="fade" start="0" end="100" time="300" delay="350" reversible="false">visible</animation>
		</control>
		<control>
			<description>Summary</description>
			<type>textboxscrollup</type>
			<id>0</id>
		    <posX>1175</posX>
		    <posY>872</posY>
		    <width>725</width>
	       	<height>150</height>
			<seperator>-----------------------------------------------------------------------------------</seperator>
			<label>#Trakt.Episode.Overview</label>
			<visible>facadeview.list</visible>
    		<animation effect="fade" start="0" end="100" time="300" delay="350">WindowOpen</animation>
    		<animation effect="fade" start="100" end="0" time="0" delay="0">WindowClose</animation>
    		<animation effect="fade" start="0" end="100" time="300" delay="350" reversible="false">visible</animation>
		</control>
		<import>common.overlay.xml</import>
	</controls>
</window>