<?xml version="1.0" encoding="utf-8" standalone="yes"?>
<window>
	<id>87272</id>
	<defaultcontrol>2</defaultcontrol>
	<allowoverlay>no</allowoverlay>
	<define>#header.label:#Trakt.Translation.AccountSetup.Label</define>
	<define>#defaultcontrol:2</define>
	<define>#defaultcontrol.onright:9996</define>
	<controls>
		<import>Trakt.Common.xml</import>
        <import>common.time.xml</import>
	<control>
		<description>buttons</description>
		<type>group</type>
		<animation effect="fade" start="0" end="100" time="300" delay="350">WindowOpen</animation>
		<animation effect="fade" start="100" end="0" time="0" delay="0">WindowClose</animation>
		<posX>736</posX>
		<posY>254</posY>
		<layout>StackLayout</layout>
      <control Style="SettingsButtonLarge">
			<type>button</type>
			<description>Create New Account</description>
			<id>2</id>
			<label>#Trakt.Translation.CreateNewAccount.Label</label>
			<onup>17</onup>
			<onright>#defaultcontrol.onright</onright>
			<visible>!string.equals(#Trakt.Settings.Account.Dialog.Visible,true)</visible>
		</control>
      <control Style="SettingsButtonLarge">
			<description>Login to Existing Account</description>
			<type>button</type>
			<id>3</id>
			<label>#Trakt.Translation.LoginExistingAccount.Label</label>
			<onright>#defaultcontrol.onright</onright>
			<visible>!string.equals(#Trakt.Settings.Account.Dialog.Visible,true)</visible>
		</control>
      <control Style="SettingsButtonLarge">
			<description>Disconnect Current Account</description>
			<type>button</type>
			<id>4</id>
			<label></label>
			<onright>#defaultcontrol.onright</onright>
			<visible>!string.equals(#Trakt.Settings.Account.Dialog.Visible,true)</visible>
		</control>
 </control>
		<import>common.overlay.xml</import>
		<import>Trakt.AccountDialog.xml</import>
	</controls>
</window>