<?xml version="1.0" encoding="utf-8" standalone="yes"?>
<window>
	<id>87274</id>
	<defaultcontrol>2</defaultcontrol>
	<allowoverlay>no</allowoverlay>
	<define>#header.label:#Trakt.Translation.GeneralSettings.Label</define>
	<define>#defaultcontrol:2</define>
	<define>#defaultcontrol.onright:9996</define>
	<controls>
		<import>Trakt.Common.xml</import>
        <import>common.time.xml</import>
	<control>
		<description>buttons</description>
		<type>group</type>
		<animation effect="fade" start="0" end="100" time="300" delay="350">WindowOpen</animation>
		<animation effect="fade" start="100" end="0" time="0" delay="0">WindowClose</animation>
		<posX>736</posX>
		<posY>254</posY>
			<layout>StackLayout(0, Vertical, true)</layout>
			<control Style="SettingsToggleLarge">
				<description>Download Fanart</description>
				<type>togglebutton</type>
				<id>2</id>
				<label>#Trakt.Translation.DownloadFanart.Label</label>				
				<onleft>#defaultcontrol.onright</onleft>
				<onup>17</onup>
                <onup>6</onup>
			</control>
			<control Style="SettingsToggleLarge">
				<description>Download Original Size Fanart</description>
				<type>togglebutton</type>
				<id>4</id>
				<label>#Trakt.Translation.DownloadFullSizeFanart.Label</label>
				<onleft>#defaultcontrol.onright</onleft>
    		</control>
			<control Style="SettingsToggleLarge">
				<description>Create Moving Pictures Categories</description>
				<type>togglebutton</type>
				<id>5</id>
				<label>#Trakt.Translation.CreateMovingPicturesCategories.Label</label>
				<onleft>#defaultcontrol.onright</onleft>
    		</control>
			<control Style="SettingsToggleLarge">
				<description>Create Moving Pictures Filters</description>
				<type>togglebutton</type>
				<id>6</id>
				<label>#Trakt.Translation.CreateMovingPicturesFilters.Label</label>
				<onleft>#defaultcontrol.onright</onleft>
                <ondown>2</ondown>
    		</control>
		</control>
		<import>common.overlay.xml</import>
	</controls>
</window>