﻿<?xml version="1.0" encoding="utf-8" standalone="yes"?>
<window>
	<id>87264</id>
	<defaultcontrol>2</defaultcontrol>
	<allowoverlay>no</allowoverlay>
	<define>#header.label:#Trakt.Translation.Trending.Label</define>
	<controls>
        <import>Trakt.Common.Background.xml</import>
        <import>common.time.xml</import>
        
	<control>
		<type>label</type>
		<description>Header label</description>
		<id>121</id>
		<posX>185</posX>
		<posY>38</posY>
		<width>500</width>
		<label>#header.label</label>
		<textcolor>6aa5cb</textcolor>
		<font>font22</font>
        <animation effect="fade" time="250">WindowOpen</animation>
        <animation effect="fade" time="250">WindowClose</animation>
	</control>
        
 	<control>
		<description>buttons</description>
		<type>group</type>
    	<posX>1166</posX>
    	<posY>153</posY>
		<layout>StackLayout</layout>
		<control>
			<type>button</type>
			<description>Trending Movies</description>
			<id>2</id>
			<label>#Trakt.Translation.TrendingMovies.Label</label>
			<hyperlink>87266</hyperlink>
            <textXOff>50</textXOff>
            <textYOff>10</textYOff>
        	<height>55</height>
	        <width>684</width>
        	<textureFocus>listcontrol_item_selected_small.png</textureFocus>
        	<textureNoFocus>-</textureNoFocus>
            <onleft>2</onleft>
            <onright>2</onright>
            <onup>3</onup>
		</control>
		<control>
			<description>Trending Shows</description>
			<type>button</type>
			<id>3</id>
			<label>#Trakt.Translation.TrendingShows.Label</label>
			<hyperlink>87265</hyperlink>
            <textXOff>50</textXOff>
            <textYOff>10</textYOff>
        	<height>55</height>
	        <width>684</width>
        	<textureFocus>listcontrol_item_selected_small.png</textureFocus>
        	<textureNoFocus>-</textureNoFocus>
            <onleft>3</onleft>
            <onright>3</onright>
            <ondown>2</ondown>
		</control>
  </control>
		<import>common.overlay.xml</import>
	</controls>
</window>