<?xml version="1.0" encoding="utf-8" standalone="yes"?>
<window>
	<controls>
    
        <control>
          <description>dummy backdrop control 1</description>
          <type>image</type>
          <id>60</id>
          <posX>-5</posX>
          <posY>0</posY>
          <width>1</width>
          <height>1</height>
        </control>
        <control>
          <description>dummy backdrop control 2</description>
          <type>image</type>
          <id>61</id>
          <posX>-5</posX>
          <posY>0</posY>
          <width>1</width>
          <height>1</height>
        </control>
        <control>
          <description>Fanart Background #1</description>
          <type>image</type>
          <id>0</id>
          <posY>0</posY>
          <posX>0</posX>
          <width>1920</width>
          <height>1080</height>
          <texture>#Fanart.1</texture>
          <animation effect="fade" time="300">visible</animation>
          <animation effect="fade" time="300" delay="300">hidden</animation>
          <animation effect="fade" time="0">WindowClose</animation>
          <animation effect="fade" start="0" end="100" time="300" delay="350">WindowOpen</animation>
          <visible>[facadeview.filmstrip|facadeview.coverflow]+control.isvisible(60)</visible>
        </control>
        <control>
          <description>Fanart Background #2</description>
          <type>image</type>
          <id>0</id>
          <posY>0</posY>
          <posX>0</posX>
          <width>1920</width>
          <height>1080</height>
          <texture>#Fanart.2</texture>
          <animation effect="fade" time="300">visible</animation>
          <animation effect="fade" time="300" delay="300">hidden</animation>
          <animation effect="fade" time="0">WindowClose</animation>
          <animation effect="fade" start="0" end="100" time="300" delay="350">WindowOpen</animation>
          <visible>[facadeview.filmstrip|facadeview.coverflow]+control.isvisible(61)</visible>
        </control>
        <control>
          <description>Fanart Background #1</description>
          <type>image</type>
          <id>0</id>
          <posX>0</posX>
          <posY>120</posY>
          <width>1312</width>
          <height>739</height>
          <texture>#Fanart.1</texture>
          <animation effect="fade" time="300">visible</animation>
          <animation effect="fade" time="200" delay="0">hidden</animation>
          <animation effect="fade" time="0">WindowClose</animation>
          <animation effect="fade" start="0" end="100" time="300" delay="350">WindowOpen</animation>
          <visible>[!facadeview.filmstrip+!facadeview.coverflow]+control.isvisible(60)</visible>
        </control>
        <control>
          <description>Fanart Background #2</description>
          <type>image</type>
          <id>0</id>
          <posX>0</posX>
          <posY>120</posY>
          <width>1312</width>
          <height>739</height>
          <texture>#Fanart.2</texture>
          <animation effect="fade" time="300">visible</animation>
          <animation effect="fade" time="200" delay="0">hidden</animation>
          <animation effect="fade" time="0">WindowClose</animation>
          <animation effect="fade" start="0" end="100" time="300" delay="350">WindowOpen</animation>
          <visible>[!facadeview.filmstrip+!facadeview.coverflow]+control.isvisible(61)</visible>
        </control>
	</controls>
</window>