<?xml version="1.0" encoding="utf-8" standalone="yes"?>
<window>
	<id>87273</id>
	<defaultcontrol>2</defaultcontrol>
	<allowoverlay>no</allowoverlay>
	<define>#header.label:#Trakt.Translation.Plugins.Label</define>
	<define>#defaultcontrol:2</define>
	<define>#defaultcontrol.onright:9996</define>
	<controls>
		<import>Trakt.Common.xml</import>
        <import>common.time.xml</import>
		<control>
			<type>group</type>
			<description>group element</description>
    		<posX>736</posX>
    		<posY>218</posY>
			<layout>StackLayout(0, Vertical, true)</layout>
			
			<control Style="SettingsToggleLarge">
				<description>MP-TVSeries</description>
				<type>togglebutton</type>
				<id>2</id>
				<label>MP-TVSeries</label>
				<onright>2</onright>
				<onleft>#defaultcontrol.onright</onleft>
				<onup>9</onup>
			</control>
			
			<control Style="SettingsToggleLarge">
				<description>MovingPictures</description>
				<type>togglebutton</type>
				<id>3</id>
				<label>MovingPictures</label>
				<onleft>3</onleft>
				<onleft>#defaultcontrol.onright</onleft>
			</control>
			
			<control Style="SettingsToggleLarge">
				<description>My Videos</description>
				<type>togglebutton</type>
				<id>4</id>
				<label>My Videos</label>
				<onleft>4</onleft>
				<onleft>#defaultcontrol.onright</onleft>
			</control>
			
			<control Style="SettingsToggleLarge">
				<description>My Films</description>
				<type>togglebutton</type>
				<id>5</id>
				<label>My Films</label>
				<onleft>5</onleft>
				<onleft>#defaultcontrol.onright</onleft>
				<ondown>6</ondown>
			</control>
			
			<control Style="SettingsToggleLarge">
				<description>Online Videos</description>
				<type>togglebutton</type>
				<id>6</id>
				<label>Online Videos</label>
				<onleft>6</onleft>
				<onleft>#defaultcontrol.onright</onleft>
				<ondown>7</ondown>
			</control>
			
			<control Style="SettingsToggleLarge">
				<description>My Anime</description>
				<type>togglebutton</type>
				<id>7</id>
				<label>My Anime</label>
				<onleft>7</onleft>
				<onleft>#defaultcontrol.onright</onleft>
				<ondown>8</ondown>
			</control>
			
			<control Style="SettingsToggleLarge">
				<description>My TV Recordings</description>
				<type>togglebutton</type>
				<id>8</id>
				<label>My TV Recordings</label>
				<onleft>8</onleft>
				<onleft>#defaultcontrol.onright</onleft>
				<ondown>9</ondown>
			</control>
			
			<control Style="SettingsToggleLarge">
				<description>4TR TV Recordings</description>
				<type>togglebutton</type>
				<id>9</id>
				<label>4TR TV Recordings</label>
				<onleft>9</onleft>
				<onleft>#defaultcontrol.onright</onleft>
				<ondown>2</ondown>
			</control>			
		</control>
		
		<import>common.overlay.xml</import>
		
	</controls>
</window>