﻿<?xml version="1.0" encoding="utf-8" standalone="yes"?>
<window>
	<id>87267</id>
	<defaultcontrol>2</defaultcontrol>
	<allowoverlay>no</allowoverlay>
	<define>#header.label:#Trakt.Translation.WatchList.Label</define>
	<controls>
        <import>Trakt.Common.Background.xml</import>
        <import>common.time.xml</import>
        
	<control>
		<type>label</type>
		<description>Header label</description>
		<id>121</id>
		<posX>185</posX>
		<posY>38</posY>
		<width>500</width>
		<label>#header.label</label>
		<textcolor>6aa5cb</textcolor>
		<font>font22</font>
        <animation effect="fade" time="250">WindowOpen</animation>
        <animation effect="fade" time="250">WindowClose</animation>
	</control>
        
	<control>
		<description>buttons</description>
		<type>group</type>
    	<animation effect="fade" start="0" end="100" time="300" delay="350">WindowOpen</animation>
    	<animation effect="fade" start="100" end="0" time="0" delay="0">WindowClose</animation>
    	<posX>1166</posX>
    	<posY>153</posY>
		<layout>StackLayout</layout>
		<control>
			<type>button</type>
			<description>Watch List Movies</description>
			<id>2</id>
			<label>#Trakt.Translation.WatchListMovies.Label</label>
			<hyperlink>87270</hyperlink>
            <textXOff>50</textXOff>
            <textYOff>10</textYOff>
        	<height>55</height>
	        <width>684</width>
        	<textureFocus>listcontrol_item_selected_small.png</textureFocus>
        	<textureNoFocus>-</textureNoFocus>
            <onup>88884</onup>
		</control>
		<control>
			<description>Watch List Shows</description>
			<type>button</type>
			<id>88883</id>
			<label>#Trakt.Translation.WatchListShows.Label</label>
			<hyperlink>87268</hyperlink>
            <textXOff>50</textXOff>
            <textYOff>10</textYOff>
        	<height>55</height>
	        <width>684</width>
        	<textureFocus>listcontrol_item_selected_small.png</textureFocus>
        	<textureNoFocus>-</textureNoFocus>
		</control>
		<control>
			<description>Watch List Episodes</description>
			<type>button</type>
			<id>88884</id>
			<label>#Trakt.Translation.WatchListEpisodes.Label</label>
			<hyperlink>87269</hyperlink>
            <textXOff>50</textXOff>
            <textYOff>10</textYOff>
        	<height>55</height>
	        <width>684</width>
        	<textureFocus>listcontrol_item_selected_small.png</textureFocus>
        	<textureNoFocus>-</textureNoFocus>
            <ondown>2</ondown>
		</control>
 </control>
		<import>common.overlay.xml</import>
	</controls>
</window>