﻿<?xml version="1.0" encoding="utf-8" standalone="yes"?>
<window>
	<id>87261</id>
	<defaultcontrol>88882</defaultcontrol>
	<allowoverlay>no</allowoverlay>
	<define>#header.label:#Trakt.Translation.Recommendations.Label</define>
	<controls>
        <import>Trakt.Common.Background.xml</import>
        <import>common.time.xml</import>
        
	<control>
		<type>label</type>
		<description>Header label</description>
		<id>121</id>
		<posX>185</posX>
		<posY>38</posY>
		<width>500</width>
		<label>#header.label</label>
		<textcolor>6aa5cb</textcolor>
		<font>font22</font>
        <animation effect="fade" time="250">WindowOpen</animation>
        <animation effect="fade" time="250">WindowClose</animation>
	</control>
        
	<control>
		<description>buttons</description>
		<type>group</type>
    	<posX>1166</posX>
    	<posY>153</posY>
		<layout>StackLayout</layout>
		<control>
			<type>button</type>
			<description>Recommended Movies</description>
			<id>88882</id>
			<label>#Trakt.Translation.RecommendedMovies.Label</label>
			<hyperlink>87263</hyperlink>
            <textXOff>50</textXOff>
            <textYOff>10</textYOff>
        	<height>55</height>
	        <width>684</width>
        	<textureFocus>listcontrol_item_selected_small.png</textureFocus>
        	<textureNoFocus>-</textureNoFocus>
            <onleft>88882</onleft>
            <onright>88882</onright>
            <onup>88883</onup>
		</control>
		<control>
			<description>Recommended Shows</description>
			<type>button</type>
			<id>88883</id>
			<label>#Trakt.Translation.RecommendedShows.Label</label>
			<hyperlink>87262</hyperlink>
            <textXOff>50</textXOff>
            <textYOff>10</textYOff>
        	<height>55</height>
	        <width>684</width>
        	<textureFocus>listcontrol_item_selected_small.png</textureFocus>
        	<textureNoFocus>-</textureNoFocus>
             <onleft>88883</onleft>
            <onright>88883</onright>
            <ondown>88882</ondown>
		</control>
  </control>
		<import>common.overlay.xml</import>
	</controls>
</window>