<?xml version="1.0" encoding="utf-8" standalone="yes"?>
<window>
	<controls>
    
    <!--            :: BACKGROUNDS ::           	 -->
    
	<control>
		<description>BG</description>
		<type>image</type>
		<id>1</id>
		<width>1920</width>
		<height>1080</height>
	</control>
 
    <control>
        <description>default backdrop</description>
        <type>image</type>
        <id>0</id>
        <posX>0</posX>
        <posY>120</posY>
        <width>1312</width>
        <height>739</height>
        <texture>hover_trakt.png</texture>
        <shouldCache>true</shouldCache>
    </control>
 
    <control>
        <description>background listview</description>
        <type>image</type>
        <id>0</id>
        <posX>0</posX>
        <posY>0</posY>
        <width>1920</width>
        <height>1080</height>
        <texture>overlay_long.png</texture>
    </control>
    
    <control>
        <id>0</id>
        <type>image</type>
        <posX>1</posX>
        <posY>92</posY>
        <width>1893</width>
        <height>795</height>
        <texture>viewport_categories.png</texture>
    </control>
	</controls>
</window>