<?xml version="1.0" encoding="utf-8" standalone="yes"?>
<window>
  <id>87275</id>
  <defaultcontrol>50</defaultcontrol>
  <allowoverlay>yes</allowoverlay>
  <controls>
  
    <!--            :: BACKGROUNDS ::           	 -->

    <control>
      <description>DEFAULT BACKGROUND</description>
      <type>image</type>
      <id>0</id>
      <posX>0</posX>
      <posY>0</posY>
      <width>1920</width>
      <height>1080</height>
      <texture>background.png</texture>
      <shouldCache>true</shouldCache>
    </control>
 
     <control>
        <description>default backdrop</description>
        <type>image</type>
        <id>0</id>
        <posX>0</posX>
        <posY>120</posY>
        <width>1312</width>
        <height>739</height>
        <texture>hover_trakt.png</texture>
        <shouldCache>true</shouldCache>
        <animation effect="fade" time="300">visible</animation>
        <animation effect="fade" time="200" delay="0">hidden</animation>
        <animation effect="fade" time="0">WindowClose</animation>
        <animation effect="fade" start="0" end="100" time="300" delay="350">WindowOpen</animation>
    </control>
	
    <control>
		<description>background listview</description>
		<type>image</type>
		<id>1</id>
		<posX>0</posX>
        <posY>0</posY>
		<width>1920</width>
		<height>1080</height>
		<texture>overlay.png</texture>
	</control>
	
	<control>
		<description>background listview</description>
		<type>image</type>
		<id>0</id>
		<posX>1</posX>
		<posY>92</posY>
		<width>1893</width>
		<height>646</height>
		<texture>viewport_noposter_short.png</texture>
		<visible>facadeview.list + Control.IsVisible(50)</visible>
		<animation effect="fade" time="250">WindowOpen</animation>
		<animation effect="fade" time="250">WindowClose</animation>
		<animation effect="slide" time="250" start="-1890,0">WindowOpen</animation>
		<animation effect="slide" time="250" end="-1890,0">WindowClose</animation>
	</control>

    <import>common.time.xml</import>

    <control>
        <description>Current View</description>
        <type>fadelabel</type>
        <id>0</id>
        <posX>185</posX>
        <posY>38</posY>
        <width>600</width>
        <textcolor>6aa5cb</textcolor>
        <font>font22</font>
        <label>#Trakt.Translation.Lists.Label</label>
        <animation effect="fade" start="0" end="100" time="300" delay="350">WindowOpen</animation>
        <animation effect="fade" start="100" end="0" time="0" delay="0">WindowClose</animation>
    </control>

    <control>
        <description>RSS background</description>
        <type>image</type>
        <id>0</id>
        <posX>0</posX>
        <posY>680</posY>
        <width>1865</width>
        <height>96</height>
        <texture>basichome_rss_bg.png</texture>
        <animation effect="fade" start="0" end="100" time="300" delay="350">WindowOpen</animation>
        <animation effect="fade" start="100" end="0" time="0" delay="0">WindowClose</animation>
    </control>

    <control>
        <description>Item Count Label</description>
        <type>label</type>
        <label>#Trakt.Lists.CurrentUser  |  #Trakt.Translation.Lists.Label: #itemcount</label>
        <id>0</id>
	    <posX>1190</posX>
        <posY>725</posY>
        <align>left</align>
        <font>AvalonLight12</font>
        <textcolor>6aa5cb</textcolor>
        <animation effect="fade" start="0" end="100" time="300" delay="350">WindowOpen</animation>
        <animation effect="fade" start="100" end="0" time="0" delay="0">WindowClose</animation>
    </control>

	<control Style="smallTitle">
        <description>Selected item Label</description>
        <type>fadelabel</type>
        <id>1</id>
		<posX>714</posX>
		<posY>810</posY>
        <label>#selecteditem</label>
        <visible>!facadeview.filmstrip</visible>
        <animation effect="fade" start="0" end="100" time="300" delay="350">WindowOpen</animation>
        <animation effect="fade" start="100" end="0" time="0" delay="0">WindowClose</animation>
    </control>
    
    <control>
      <description>group element</description>
      <type>group</type>
        <animation effect="fade" start="0" end="100" time="300" delay="350">WindowOpen</animation>
        <animation effect="fade" start="100" end="0" time="0" delay="0">WindowClose</animation>
      <control>
        <type>facadeview</type>
        <id>50</id>
        <control>
            <description>listcontrol</description>
            <type>listcontrol</type>
            <id>50</id>
            <onleft>50</onleft>
            <onright>50</onright>
    		<scrollOffset>1</scrollOffset>
    		<posX>1166</posX>
    		<posY>164</posY>
    		<height>750</height>
    		<width>684</width>
    		<textXOff>50</textXOff>
			<textXOff2>650</textXOff2>
    		<textureHeight>55</textureHeight>		
    		<textureFocus>listcontrol_item_selected_small.png</textureFocus>
    		<textureNoFocus>-</textureNoFocus>
    		<dimColor>ffffffff</dimColor>
        </control>
      </control>
    </control>
    
    <control>
        <description>List Description</description>
        <type>textboxscrollup</type>
        <id>0</id>
		<posX>714</posX>
		<posY>872</posY>
		<width>1186</width>
		<height>160</height>
        <label>#Trakt.List.Description</label>
        <animation effect="fade" start="0" end="100" time="300" delay="350">WindowOpen</animation>
        <animation effect="fade" start="100" end="0" time="0" delay="0">WindowClose</animation>
        <visible>!string.equals(#Trakt.List.Description,N/A)</visible>
    </control>
  </controls>
</window>