<?xml version="1.0" encoding="utf-8" standalone="yes"?>
<window>
	<id>87273</id>
	<defaultcontrol>2</defaultcontrol>
	<allowoverlay>no</allowoverlay>
	<define>#header.label:#Trakt.Translation.Plugins.Label</define>
	<define>#defaultcontrol:2</define>
	<define>#defaultcontrol.onright:9996</define>
	<controls>
		<import>Trakt.Common.xml</import>
        <import>common.time.xml</import>
		<control>
			<type>group</type>
			<description>group element</description>
    		<posX>736</posX>
    		<posY>218</posY>
			<layout>StackLayout(0, Vertical, true)</layout>
			<control>
				<description>MP-TVSeries</description>
				<type>togglebutton</type>
				<id>2</id>
				<label>MP-TVSeries</label>
				<onright>2</onright>
				<onleft>#defaultcontrol.onright</onleft>
				<onup>5</onup>
        		<width>956</width>
        		<height>52</height>
        		<textXOff>30</textXOff>
        		<textYOff>8</textYOff>
        		<textureFocus>settings_button_large_focus_toggleon.png</textureFocus>
        		<textureNoFocus>settings_button_large_nofocus_toggleon.png</textureNoFocus>
        		<AltTextureFocus>settings_button_large_focus_toggleoff.png</AltTextureFocus>
        		<AltTextureNoFocus>settings_button_large_nofocus_toggleoff.png</AltTextureNoFocus>
			</control>
			<control>
				<description>MovingPictures</description>
				<type>togglebutton</type>
				<id>3</id>
				<label>MovingPictures</label>
				<onleft>3</onleft>
				<onleft>#defaultcontrol.onright</onleft>
        		<width>956</width>
        		<height>52</height>
        		<textXOff>30</textXOff>
        		<textYOff>8</textYOff>
        		<textureFocus>settings_button_large_focus_toggleon.png</textureFocus>
        		<textureNoFocus>settings_button_large_nofocus_toggleon.png</textureNoFocus>
        		<AltTextureFocus>settings_button_large_focus_toggleoff.png</AltTextureFocus>
        		<AltTextureNoFocus>settings_button_large_nofocus_toggleoff.png</AltTextureNoFocus>
			</control>
			<control>
				<description>My Videos</description>
				<type>togglebutton</type>
				<id>4</id>
				<label>My Videos</label>
				<onleft>4</onleft>
				<onleft>#defaultcontrol.onright</onleft>
        		<width>956</width>
        		<height>52</height>
        		<textXOff>30</textXOff>
        		<textYOff>8</textYOff>
        		<textureFocus>settings_button_large_focus_toggleon.png</textureFocus>
        		<textureNoFocus>settings_button_large_nofocus_toggleon.png</textureNoFocus>
        		<AltTextureFocus>settings_button_large_focus_toggleoff.png</AltTextureFocus>
        		<AltTextureNoFocus>settings_button_large_nofocus_toggleoff.png</AltTextureNoFocus>
			</control>
      <control>
				<description>My Films</description>
				<type>togglebutton</type>
				<id>5</id>
				<label>My Films</label>
				<onleft>5</onleft>
				<onleft>#defaultcontrol.onright</onleft>
				<ondown>2</ondown>
        		<width>956</width>
        		<height>52</height>
        		<textXOff>30</textXOff>
        		<textYOff>8</textYOff>
        		<textureFocus>settings_button_large_focus_toggleon.png</textureFocus>
        		<textureNoFocus>settings_button_large_nofocus_toggleon.png</textureNoFocus>
        		<AltTextureFocus>settings_button_large_focus_toggleoff.png</AltTextureFocus>
        		<AltTextureNoFocus>settings_button_large_nofocus_toggleoff.png</AltTextureNoFocus>
			</control>
		</control>
		<import>common.overlay.xml</import>
	</controls>
</window>