﻿<?xml version="1.0" encoding="utf-8" standalone="yes"?>
<window>
	<id>87271</id>
	<defaultcontrol>2</defaultcontrol>
	<allowoverlay>no</allowoverlay>
	<define>#header.label:#Trakt.Translation.Settings.Label</define>
	<define>#defaultcontrol:2</define>
	<define>#defaultcontrol.onright:9996</define>
	<controls>
		<import>Trakt.Common.xml</import>
        <import>common.time.xml</import>
	<control>
		<description>buttons</description>
		<type>group</type>
		<animation effect="fade" start="0" end="100" time="300" delay="350">WindowOpen</animation>
		<animation effect="fade" start="100" end="0" time="0" delay="0">WindowClose</animation>
		<posX>736</posX>
		<posY>254</posY>
		<layout>StackLayout</layout>
		<control Style="SettingsButtonLarge">
			<type>button</type>
			<description>Account Setup</description>
			<id>2</id>
			<onup>4</onup>
			<label>#Trakt.Translation.AccountSetup.Label</label>
			<hyperlink>87272</hyperlink>
			<onright>#defaultcontrol.onright</onright>
		</control>
		<control Style="SettingsButtonLarge">
			<type>button</type>
			<description>Plugin Setup</description>
			<id>3</id>
			<label>#Trakt.Translation.Plugins.Label</label>
			<hyperlink>87273</hyperlink>
			<onright>#defaultcontrol.onright</onright>
		</control>
		<control Style="SettingsButtonLarge">
			<type>button</type>
			<description>Plugin Setup</description>
			<id>4</id>
			<label>#Trakt.Translation.General.Label</label>
			<hyperlink>87274</hyperlink>
			<onright>#defaultcontrol.onright</onright>
            <ondown>2</ondown>
		</control>
  </control>
		<import>common.overlay.xml</import>
	</controls>
</window>