﻿<?xml version="1.0" encoding="utf-8" standalone="yes"?>
<window>
	<id>87258</id>
	<defaultcontrol>10</defaultcontrol>
	<allowoverlay>no</allowoverlay>
	<define>#header.label:Trakt</define>
	<controls>
	
    <import>Trakt.Common.Background.xml</import>
    
	<control>
		<type>label</type>
		<description>Settings label</description>
		<id>121</id>
		<posX>185</posX>
		<posY>38</posY>
		<width>500</width>
		<label>#header.label</label>
		<textcolor>6aa5cb</textcolor>
		<font>font22</font>
        <animation effect="fade" time="250">WindowOpen</animation>
        <animation effect="fade" time="250">WindowClose</animation>
	</control>

<import>common.time.xml</import>

		<control>
			<description>button group</description>
    		<type>group</type>
    		<animation effect="fade" start="0" end="100" time="300" delay="350">WindowOpen</animation>
    		<animation effect="fade" start="100" end="0" time="0" delay="0">WindowClose</animation>
    		<posX>1166</posX>
    		<posY>153</posY>
			<layout>StackLayout(0, Vertical, true)</layout>
			<control>
				<description>Calendar</description>
				<type>button</type>
				<id>10</id>
                <textXOff>50</textXOff>
                <textYOff>10</textYOff>
        		<height>55</height>
	           	<width>684</width>
        		<textureFocus>listcontrol_item_selected_small.png</textureFocus>
        		<textureNoFocus>-</textureNoFocus>
				<label>#Trakt.Translation.Calendar.Label</label>
				<hyperlink>87259</hyperlink>
				<onup>15</onup>
			</control>
			<control>
				<description>Friends</description>
				<type>button</type>
				<id>11</id>
                <textXOff>50</textXOff>
                <textYOff>8</textYOff>
        		<height>55</height>
	           	<width>684</width>
        		<textureFocus>listcontrol_item_selected_small.png</textureFocus>
        		<textureNoFocus>-</textureNoFocus>
				<hyperlink>87260</hyperlink>
				<label>#Trakt.Translation.Friends.Label</label>
			</control>
			<control>
				<description>Recommendations</description>
				<type>button</type>
				<id>12</id>
                <textXOff>50</textXOff>
                <textYOff>8</textYOff>
        		<height>55</height>
	           	<width>684</width>
        		<textureFocus>listcontrol_item_selected_small.png</textureFocus>
        		<textureNoFocus>-</textureNoFocus>
				<hyperlink>87261</hyperlink>
				<label>#Trakt.Translation.Recommendations.Label</label>
			</control>
			<control>
				<description>Trending</description>
				<type>button</type>
				<id>13</id>
                <textXOff>50</textXOff>
                <textYOff>8</textYOff>
        		<height>55</height>
	           	<width>684</width>
        		<textureFocus>listcontrol_item_selected_small.png</textureFocus>
        		<textureNoFocus>-</textureNoFocus>
				<hyperlink>87264</hyperlink>
				<label>#Trakt.Translation.Trending.Label</label>
			</control>
			<control>
				<description>Watch List</description>
				<type>button</type>
				<id>14</id>
                <textXOff>50</textXOff>
                <textYOff>8</textYOff>
        		<height>55</height>
	           	<width>684</width>
        		<textureFocus>listcontrol_item_selected_small.png</textureFocus>
        		<textureNoFocus>-</textureNoFocus>
				<hyperlink>87267</hyperlink>
				<label>#Trakt.Translation.WatchList.Label</label>
			</control>
			<control>
				<description>Settings</description>
				<type>button</type>
				<id>15</id>
                <textXOff>50</textXOff>
                <textYOff>8</textYOff>
        		<height>55</height>
	           	<width>684</width>
        		<textureFocus>listcontrol_item_selected_small.png</textureFocus>
        		<textureNoFocus>-</textureNoFocus>
				<label>#Trakt.Translation.Settings.Label</label>
				<hyperlink>87271</hyperlink>
				<ondown>10</ondown>
			</control>
		</control>
		<import>common.overlay.xml</import>
	</controls>
</window>