<?xml version="1.0" encoding="utf-8" standalone="yes"?>
<window>
<id>3002</id>
<defaultcontrol>2</defaultcontrol>
<allowoverlay>no</allowoverlay>
<controls>

 	<control>
		<description>Background</description>
		<type>image</type>
		<id>0</id>
		<posX>857</posX>
		<posY>37</posY>
        <width>205</width>
        <height>60</height>
		<texture>basichome_isrecording_bg.png</texture>
    	<animation effect="fade" start="0" end="100" time="300" delay="350">WindowOpen</animation>
        <animation effect="fade" start="100" end="0" time="0" delay="0">WindowClose</animation>
	</control>
    
	<control>
		<description>rec logo</description>
		<type>image</type>
		<id>4</id>
		<posX>868</posX>
		<posY>45</posY>
        <width>44</width>
        <height>45</height>
		<texture>tv_is_recording.gif</texture>
    	<animation effect="fade" start="0" end="100" time="300" delay="350">WindowOpen</animation>
        <animation effect="fade" start="100" end="0" time="0" delay="0">WindowClose</animation>
	</control>
    
    <control>
        <description>rec label</description>
        <id>1</id>
        <type>label</type>
        <posX>924</posX>
        <posY>48</posY>
        <label>#Avalon.Recording</label>
        <font>font12</font>
        <textcolor>6aa5cb</textcolor>
     	<animation effect="fade" start="0" end="100" time="300" delay="350">WindowOpen</animation>
        <animation effect="fade" start="100" end="0" time="0" delay="0">WindowClose</animation>
    </control>

</controls>
</window>
