<?xml version="1.0" encoding="utf-8" standalone="yes"?>
<window>
  <id>9813</id>
  <defaultcontrol>23</defaultcontrol>
  <allowoverlay>no</allowoverlay>
  <controls>
  
    <control>
		<description>Background</description>
		<type>image</type>
		<id>1</id>
		<posX>0</posX>
		<posY>0</posY>
		<width>1920</width>
		<height>1080</height>
    </control>
	
    <control>
      <description>Fanart Background</description>
      <type>image</type>
      <id>0</id>
      <posX>0</posX>
      <posY>120</posY>
      <width>1312</width>
      <height>739</height>
      <texture>BasicHomeBG\series_default.jpg</texture>
      <animation effect="fade" time="300">visible</animation>
      <animation effect="fade" time="200" delay="0">hidden</animation>
      <animation effect="fade" time="0">WindowClose</animation>
      <animation effect="fade" start="0" end="100" time="300" delay="350">WindowOpen</animation>
		<visible>facadeview.list|facadeview.playlist</visible>
    </control>
    
    <control>
		<description>Fanart Overlay</description>
		<type>image</type>
		<id>1</id>
		<posX>0</posX>
        <posY>0</posY>
		<width>1920</width>
		<height>1080</height>
		<texture>overlay.png</texture>
		<visible>facadeview.list|facadeview.playlist</visible>
	</control>
		
	<control>
		<description>background listview</description>
		<type>image</type>
		<id>1</id>
		<posX>1</posX>
		<posY>92</posY>
		<width>1893</width>
		<height>646</height>
		<texture>viewport_music_list_short2.png</texture>
		<visible>facadeview.list|facadeview.playlist</visible>
		<animation effect="fade" time="250">WindowOpen</animation>
		<animation effect="fade" time="250">WindowClose</animation>
		<animation effect="slide" time="250" start="-1890,0">WindowOpen</animation>
		<animation effect="slide" time="250" end="-1890,0">WindowClose</animation>
	</control>
	
	
	<control>
		<description>background thumbs</description>
		<type>image</type>
		<id>0</id>
		<posX>0</posX>
		<posY>92</posY>
		<width>1893</width>
		<height>646</height>
		<texture>viewport_thumbs_short2.png</texture>
		<visible>[facadeview.smallicons | facadeview.largeicons]</visible>
		<animation effect="fade" time="250">WindowOpen</animation>
		<animation effect="fade" time="250">WindowClose</animation>
		<animation effect="slide" time="250" start="-1890,0">WindowOpen</animation>
		<animation effect="slide" time="250" end="-1890,0">WindowClose</animation>
	</control>
    
	<control>
		<description>filmstrip overlay</description>
		<type>image</type>
		<id>0</id>
		<posX>0</posX>
        <posY>0</posY>
		<width>1920</width>
		<height>1080</height>
		<texture>filmstrip_default_overlay.png</texture>
		<visible>facadeview.filmstrip</visible>
		<animation effect="fade" time="0">WindowClose</animation>
        <shouldCache>true</shouldCache>
	</control>
    
    <control>
		<type>label</type>
		<description>Subtitle</description>
		<animation effect="fade" time="100">WindowOpen</animation>
		<animation effect="fade" time="100">WindowClose</animation>
		<type>label</type>
		<id>1</id>
		<posX>185</posX>
		<posY>38</posY>
		<width>800</width>
		<height>100</height>
		<label>#TVSeries.Translation.Series_Plural.Label #TVSeries.Translation.Playlist.Label</label>
		<textcolor>6aa5cb</textcolor>
		<font>font22</font>
    </control>
 
    <control Style="smallTitle">
		<description>Selected item Label</description>
		<type>fadelabel</type>
		<id>1</id>
		<posX>714</posX>
		<posY>810</posY>
		<label>#selecteditem</label>
		<animation effect="fade" start="0" end="100" time="300" delay="350">WindowOpen</animation>
		<animation effect="fade" start="100" end="0" time="0" delay="0">WindowClose</animation>
	</control>

 	<!--            :: Count Background ::            -->

	<control>
		<description>RSS background</description>
		<type>image</type>
		<id>0</id>
		<posX>0</posX>
		<posY>680</posY>
		<width>1865</width>
		<height>96</height>
		<texture>basichome_rss_bg.png</texture>
		<visible>facadeview.list|facadeview.playlist</visible>
		<animation effect="fade" start="0" end="100" time="300" delay="350">WindowOpen</animation>
		<animation effect="fade" start="100" end="0" time="0" delay="0">WindowClose</animation>
	</control>
    
	<control>
		<description>RSS background</description>
		<type>image</type>
		<id>0</id>
		<posX>0</posX>
		<posY>680</posY>
		<width>1865</width>
		<height>96</height>
		<texture>basichome_rss_bg.png</texture>
		<visible>[facadeview.smallicons | facadeview.largeicons]</visible>
		<animation effect="fade" start="0" end="100" time="300" delay="350">WindowOpen</animation>
		<animation effect="fade" start="100" end="0" time="0" delay="0">WindowClose</animation>
	</control>
    
	<control>
		<description>RSS background</description>
		<type>image</type>
		<id>0</id>
		<posX>0</posX>
		<posY>710</posY>
		<width>1865</width>
		<height>64</height>
		<texture>movies_count_bg_filmstrip.png</texture>
		<visible>facadeview.filmstrip</visible>
		<animation effect="fade" start="0" end="100" time="300" delay="350">WindowOpen</animation>
		<animation effect="fade" start="100" end="0" time="0" delay="0">WindowClose</animation>
	</control>  
  
	<!--            :: Count ::            -->
	
    <control>
      <animation effect="fade" start="0" end="100" time="300" delay="350">WindowOpen</animation>
      <animation effect="fade" start="100" end="0" time="0" delay="0">WindowClose</animation>
      <description>Moviecount</description>
      <type>label</type>
      <label>#itemcount</label>
      <id>0</id>
	  <posX>930</posX>
      <posY>725</posY>
      <align>left</align>
      <font>AvalonLight12</font>
      <textcolor>6aa5cb</textcolor>
    </control>
 
    <import>common.time.xml</import>

    <control>
		<type>image</type>
		<description>Logos</description>
		<id>66</id>
		<posX>1500</posX>
		<posY>816</posY>
		<width>900</width>
		<height>38</height>
		<texture>#TVSeries.Logos</texture>
		<keepaspectratio>yes</keepaspectratio>
		<animation effect="fade" start="0" end="100" time="300" delay="350">WindowOpen</animation>
		<animation effect="fade" start="100" end="0" time="0" delay="0">WindowClose</animation>
    </control>	
	
	<control>
		<type>actiongroup</type>
		<description>action menu</description>
		<defaultcontrol>2</defaultcontrol>
		<onexit>50</onexit>
		<dimColor>00ffffff</dimColor>
		<buttonX>0</buttonX>
		<buttonY>0</buttonY>
		<buttonwidth>497</buttonwidth>
		<buttonheight>1080</buttonheight>
		
		<control>
			<type>image</type>
			<id>0</id>
			<width>1920</width>
			<height>1080</height>
			<texture>semi_trans_back_hidden_menu.png</texture>
			<visible>!Control.HasFocus(50)</visible>
			<animation effect="fade" time="450">visible</animation>
			<animation effect="fade" time="400">hidden</animation>
		</control>
	
		<control>
			<type>image</type>
			<id>0</id>
			<posY>15</posY>
			<posX>0</posX>
			<width>631</width>
			<height>1044</height>
			<texture>menu_bg.png</texture>
			<visible>!Control.HasFocus(50)</visible>
    		<animation effect="fade" time="0">WindowClose</animation>
    		<animation effect="slide" start="-150,0" time="100">visible</animation>
    		<animation effect="fade" time="250">visible</animation>
    		<animation effect="fade" time="0">hidden</animation>
		</control>
	
		<control>
			<type>image</type>
			<id>0</id>
			<posY>232</posY>
			<posX>128</posX>
			<width>376</width>
			<height>1</height>
			<texture>hiddenmenu_separator.png</texture>
			<visible>!Control.HasFocus(50)</visible>
    		<animation effect="fade" time="0">WindowClose</animation>
    		<animation effect="slide" start="-150,0" time="100">visible</animation>
    		<animation effect="fade" time="250">visible</animation>
    		<animation effect="fade" time="0">hidden</animation>
		</control>
		<control>
			<type>image</type>
			<id>0</id>
			<posY>678</posY>
			<posX>128</posX>
			<width>376</width>
			<height>1</height>
			<texture>hiddenmenu_separator.png</texture>
			<visible>!Control.HasFocus(50)</visible>
    		<animation effect="fade" time="0">WindowClose</animation>
    		<animation effect="slide" start="-150,0" time="100">visible</animation>
    		<animation effect="fade" time="250">visible</animation>
    		<animation effect="fade" time="0">hidden</animation>
		</control>
		<control>
			<description>Menu label</description>
			<type>label</type>
			<id>1</id>
			<posX>128</posX>
			<posY>114</posY>
			<label>499</label>
			<font>fontB12</font>
			<textcolor>ffffff</textcolor>
			<visible>!Control.HasFocus(50)</visible>
    		<animation effect="fade" time="0">WindowClose</animation>
    		<animation effect="slide" start="-150,0" time="100">visible</animation>
    		<animation effect="fade" time="250">visible</animation>
    		<animation effect="fade" time="0">hidden</animation>
    	</control>
		<control>
			<description>Playlist label</description>
			<type>label</type>
			<id>1</id>
			<posX>128</posX>
			<posY>242</posY>
			<label>136</label>
			<font>fontB12</font>
			<textcolor>ffffff</textcolor>
 			<visible>!Control.HasFocus(50)</visible>
    		<animation effect="fade" time="0">WindowClose</animation>
    		<animation effect="slide" start="-150,0" time="100">visible</animation>
    		<animation effect="fade" time="250">visible</animation>
    		<animation effect="fade" time="0">hidden</animation>
		</control>
		<control>
			<description>Jump to label</description>
			<type>label</type>
			<id>1</id>
			<posX>128</posX>
			<posY>688</posY>
			<label>1065</label>
			<font>fontB12</font>
			<textcolor>ffffff</textcolor>
 			<visible>!Control.HasFocus(50)</visible>
    		<animation effect="fade" time="0">WindowClose</animation>
    		<animation effect="slide" start="-150,0" time="100">visible</animation>
    		<animation effect="fade" time="250">visible</animation>
    		<animation effect="fade" time="0">hidden</animation>
		</control>
          <control>
            <type>group</type>
            <description>group element</description>
 			<visible>!Control.HasFocus(50)</visible>
    		<animation effect="fade" time="0">WindowClose</animation>
    		<animation effect="slide" start="-150,0" time="100">visible</animation>
    		<animation effect="fade" time="250">visible</animation>
    		<animation effect="fade" time="0">hidden</animation>
            <posX>69</posX>
            <posY>155</posY>
            <layout>StackLayout(0, Vertical, true)</layout>	
			
			<control>
                <description>View-As button</description>
                <type>button</type>
                <id>2</id>
                <label>100</label>
				<textureFocus>hiddenmenu_item_selected.png</textureFocus>
				<textureNoFocus>-</textureNoFocus>
				<width>497</width>
				<height>64</height>
				<textXOff>58</textXOff>
				<textYOff>14</textYOff>	
                <onright>50</onright>
                <ondown>20</ondown>
          </control>
          
          <control>
                <description>Empty button</description>
                <type>button</type>
                <id>0</id>
			    <textureFocus>-</textureFocus>
			    <textureNoFocus>-</textureNoFocus>
		        <width>497</width>
			    <height>64</height>
                <label>-</label>
                <visible>true</visible>
          </control>
          
          <control>
                <description>Shuffle button</description>
                <type>button</type>
                <id>20</id>
                <label>191</label>
				<textureFocus>hiddenmenu_item_selected.png</textureFocus>
				<textureNoFocus>-</textureNoFocus>
				<width>497</width>
				<height>64</height>
				<textXOff>58</textXOff>
				<textYOff>14</textYOff>	
                <onright>50</onright>
                <onup>2</onup>
                <ondown>30</ondown>
          </control>
          
          <control>
                <description>Repeat on/off button</description>
                <type>togglebutton</type>
                <id>30</id>
                <label>486</label>
				<width>497</width>
				<height>64</height>
				<textXOff>58</textXOff>
				<textYOff>14</textYOff>	
				<textureFocus>hiddenmenu_toggle-on-focus.png</textureFocus>
				<textureNoFocus>hiddenmenu_toggle-on-nofocus.png</textureNoFocus>
				<AltTextureFocus>hiddenmenu_toggle-off-focus.png</AltTextureFocus>
				<AltTextureNoFocus>hiddenmenu_toggle-off-nofocus.png</AltTextureNoFocus>
                <onright>50</onright>
                <ondown>40</ondown>
          </control>
		  
          <control>
                <description>Autoplay on/off button</description>
                <type>togglebutton</type>
                <id>40</id>
                <label>713</label>
				<width>497</width>
				<height>64</height>
				<textXOff>58</textXOff>
				<textYOff>14</textYOff>	
				<textureFocus>hiddenmenu_toggle-on-focus.png</textureFocus>
				<textureNoFocus>hiddenmenu_toggle-on-nofocus.png</textureNoFocus>
				<AltTextureFocus>hiddenmenu_toggle-off-focus.png</AltTextureFocus>
				<AltTextureNoFocus>hiddenmenu_toggle-off-nofocus.png</AltTextureNoFocus>
                <onright>50</onright>
          </control>
          
          <control>
                <description>Save button</description>
                <type>button</type>
                <id>21</id>
                <label>190</label>
    			<textureFocus>hiddenmenu_item_selected.png</textureFocus>
				<textureNoFocus>hiddenmenu_item.png</textureNoFocus>
				<width>497</width>
				<height>64</height>
				<textXOff>58</textXOff>
				<textYOff>14</textYOff>	
                <onright>50</onright>
          </control>
        
          <control>
                <description>Clear button</description>
                <type>button</type>
                <id>22</id>
                <label>192</label>
    			<textureFocus>hiddenmenu_item_selected.png</textureFocus>
    			<textureNoFocus>hiddenmenu_item.png</textureNoFocus>
				<width>497</width>
				<height>64</height>
				<textXOff>58</textXOff>
				<textYOff>14</textYOff>	
                <onright>50</onright>
          </control>
          
          <control>
                <description>Play button</description>
                <type>button</type>
                <id>23</id>
    			<textureFocus>hiddenmenu_item_selected.png</textureFocus>
    			<textureNoFocus>hiddenmenu_item.png</textureNoFocus>
				<width>497</width>
				<height>64</height>
				<textXOff>58</textXOff>
    			<textYOff>14</textYOff>	
                <label>208</label>
                <onleft>50</onleft>
                <ondown>24</ondown>
          </control>
          
         <control>
                <description>Empty button</description>
                <type>button</type>
                <id>0</id>
			    <textureFocus>-</textureFocus>
			    <textureNoFocus>-</textureNoFocus>
		        <width>497</width>
			    <height>64</height>
                <label>-</label>
                <visible>true</visible>
          </control>
          
          <control>
                <description>Next button</description>
                <type>button</type>
                <id>24</id>
                <label>209</label>
    			<textureFocus>hiddenmenu_item_selected.png</textureFocus>
				<textureNoFocus>hiddenmenu_item.png</textureNoFocus>
				<width>497</width>
				<height>64</height>
				<textXOff>58</textXOff>
				<textYOff>14</textYOff>	
                <onright>50</onright>
          </control>
          
          <control>
                <description>Previous button</description>
                <type>button</type>
                <id>25</id>
                <label>210</label>
                <onright>50</onright>
    			<textureFocus>hiddenmenu_item_selected.png</textureFocus>
				<textureNoFocus>hiddenmenu_item.png</textureNoFocus>
				<width>497</width>
				<height>64</height>
				<textXOff>58</textXOff>
				<textYOff>14</textYOff>	
          </control>
          
          <control>
                <description>My Playlists</description>
                <type>button</type>
                <id>9</id>
                <label>983</label>
    			<textureFocus>hiddenmenu_item_selected.png</textureFocus>
				<textureNoFocus>hiddenmenu_item.png</textureNoFocus>
				<width>497</width>
				<height>64</height>
				<textXOff>58</textXOff>
				<textYOff>14</textYOff>	
                <onright>50</onright>
                <ondown>2</ondown>
        </control>
    </control>
</control>
	
   
	<control>
		<description>group element</description>
		<type>group</type>
		<animation effect="fade" time="100">WindowOpen</animation>
		<animation effect="fade" time="100">WindowClose</animation>
		<control>
			<description>composite control consisting of a list control and a thumbnail panel</description>
			<type>facadeview</type>
			<id>50</id>
			<control>
				<description>listcontrol</description>
				<type>listcontrol</type>
				<id>50</id>
				<onleft>2</onleft>
				<onright>50</onright>
				<scrollOffset>1</scrollOffset>
				<posX>906</posX>
			    <posY>153</posY>
				<width>924</width>
				<height>750</height>
				<textXOff>50</textXOff>
				<dimColor>ffffffff</dimColor>
				<textureFocus>listcontrol_item_selected_large.png</textureFocus>
				<textureNoFocus>-</textureNoFocus>
			    <spinPosX>1832</spinPosX>
		      	<spinPosY>880</spinPosY>
			</control>

			<control>
				<description>Thumbnail Panel</description>
				<type>thumbnailpanel</type>
				<id>50</id>
				<posX>80</posX>
				<posY>162</posY>
				<width>1800</width>
				<height>600</height>
				<onleft>2</onleft>
				<onright>50</onright>       
			    <imageFolder>-</imageFolder>          
			    <imageFolderFocus>-</imageFolderFocus>  
			    <showFrame>true</showFrame>          
			    <dimColor>90ffffff</dimColor> 
			    <enableFocusZoom>no</enableFocusZoom>                    
			    <zoomXPixels>60</zoomXPixels>
			    <zoomYPixels>40</zoomYPixels>          
			    <hideUnfocusTexture>no</hideUnfocusTexture>          
		      	<renderFocusText>no</renderFocusText>
			    <renderUnfocusText>no</renderUnfocusText>                    
			    <thumbZoom>yes</thumbZoom>
			    <frameNoFocus>onlinevideos_thumb_nofocus.png</frameNoFocus>
		      	<frameFocus>onlinevideos_thumb_focus.png</frameFocus>
		      	<textureMask>onlinevideos_thumb_mask.png</textureMask>
			    <itemWidth>245</itemWidth>
			    <itemHeight>129</itemHeight>
			    <textureWidth>245</textureWidth>
			    <textureHeight>129</textureHeight>
			    <thumbWidth>245</thumbWidth>
			    <thumbHeight>129</thumbHeight>
			    <thumbPosX>0</thumbPosX>
			    <thumbPosY>0</thumbPosY>
			    <itemWidthBig>292</itemWidthBig>
			    <itemHeightBig>171</itemHeightBig>
			    <textureWidthBig>292</textureWidthBig>
			    <textureHeightBig>171</textureHeightBig>
    			<thumbWidthBig>292</thumbWidthBig>
    			<thumbHeightBig>171</thumbHeightBig>
    			<thumbPosXBig>0</thumbPosXBig>
    			<thumbPosYBig>0</thumbPosYBig>
                <spinPosX>1832</spinPosX>
                <spinPosY>730</spinPosY>
                <keepaspectratio>no</keepaspectratio>       
            </control> 
			
		<control>
			<description>Filmstrip view</description>
			<type>filmstrip</type>
			<dimColor>90ffffff</dimColor>
			<id>50</id>
				<scrollOffset>3</scrollOffset>
				<folderPrefix></folderPrefix>
				<folderSuffix></folderSuffix>
				<posX>25</posX>
				<posY>266</posY>
				<width>1920</width>
				<height>1080</height>
				<onup>2</onup>
				<ondown>2</ondown>
				<onleft>50</onleft>
				<onright>50</onright>
				<thumbWidth>615</thumbWidth>
				<thumbHeight>346</thumbHeight>
				<thumbPosX>0</thumbPosX>
				<thumbPosY>0</thumbPosY>
				<itemWidth>625</itemWidth>
				<itemHeight>356</itemHeight>
				<textureWidth>615</textureWidth>
				<textureHeight>346</textureHeight>
				<textYOff>-2000</textYOff>
				<imageFolderFocus>-</imageFolderFocus>
				<frame>-</frame>
				<frameFocus>-</frameFocus>
				<background>-</background>
				<thumbs flipY="true" diffuse="Thumb_Mask_test.png" mask="pictures_filmstrip_mask.png"></thumbs>
				<showFrame>yes</showFrame>
				<showFolder>no</showFolder>
				<showBackGround>no</showBackGround>
				<showInfoImage>no</showInfoImage>
				<keepaspectratio>yes</keepaspectratio>
                <scrollbarLeft>scrollbar_left_hor.png</scrollbarLeft>
                <scrollbarRight>scrollbar_right_hor.png</scrollbarRight>
                <scrollbarWidth>689</scrollbarWidth>
				<scrollbarHeight>4</scrollbarHeight>
                <scrollbarYOff>442</scrollbarYOff>
                <keepaspectratio>no</keepaspectratio>
				<thumbAnimation effect="zoom" acceleration="-2" start="100,100" reversible="false" end="138,138" center="0,480" time="200">focus</thumbAnimation>
				<thumbAnimation effect="zoom" start="138,138" reversible="false" end="100,100" center="0,480" time="100">unfocus</thumbAnimation>
		</control>
			
			<control>
				<description>playlist listcontrol</description>
				<type>playlistcontrol</type>
				<id>50</id>
				<onleft>2</onleft>
				<onright>2</onright>
				<scrollOffset>1</scrollOffset>
                <posX>905</posX>
                <posY>164</posY>
				<height>550</height>
                <spinPosX>1832</spinPosX>
                <spinPosY>730</spinPosY>
				<dimColor>ffffffff</dimColor>
			</control>

		</control>

	</control>
	
    
	<!-- 			:: EPISODE INFO LABELS ::		-->

      
	<control Style="InfoLabel">
		<description>FirstAired Label (Episode)</description>
		<type>fadelabel</type>
		<label>#TVSeries.Translation.FirstAired.Label</label>
		<id>0</id>
		<posX>714</posX>
		<posY>872</posY>
		<visible>facadeview.playlist|facadeview.list|facadeview.smallicons|facadeview.largeicons|facadeview.filmstrip</visible>
		<animation effect="fade" start="0" end="100" time="300" delay="350">WindowOpen</animation>
		<animation effect="fade" start="100" end="0" time="0" delay="0">WindowClose</animation>
		<animation effect="fade" start="0" end="100" time="300" delay="350" reversible="false">visible</animation>
	</control>
			
	<control Style="InfoValueSmall">
		<description>FirstAired Value (Episode)</description>
		<type>label</type>
		<label>#TVSeries.Episode.Aired</label>
		<id>0</id>
		<posX>882</posX>
		<posY>872</posY>
		<visible>facadeview.playlist|facadeview.list|facadeview.smallicons|facadeview.largeicons|facadeview.filmstrip</visible>
		<animation effect="fade" start="0" end="100" time="300" delay="350">WindowOpen</animation>
		<animation effect="fade" start="100" end="0" time="0" delay="0">WindowClose</animation>
		<animation effect="fade" start="0" end="100" time="300" delay="350" reversible="false">visible</animation>
	</control>

	<control Style="InfoLabel">
		<description>Runtime Label</description>
		<type>label</type>
		<label>#TVSeries.Translation.Runtime.Label</label>
		<id>0</id>
		<posX>714</posX>
		<posY>912</posY>
		<visible>facadeview.playlist|facadeview.list|facadeview.smallicons|facadeview.largeicons|facadeview.filmstrip</visible>
		<animation effect="fade" start="0" end="100" time="300" delay="350">WindowOpen</animation>
		<animation effect="fade" start="100" end="0" time="0" delay="0">WindowClose</animation>
		<animation effect="fade" start="0" end="100" time="300" delay="350" reversible="false">visible</animation>
	</control>
			
	<control Style="InfoValueSmall">
		<description>Runtime</description>
		<type>fadelabel</type>
		<label>#TVSeries.Episode.InfoPanelLine10Value</label>
		<id>0</id>
		<posX>882</posX>
		<posY>912</posY>
		<visible>facadeview.playlist|facadeview.list|facadeview.smallicons|facadeview.largeicons|facadeview.filmstrip</visible>
		<animation effect="fade" start="0" end="100" time="300" delay="350">WindowOpen</animation>
		<animation effect="fade" start="100" end="0" time="0" delay="0">WindowClose</animation>
		<animation effect="fade" start="0" end="100" time="300" delay="350" reversible="false">visible</animation>
	</control>

	<control Style="InfoLabel">
		<description>Rating Label (Episode)</description>
		<type>label</type>
		<label>#TVSeries.Translation.Rating.Label</label>
		<id>0</id>
		<posX>714</posX>
		<posY>952</posY>
		<visible>facadeview.playlist|facadeview.list|facadeview.smallicons|facadeview.largeicons|facadeview.filmstrip</visible>
		<animation effect="fade" start="0" end="100" time="300" delay="350">WindowOpen</animation>
		<animation effect="fade" start="100" end="0" time="0" delay="0">WindowClose</animation>
		<animation effect="fade" start="0" end="100" time="300" delay="350" reversible="false">visible</animation>
	</control>
			
	<control Style="InfoValueSmall">
		<description>Rating Value (Episode)</description>
		<type>fadelabel</type>
		<label>#TVSeries.Episode.InfoPanelLine1Value/10 #TVSeries.Episode.InfoPanelLine8Value</label>
		<id>0</id>
		<posX>882</posX>
		<posY>952</posY>
		<visible>facadeview.playlist|facadeview.list|facadeview.smallicons|facadeview.largeicons|facadeview.filmstrip</visible>
		<animation effect="fade" start="0" end="100" time="300" delay="350">WindowOpen</animation>
		<animation effect="fade" start="100" end="0" time="0" delay="0">WindowClose</animation>
		<animation effect="fade" start="0" end="100" time="300" delay="350" reversible="false">visible</animation>
	</control>
	
	
	<control Style="InfoLabel">
		<description>Director Label (Episode)</description>
		<type>label</type>
		<label>#TVSeries.Translation.Director.Label</label>
		<id>0</id>
		<posX>714</posX>
		<posY>990</posY>
		<visible>facadeview.playlist|facadeview.list|facadeview.smallicons|facadeview.largeicons|facadeview.filmstrip</visible>
		<animation effect="fade" start="0" end="100" time="300" delay="350">WindowOpen</animation>
		<animation effect="fade" start="100" end="0" time="0" delay="0">WindowClose</animation>
		<animation effect="fade" start="0" end="100" time="300" delay="350" reversible="false">visible</animation>
	</control>
			
	<control Style="InfoValueSmall">
		<description>Director (Episode)</description>
		<type>fadelabel</type>
		<label>#TVSeries.Episode.InfoPanelLine4Value</label>
		<id>0</id>
		<posX>882</posX>
		<posY>990</posY>
		<visible>facadeview.playlist|facadeview.list|facadeview.smallicons|facadeview.largeicons|facadeview.filmstrip</visible>
 		<animation effect="fade" start="0" end="100" time="300" delay="350">WindowOpen</animation>
		<animation effect="fade" start="100" end="0" time="0" delay="0">WindowClose</animation>
		<animation effect="fade" start="0" end="100" time="300" delay="350" reversible="false">visible</animation>
	</control>
	
	<control>
		<type>textboxscrollup</type>
		<description>Summary (list)</description>
		<id>631</id>
		<posX>1175</posX>
		<posY>872</posY>
		<width>725</width>
		<height>150</height>
		<label>#TVSeries.Description</label>
		<seperator>---------------------------------------------------------------------------------------------------------</seperator>
		<onleft>1026</onleft>
		<onright>1026</onright>
		<onup>1026</onup>
		<ondown>1026</ondown>
		<visible>facadeview.playlist|facadeview.list|facadeview.smallicons|facadeview.largeicons|facadeview.filmstrip</visible>
		<animation effect="fade" start="0" end="100" time="300" delay="350">WindowOpen</animation>
		<animation effect="fade" start="100" end="0" time="0" delay="0">WindowClose</animation>
		<animation effect="fade" start="0" end="100" time="300" delay="350" reversible="false">visible</animation>
	</control>
	
	<control>
		<description>Big Episode Thumb</description>
		<type>image</type>
		<id>67</id>
		<posX>254</posX>
		<posY>810</posY>
		<width>382</width>
		<height>215</height>
		<texture flipY="true" mask="tvseries_thumb_mask.png">#selectedthumb</texture>
		<visible>facadeview.playlist|facadeview.list|facadeview.smallicons|facadeview.largeicons|facadeview.filmstrip</visible>
 		<animation effect="fade" start="0" end="100" time="300" delay="350">WindowOpen</animation>
		<animation effect="fade" start="100" end="0" time="0" delay="0">WindowClose</animation>
		<animation effect="fade" start="0" end="100" time="300" delay="350" reversible="false">visible</animation>
	</control>
    
	<control>
		<description>Episode Thumb Shadow</description>
		<type>image</type>
		<id>0</id>
		<posX>245</posX>
		<posY>801</posY>
		<width>399</width>
		<height>233</height>
		<texture>tvseries_thumb_shadow.png</texture>
		<visible>facadeview.playlist|facadeview.list|facadeview.smallicons|facadeview.largeicons|facadeview.filmstrip</visible>
 		<animation effect="fade" start="0" end="100" time="300" delay="350">WindowOpen</animation>
		<animation effect="fade" start="100" end="0" time="0" delay="0">WindowClose</animation>
		<animation effect="fade" start="0" end="100" time="300" delay="350" reversible="false">visible</animation>
	</control>
    
	<control>
		<id>1</id>
		<type>image</type>
		<posX>0</posX>
		<posY>440</posY>
		<width>64</width>
		<height>199</height>
		<texture>hiddenmenu_tab.png</texture>
		<visible>[facadeview.playlist|facadeview.list|facadeview.smallicons|facadeview.largeicons] + Control.Hasfocus(50) + !string.contains(#Avalon.HiddenMenu, false)</visible>
 		<animation effect="slide" start="-60,0" end="0,0" tween="quadratic" easing="in" time="250" delay="400">WindowOpen</animation>
		<animation effect="slide" start="0,0" end="-60,0" tween="quadratic" easing="in" time="250" delay="100">WindowClose</animation>
	</control>
	
	<control>
		<id>1</id>
		<type>image</type>
		<posX>858</posX>
		<posY>0</posY>
		<texture>hiddenmenu_tab_up.png</texture>
		<visible>[facadeview.filmstrip] + Control.Hasfocus(50) + !string.contains(#Avalon.HiddenMenu, false)</visible>
		<animation effect="slide" start="0,-60" end="0,0" tween="quadratic" easing="in" time="250" delay="400">WindowOpen</animation>
		<animation effect="slide" start="0,0" end="0,-60" tween="quadratic" easing="in" time="250" delay="100">WindowClose</animation>
	</control>
	
    <import>common.overlay.xml</import>
	
  </controls>
</window>