<?xml version="1.0" encoding="utf-8" standalone="yes"?>
<window>
  <controls>    
	<control>
		<description>background listview</description>
		<type>image</type>
		<id>1</id>
		<posX>0</posX>
        <posY>0</posY>
		<width>1920</width>
		<height>1080</height>
		<texture>overlay_long.png</texture>
		<visible>[[control.isvisible(1237)+control.isvisible(1242)]|control.isvisible(1238)|control.isvisible(1239)|control.isvisible(1240)]+facadeview.list|facadeview.largeicons</visible>
	</control>
	
	<control>
		<description>background listview poster enabled</description>
		<type>image</type>
		<id>1</id>
		<posX>241</posX>
		<posY>120</posY>
		<width>956</width>
		<height>739</height>
		<texture>viewport_poster.png</texture>
		<visible>[[[control.isvisible(1237)+control.isvisible(1242)]|control.isvisible(1238)|control.isvisible(1240)]+facadeview.list|facadeview.largeicons] + !string.equals(#Avalon.hidePoster,yes)</visible>
		<animation effect="fade" time="250">WindowOpen</animation>
		<animation effect="fade" time="250">WindowClose</animation>
		<animation effect="slide" time="250" start="-1890,0">WindowOpen</animation>
		<animation effect="slide" time="250" end="-1890,0">WindowClose</animation>
		<animation effect="fade" start="0" end="100" time="350" delay="550" reversible="false">visible</animation>
		<animation effect="fade" start="100" end="0" time="0" delay="0">hidden</animation>
	</control>
	
	<control>
		<description>background listview</description>
		<type>image</type>
		<id>2020</id>
		<posX>1</posX>
		<posY>92</posY>
		<width>1893</width>
		<height>795</height>
		<texture>viewport_noposter.png</texture>
		<visible>[[control.isvisible(1237)+control.isvisible(1242)]|control.isvisible(1238)|control.isvisible(1240)]+facadeview.list|facadeview.largeicons</visible>
		<animation effect="fade" time="250">WindowOpen</animation>
		<animation effect="fade" time="250">WindowClose</animation>
		<animation effect="slide" time="250" start="-1890,0">WindowOpen</animation>
		<animation effect="slide" time="250" end="-1890,0">WindowClose</animation>
	</control>

	<control>
		<description>viewport shadow poster disabled</description>
		<type>image</type>
		<id>1</id>
		<posX>727</posX>
		<posY>120</posY>
		<width>469</width>
		<height>739</height>
		<texture>viewport_shadow.png</texture>
		<visible>[[[control.isvisible(1237)+control.isvisible(1242)]|control.isvisible(1238)|control.isvisible(1240)]+facadeview.list|facadeview.largeicons] + string.equals(#Avalon.hidePoster,yes)</visible>
		<animation effect="fade" time="250">WindowOpen</animation>
		<animation effect="fade" time="0">WindowClose</animation>
		<animation effect="fade" time="0" delay="0">visible</animation>
		<animation effect="fade" start="100" end="0" time="0" delay="0">hidden</animation>
	</control>
	
	<control>
		<description>Viewport List</description>
		<type>image</type>
		<id>1</id>
        <posX>1</posX>
        <posY>92</posY>
        <width>1893</width>
        <height>795</height>
		<texture>viewport_categories.png</texture>
		<visible>control.isvisible(1239)+facadeview.list</visible>
		<animation effect="fade" time="250">WindowOpen</animation>
		<animation effect="fade" time="250">WindowClose</animation>
		<animation effect="slide" time="250" start="-1890,0">WindowOpen</animation>
		<animation effect="slide" time="250" end="-1890,0">WindowClose</animation>
	</control>
	
	<control>
		<description>Fanart Overlay (Filmstrip)</description>
		<type>image</type>
		<id>1</id>
		<posX>0</posX>
        <posY>0</posY>
		<width>1920</width>
		<height>1080</height>
		<texture>filmstrip_fanart_overlay.png</texture>
		<visible>facadeview.filmstrip | facadeview.coverflow</visible>
		<animation effect="fade" time="0">WindowClose</animation>
		<shouldCache>true</shouldCache>
	</control>
  </controls>
</window>