<?xml version="1.0" encoding="utf-8" standalone="yes"?>
<window>
<id>709</id>
<defaultcontrol>24</defaultcontrol>
<allowoverlay>yes</allowoverlay>
<define>#header.label:6014</define>
<define>#header.hover:hover_my tv.png</define>
<controls>
	<import>common.settings.xml</import>
    <import>common.time.xml</import>
	<control>
		<type>group</type>
		<animation effect="fade" start="0" end="100" time="300" delay="350">WindowOpen</animation>
		<animation effect="fade" start="100" end="0" time="0" delay="0">WindowClose</animation>
		<layout>GridLayout(2, 6, 52, 8, 1)</layout>
		<posX>130</posX>
		<posY>156</posY>
		<control>
			<type>button</type>
			<id>24</id>
			<label>6029</label>
		</control>

	</control>

	<control>
		<type>group</type>
		<animation effect="fade" start="0" end="100" time="300" delay="350">WindowOpen</animation>
		<animation effect="fade" start="100" end="0" time="0" delay="0">WindowClose</animation>
		<layout>GridLayout(2, 6, 52, 8, 1)</layout>
		<posX>130</posX>
		<posY>326</posY>
		<control>
			<type>button</type>
			<id>25</id>
			<label>8008</label>
		</control>

	</control>

	<control>
		<type>label</type>
		<description>Please specify the IP address or hostname</description>
		<id>1</id>
		<posX>766</posX>
		<posY>269</posY>
		<label>6026</label>
 		<animation effect="fade" start="0" end="100" time="300" delay="350">WindowOpen</animation>
		<animation effect="fade" start="100" end="0" time="0" delay="0">WindowClose</animation>
	</control>

	<control>
		<type>label</type>
		<description>of the master TV-Server</description>
		<id>1</id>
		<posX>766</posX>
		<posY>415</posY>
		<label>6027</label>
 		<animation effect="fade" start="0" end="100" time="300" delay="350">WindowOpen</animation>
		<animation effect="fade" start="100" end="0" time="0" delay="0">WindowClose</animation>
	</control>

	<control>
		<type>label</type>
		<description>Current setting:</description>
		<id>1</id>
		<posX>766</posX>
		<posY>455</posY>
		<label>6028</label>
 		<animation effect="fade" start="0" end="100" time="300" delay="350">WindowOpen</animation>
		<animation effect="fade" start="100" end="0" time="0" delay="0">WindowClose</animation>
	</control>

	<control>
		<type>label</type>
		<description>:</description>
		<id>30</id>
		<posX>766</posX>
		<posY>495</posY>
		<font>AvalonLight14</font>
		<textcolor>6aa5cb</textcolor>
		<label>-</label>
 		<animation effect="fade" start="0" end="100" time="300" delay="350">WindowOpen</animation>
		<animation effect="fade" start="100" end="0" time="0" delay="0">WindowClose</animation>
	</control>

</controls>
</window>
