<?xml version="1.0" encoding="utf-8" standalone="yes"?>
<window>
    <id>70943677</id>
    <defaultcontrol>50</defaultcontrol>
    <define>#header.hover:TvWishList.Icon.png</define>
    <controls>
     <control>
      <description>BackGround</description>
      <type>image</type>
      <id>1</id>
      <width>1920</width>
      <height>1080</height>
      <texture>background.png</texture>      
    </control>
	
	<control>
		<description>viewport list</description>
		<type>image</type>
		<id>0</id>
		<posX>0</posX>
		<posY>92</posY>
		<width>1893</width>
		<height>866</height>
		<texture>viewport_tv_recordings.png</texture>
		<animation effect="fade" time="250">WindowOpen</animation>
		<animation effect="fade" time="250">WindowClose</animation>
		<animation effect="slide" time="250" start="-1890,0">WindowOpen</animation>
		<animation effect="slide" time="250" end="-1890,0">WindowClose</animation>
	</control>

	<control>
		<animation effect="fade" time="250">WindowOpen</animation>
		<animation effect="fade" time="250">WindowClose</animation>
		<type>label</type>
		<id>1</id>
		<posX>185</posX>
		<posY>38</posY>
		<width>800</width>
		<label>TvWishList</label>
		<textcolor>6aa5cb</textcolor>
		<font>font22</font>
	</control>

        <import>common.time.xml</import>

	<control>
		<description>buttons</description>
		<type>group</type>
		<animation effect="fade" start="0" end="100" time="300" delay="350">WindowOpen</animation>
		<animation effect="fade" start="100" end="0" time="0" delay="0">WindowClose</animation>
		<posX>130</posX>
		<posY>156</posY>
		<layout>StackLayout</layout>

        <control>
            <id>2</id>
            <description>Back</description>
            <type>button</type>
            <onright>50</onright>
            <ondown>3</ondown>
            <onup>9</onup>
            <hyperlink>70943675</hyperlink>
        </control>
        <control>
            <id>3</id>
            <description>Previous</description>
            <type>button</type>
            <onright>50</onright>
            <onup>2</onup>
            <ondown>4</ondown>
        </control>
        <control>
            <id>4</id>
            <description>Next</description>
            <type>button</type>
            <onright>50</onright>
            <onup>3</onup>
            <ondown>5</ondown>
        </control>
        <control>
            <id>5</id>
            <description>New</description>
            <type>button</type>
            <onright>50</onright>
            <onup>4</onup>
            <ondown>6</ondown>
        </control>
        <control>
            <id>6</id>
            <description>Delete</description>
            <type>button</type>
            <onright>50</onright>
            <onup>5</onup>
            <ondown>7</ondown>
        </control>
        <control>
            <id>7</id>
            <description>Save</description>
            <type>button</type>
            <onright>50</onright>
            <onup>6</onup>
            <ondown>8</ondown>
        </control>
        <control>
            <id>8</id>
            <description>Cancel</description>
            <type>button</type>
            <onright>50</onright>
            <onup>7</onup>
            <ondown>9</ondown>
        </control>
        <control>
            <id>9</id>
            <description>More</description>
            <type>button</type>
            <onright>50</onright>
            <onup>8</onup>
            <ondown>2</ondown>
        </control>
        
    </control>
        
    	<control>
    		<description>Count background</description>
    		<type>image</type>
    		<id>0</id>
    		<posX>0</posX>
    		<posY>900</posY>
    		<width>1865</width>
    		<height>96</height>
    		<texture>basichome_rss_bg.png</texture>
    		<animation effect="fade" start="0" end="100" time="300" delay="350">WindowOpen</animation>
    		<animation effect="fade" start="100" end="0" time="0" delay="0">WindowClose</animation>
    	</control>
        
        <control>
            <id>50</id>
            <description>listcontrol</description>
            <type>listcontrol</type>
			<posX>918</posX>
			<posY>160</posY>
			<height>800</height>
			<width>919</width>
            <spinPosX>1832</spinPosX>
            <spinPosY>950</spinPosY>
            <dimColor>ffffffff</dimColor>
		    <animation effect="fade" start="0" end="100" time="300" delay="350">WindowOpen</animation>
	    	<animation effect="fade" start="100" end="0" time="0" delay="0">WindowClose</animation>
        </control>
        <control>
            <id>61</id>
            <type>fadelabel</type>
            <posX>344</posX>
            <posY>679</posY>
            <width>650</width>
            <label>#status.label</label>
		    <animation effect="fade" start="0" end="100" time="300" delay="350">WindowOpen</animation>
		    <animation effect="fade" start="100" end="0" time="0" delay="0">WindowClose</animation>
        </control>
        <control>
            <id>21</id>
            <description>Header</description>
            <type>label</type>
            <posX>948</posX>
            <posY>950</posY>
            <font>AvalonLight12</font>
            <label>#header.label</label>
    		<textcolor>6aa5cb</textcolor>
		    <animation effect="fade" start="0" end="100" time="300" delay="350">WindowOpen</animation>
		    <animation effect="fade" start="100" end="0" time="0" delay="0">WindowClose</animation>
        </control>
        <control>
            <id>20</id>
            <description>TvWishListIcon</description>
            <type>image</type>
            <visible>yes</visible>
    		<posX>130</posX>
    		<posY>720</posY>
            <width>156</width>
            <height>156</height>
            <texture>TvWishList.Icon.png</texture>
		    <animation effect="fade" start="0" end="100" time="300" delay="350">WindowOpen</animation>
		    <animation effect="fade" start="100" end="0" time="0" delay="0">WindowClose</animation>
        </control>
        
    </controls>
</window>
