<?xml version="1.0" encoding="utf-8" standalone="yes"?>
<window>
	<controls>

	<!-- Videocodec -->
	<control>
		<description>1080p / H.264 / Widescreen</description>
		<type>image</type>
		<id>0</id>
		<posX>484</posX>
		<posY>969</posY>
		<width>177</width>
		<height>38</height>
		<keepaspectratio>yes</keepaspectratio>
		<texture>Logos\video\1080p h264 widescreen.png</texture>
		<visible>string.contains(#Play.Current.VideoResolution,1080p)+string.contains(#Play.Current.VideoCodec.Texture,AVC)]+string.contains(#Play.Current.AspectRatio,widescreen)]</visible>
	</control>
	
	<control>
		<description>720p / H.264 / Widescreen</description>
		<type>image</type>
		<id>0</id>
		<posX>484</posX>
		<posY>969</posY>
		<width>177</width>
		<height>38</height>
		<keepaspectratio>yes</keepaspectratio>
		<texture>Logos\video\720p h264 widescreen.png</texture>
		<visible>string.contains(#Play.Current.VideoResolution,720p) + [string.contains(#Play.Current.VideoCodec.Texture,h264) | string.contains(#Play.Current.VideoCodec.Texture,AVC)] + string.contains(#Play.Current.AspectRatio,widescreen)</visible>
	</control>
	
	<control>
		<description>SD / Xvid / Widescreen</description>
		<type>image</type>
		<id>0</id>
		<posX>484</posX>
		<posY>969</posY>
		<width>177</width>
		<height>38</height>
		<keepaspectratio>yes</keepaspectratio>
		<texture>Logos\video\SD xvid widescreen.png</texture>
		<visible>string.contains(#Play.Current.VideoResolution, SD)+string.contains(#Play.Current.VideoCodec.Texture, XVID)+string.contains(#Play.Current.AspectRatio, widescreen)</visible>
	</control>
	
	<control>
		<description>SD / Xvid / Fullscreen</description>
		<type>image</type>
		<id>0</id>
		<posX>484</posX>
		<posY>969</posY>
		<width>177</width>
		<height>38</height>
		<keepaspectratio>yes</keepaspectratio>
		<texture>Logos\video\SD xvid fullscreen.png</texture>
		<visible>[string.contains(#Play.Current.VideoResolution,SD)+string.contains(#Play.Current.VideoCodec.Texture,XVID)+string.contains(#Play.Current.AspectRatio,fullscreen)]</visible>
	</control>
	
	<control>
		<description>SD / DivX / Widescreen</description>
		<type>image</type>
		<id>0</id>
		<posX>484</posX>
		<posY>969</posY>
		<width>177</width>
		<height>38</height>
		<keepaspectratio>yes</keepaspectratio>
		<texture>Logos\video\SD divx widescreen.png</texture>
		<visible>[string.contains(#Play.Current.VideoResolution,SD)+string.contains(#Play.Current.VideoCodec.Texture,DIVX)+string.contains(#Play.Current.AspectRatio,widescreen)]</visible>
	</control>
	
	<control>
		<description>SD / DivX / Fullscreen</description>
		<type>image</type>
		<id>0</id>
		<posX>484</posX>
		<posY>969</posY>
		<width>177</width>
		<height>38</height>
		<keepaspectratio>yes</keepaspectratio>
		<texture>Logos\video\SD divx fullscreen.png</texture>
		<visible>string.contains(#Play.Current.VideoResolution,SD)+string.contains(#Play.Current.VideoCodec.Texture,DIVX)+string.contains(#Play.Current.AspectRatio,fullscreen)]</visible>
	</control>
	
	<!-- Audio -->
	
	<control>
		<description>Audiocodec/channels</description>
		<type>image</type>
		<id>0</id>
		<posX>669</posX>
		<posY>969</posY>
		<width>103</width>
		<height>38</height>
		<keepaspectratio>yes</keepaspectratio>
		<texture>Logos\audio\#Play.Current.AudioCodec.Texture #Play.Current.AudioChannels.png</texture>
	</control>
	
	<!-- Source -->
	<control>
		<description>BluRay</description>
		<type>image</type>
		<id>0</id>
		<posX>784</posX>
		<posY>969</posY>
		<height>38</height>
		<keepaspectratio>yes</keepaspectratio>
		<texture>Logos\source\bluray.png</texture>
		<visible>[string.contains(#Play.Current.VideoResolution,720p)|string.contains(#Play.Current.VideoResolution,1080p)]</visible>
	</control>
	
	<control>
		<description>DVD</description>
		<type>image</type>
		<id>0</id>
		<posX>784</posX>
		<posY>969</posY>
		<height>38</height>
		<keepaspectratio>yes</keepaspectratio>
		<texture>Logos\source\dvd.png</texture>
		<visible>[string.contains(#Play.Current.VideoResolution,SD)]</visible>
	</control>

	</controls>
</window>