<?xml version="1.0" encoding="utf-8" standalone="yes"?>
<window>
<defaultcontrol>4</defaultcontrol>
<id>3008</id>
<controls>

	<control>
		<description>Pause logo</description>
		<type>image</type>
		<id>4</id>
		<posX>2200</posX>
		<posY>600</posY>
		<width>42</width>
		<height>52</height>
		<texture>logo_pause.png</texture>
		<visible>player.paused</visible>
	</control>

	<control>
		<description>FF logo</description>
		<type>image</type>
		<id>5</id>
		<posX>2200</posX>
		<posY>600</posY>
		<width>42</width>
		<height>52</height>
		<texture>logo_fastforward.png</texture>
		<visible>player.forwarding</visible>
	</control>

	<control>
		<description>RW logo</description>
		<type>image</type>
		<id>6</id>
		<posX>2200</posX>
		<posY>600</posY>
		<width>42</width>
		<height>52</height>
		<texture>logo_rewind.png</texture>
		<visible>player.rewinding</visible>
	</control>

</controls>
</window>
