<?xml version="1.0" encoding="utf-8" standalone="yes"?>
<window>
<id>2005</id>
<defaultcontrol>220</defaultcontrol>
<allowoverlay>no</allowoverlay>
<controls>

        <control>
          <description>background image (not used!)</description>
          <type>image</type>
          <id>105</id>
          <posX>2180</posX>
          <posY>628</posY>
          <width>1000</width>
          <height>89</height>
          <texture>blue.png</texture>
          <visible>window.ispauseosdvisible|player.rewinding|player.forwarding</visible>
        </control>

		<control>
			<description>background image when pause, forward, rewind</description>
			<type>image</type>
			<id>111</id>
    		<posX>180</posX>
    		<posY>875</posY>
    		<width>1560</width>
    		<height>204</height>
    		<texture>osd_pause_bg.png</texture>
			<visible>!window.isosdvisible+window.ispauseosdvisible+player.paused|player.rewinding|player.forwarding|control.isVisible(10)|control.isVisible(11)|control.isVisible(12)</visible>
		</control>

    	<control>
    		<type>label</type>
    		<id>1</id>
    		<description>Clock</description>
    		<posX>278</posX>
    		<posY>973</posY>
    		<width>144</width>
    		<font>AvalonLight14</font>
    		<align>center</align>
    		<label>#time</label>
    		<textcolor>ff85cffe</textcolor>
			<visible>!window.isosdvisible+window.ispauseosdvisible+player.paused|player.rewinding|player.forwarding|control.isVisible(10)|control.isVisible(11)|control.isVisible(12)</visible>
    	</control>
    	
    	<control>
    		<description>clock bg</description>
    		<type>image</type>
    		<id>0</id>
    		<posX>257</posX>
    		<posY>947</posY>
    		<width>184</width>
    		<height>49</height>
    		<texture>osd_clock_pause_bg.png</texture>
			<visible>!window.isosdvisible+window.ispauseosdvisible+player.paused|player.rewinding|player.forwarding|control.isVisible(10)|control.isVisible(11)|control.isVisible(12)</visible>
    	</control>
    	
    	<control>
    		<description>skip panel</description>
    		<type>image</type>
    		<id>1</id>
    		<posX>696</posX>
    		<posY>814</posY>
    		<width>532</width>
    		<height>106</height>
    		<texture>tvosd_skip_panel.png</texture>
			<visible>!window.isosdvisible+window.ispauseosdvisible+player.rewinding|player.forwarding|control.isVisible(10)|control.isVisible(11)|control.isVisible(12)</visible>
    	</control>
        
    	<control>
    		<description>pause button</description>
    		<type>image</type>
    		<id>1</id>
    		<posX>1481</posX>
    		<posY>947</posY>
    		<width>184</width>
    		<height>49</height>
    		<texture>osd_play_button.png</texture>
			<visible>!window.isosdvisible+window.ispauseosdvisible+player.paused|player.rewinding|player.forwarding|control.isVisible(10)|control.isVisible(11)|control.isVisible(12)</visible>
    	</control>
    	
    	<control>
    		<description>pause button</description>
    		<type>image</type>
    		<id>1</id>
    		<posX>857</posX>
    		<posY>295</posY>
    		<width>209</width>
    		<height>221</height>
    		<texture>osd_pause.png</texture>
    		<visible>!window.isosdvisible+window.ispauseosdvisible+player.paused</visible>
    	</control>

    	<control>
    		<description>progressbar bg</description>
    		<type>image</type>
    		<id>0</id>
    		<posX>588</posX>
    		<posY>964</posY>
    		<width>737</width>
    		<height>18</height>
    		<texture>osd_progress_bg.png</texture>
			<visible>control.isVisible(111)|control.isVisible(10)|control.isVisible(11)|control.isVisible(12)</visible>
    	</control>

		<control>
			<description>Progress Bar</description>
			<type>progress</type>
			<id>1</id>
			<posX>578</posX>
			<posY>966</posY>
			<width>758</width>
			<height>15</height>
			<label>#percentage</label>
			<texturebg>-</texturebg>
			<lefttexture>osd_progress_left.png</lefttexture>
			<midtexture>osd_progress_mid.png</midtexture>
			<righttexture>osd_progress_right.png</righttexture>
			<label>#percentage</label>
			<visible>control.isVisible(111)|control.isVisible(10)|control.isVisible(11)|control.isVisible(12)</visible>
	</control>

		<control>
			<description>Remaining time</description>
			<type>label</type>
			<id>102</id>
    		<posX>1415</posX>
    		<posY>955</posY>
    		<label>#currentremaining</label>
    		<align>right</align>
    		<font>font11</font>
			<visible>control.isVisible(111)|control.isVisible(10)|control.isVisible(11)|control.isVisible(12)</visible>
		</control>

		<control>
			<description>Start Time Info</description>
			<type>label</type>
			<id>101</id>
    		<posX>484</posX>
    		<posY>955</posY>
    		<label>#currentplaytime</label>
    		<align>left</align>
    		<font>font11</font>
			<visible>control.isVisible(111)|control.isVisible(10)|control.isVisible(11)|control.isVisible(12)</visible>
		</control>

    	<control>
    		<description>row 1 label</description>
    		<type>label</type>
    		<id>10</id>
    		<posX>738</posX>
    		<posY>892</posY>
    		<width>444</width>
    		<font>fontB14</font>
    		<align>center</align>
    		<textcolor>ffffffff</textcolor>
    		<label>-</label>
    	</control>
    
    	<control>
    		<description>row 2 label</description>
    		<type>label</type>
    		<id>11</id>
    		<posX>738</posX>
    		<posY>892</posY>
    		<width>444</width>
    		<font>fontB14</font>
    		<align>center</align>
    		<textcolor>ffffffff</textcolor>
    		<label>-</label>
    	</control>
    
    	<control>
    		<description>row 3 label</description>
    		<type>label</type>
    		<id>12</id>
    		<posX>738</posX>
    		<posY>892</posY>
    		<width>444</width>
    		<font>fontB14</font>
    		<align>center</align>
    		<textcolor>ffffffff</textcolor>
    		<label>-</label>
    	</control>

	<control>
		<description>pause image</description>
		<type>image</type>
		<id>16</id>
		<posX>1157</posX>
		<posY>18</posY>
		<width>48</width>
		<height>48</height>
		<visible>no</visible>
		<texture>osd_pause.png</texture>
	</control>

	<control>
		<description>2x image</description>
		<type>image</type>
		<id>17</id>
		<posX>1150</posX>
		<posY>20</posY>
		<width>134</width>
		<height>71</height>
		<visible>no</visible>
		<texture>video+2x.png</texture>
		<colordiffuse>White</colordiffuse>
	</control>

	<control>
		<description>4x image</description>
		<type>image</type>
		<id>18</id>
		<posX>1150</posX>
		<posY>20</posY>
		<width>134</width>
		<height>71</height>
		<visible>no</visible>
		<texture>video+4x.png</texture>
		<colordiffuse>White</colordiffuse>
	</control>

	<control>
		<description>8x image</description>
		<type>image</type>
		<id>19</id>
		<posX>1150</posX>
		<posY>20</posY>
		<width>134</width>
		<height>71</height>
		<visible>no</visible>
		<texture>video+8x.png</texture>
		<colordiffuse>White</colordiffuse>
	</control>

	<control>
		<description>16x image</description>
		<type>image</type>
		<id>20</id>
		<posX>1150</posX>
		<posY>20</posY>
		<width>134</width>
		<height>71</height>
		<visible>no</visible>
		<texture>video+16x.png</texture>
		<colordiffuse>White</colordiffuse>
	</control>

	<control>
		<description>32x image</description>
		<type>image</type>
		<id>21</id>
		<posX>1150</posX>
		<posY>20</posY>
		<width>134</width>
		<height>71</height>
		<visible>no</visible>
		<texture>video+32x.png</texture>
		<colordiffuse>White</colordiffuse>
	</control>

	<control>
		<description>- 2x image</description>
		<type>image</type>
		<id>23</id>
		<posX>1150</posX>
		<posY>20</posY>
		<width>134</width>
		<height>71</height>
		<visible>no</visible>
		<texture>video-2x.png</texture>
		<colordiffuse>White</colordiffuse>
	</control>

	<control>
		<description>- 4x image</description>
		<type>image</type>
		<id>24</id>
		<posX>1150</posX>
		<posY>20</posY>
		<width>134</width>
		<height>71</height>
		<visible>no</visible>
		<texture>video-4x.png</texture>
		<colordiffuse>White</colordiffuse>
	</control>

	<control>
		<description>- 8x image</description>
		<type>image</type>
		<id>25</id>
		<posX>1150</posX>
		<posY>20</posY>
		<width>134</width>
		<height>71</height>
		<visible>no</visible>
		<texture>video-8x.png</texture>
		<colordiffuse>White</colordiffuse>
	</control>

	<control>
		<description>- 16x image</description>
		<type>image</type>
		<id>26</id>
		<posX>1150</posX>
		<posY>20</posY>
		<width>134</width>
		<height>71</height>
		<visible>no</visible>
		<texture>video-16x.png</texture>
		<colordiffuse>White</colordiffuse>
	</control>

	<control>
		<description>- 32x image</description>
		<type>image</type>
		<id>27</id>
		<posX>1150</posX>
		<posY>20</posY>
		<width>134</width>
		<height>71</height>
		<visible>no</visible>
		<texture>video-32x.png</texture>
		<colordiffuse>White</colordiffuse>
	</control>

	<control>
		<type>image</type>
		<id>500</id>
		<posX>977</posX>
		<posY>18</posY>
		<width>32</width>
		<height>32</height>
		<texture>osdaudiomutenf.png</texture>
		<colordiffuse>White</colordiffuse>
		<visible>no</visible>
	</control>

	<control>
		<type>volumebar</type>
		<id>501</id>
		<posX>1062</posX>
		<posY>60</posY>
		<align>right</align>
		<height>13</height>
		<imageHeight>3</imageHeight>
		<texture>volume.states.png</texture>
		<colordiffuse>White</colordiffuse>
		<visible>no</visible>
	</control>

	<control>
		<type>image</type>
		<id>502</id>
		<posX>1110</posX>
		<posY>18</posY>
		<width>48</width>
		<height>48</height>
		<texture>video.action.forbidden.png</texture>
		<colordiffuse>White</colordiffuse>
		<visible>no</visible>
	</control>
</controls>
</window>
