<?xml version="1.0" encoding="utf-8" standalone="yes"?>
<window>
  <allowoverlay>yes</allowoverlay>
  <controls>
  
	<control>
		<description>today label</description>
		<type>label</type>
		<id>0</id>
		<posX>1058</posX>
		<posY>150</posY>
		<label>#(string.rtrim(L(143),':'))</label>
		<font>fontB16</font>
		<visible>string.equals(#WorldWeather.View,Condition)+string.equals(#WorldWeather.ConditionView,Normal)</visible>
		<animation effect="fade" start="0" end="100" time="300" delay="350">WindowOpen</animation>
		<animation effect="fade" start="100" end="0" time="0" delay="0">WindowClose</animation>
	</control>
		
    <!-- *** Weather Icon *** -->
	
    <control>
		<description>current weather icon</description>
		<type>image</type>
		<id>0</id>
		<posX>678</posX>
		<posY>160</posY>
		<height>187</height>
		<width>187</width>
		<texture>#WorldWeather.TodayIconImage</texture>
		<visible>string.equals(#WorldWeather.View,Condition)+string.equals(#WorldWeather.ConditionView,Normal)</visible>
		<animation effect="fade" start="0" end="100" time="300" delay="350">WindowOpen</animation>
	    <animation effect="fade" start="100" end="0" time="0" delay="0">WindowClose</animation>
	</control>
		
    <control>
		<description>current Moonphase image</description>
		<type>image</type>
		<id>0</id>
		<posX>1560</posX>
		<posY>405</posY>
		<height>60</height>
		<width>60</width>
		<texture>#WorldWeather.LocationMoonPhaseImage</texture>
		<visible>string.equals(#WorldWeather.View,Condition)+string.equals(#WorldWeather.ConditionView,Normal)</visible>
		 <animation effect="fade" start="0" end="100" time="300" delay="350">WindowOpen</animation>
	    <animation effect="fade" start="100" end="0" time="0" delay="0">WindowClose</animation>
    </control>
	
    <control>
		<type>group</type>
		<description>group element</description>
		<layout>StackLayout(0, Vertical, true)</layout>
		<dimColor>0xffffffff</dimColor>
		<animation effect="fade" start="0" end="100" time="300" delay="350">WindowOpen</animation>
	    <animation effect="fade" start="100" end="0" time="0" delay="0">WindowClose</animation>
		<posX>1058</posX>
		<posY>192</posY>
	  
      <!-- *** Temperature label *** -->
	  
      <control>
        <description>Current Temp static label</description>
        <type>label</type>
        <id>0</id>
        <label>#WorldWeather.TranslationTemperature:</label>
        <font>font12</font>
        <height>32</height>
        <textcolor>6aa5cb</textcolor>
        <visible>string.equals(#WorldWeather.View,Condition)+string.equals(#WorldWeather.ConditionView,Normal)</visible>
      </control>
	  
      <!-- *** Current condition label *** -->
	  
      <control>
        <description>current condition static label</description>
        <type>label</type>
        <id>0</id>
        <label>#WorldWeather.TranslationCondition:</label>
        <font>font12</font>
        <height>32</height>
        <textcolor>6aa5cb</textcolor>
      	<visible>string.equals(#WorldWeather.View,Condition)+string.equals(#WorldWeather.ConditionView,Normal)</visible>
      </control>
	  
      <!-- *** preicipitation label *** -->
	  
      <control>
        <description>Current Precipitation static label</description>
        <type>label</type>
        <id>0</id>
        <label>#WorldWeather.TranslationPrecipitation:</label>
        <font>font12</font>
        <height>32</height>
        <textcolor>6aa5cb</textcolor>
        <visible>string.equals(#WorldWeather.View,Condition)+string.equals(#WorldWeather.ConditionView,Normal)+!string.equals(#WorldWeather.TodayPrecipitation, )</visible>
      </control>
	  
      <!-- *** Current visibility label *** -->
	  
      <control>
        <description>current visibility label</description>
        <type>label</type>
        <id>0</id>
        <label>#WorldWeather.TranslationVisibility:</label>
        <font>font12</font>
        <height>32</height>
        <textcolor>6aa5cb</textcolor>
        <visible>string.equals(#WorldWeather.View,Condition)+string.equals(#WorldWeather.ConditionView,Normal)+!string.equals(#WorldWeather.TodayVisibility, )</visible>
      </control>
	  
      <!-- *** Current wind label *** -->
	  
      <control>
        <description>current wind static label</description>
        <type>label</type>
        <id>0</id>
        <label>#WorldWeather.TranslationWind:</label>
        <font>font12</font>
        <height>32</height>
        <textcolor>6aa5cb</textcolor>
        <visible>string.equals(#WorldWeather.View,Condition)+string.equals(#WorldWeather.ConditionView,Normal)</visible>
      </control>
	  
      <!-- *** Current humidity label *** -->
	  
      <control>
        <description>current humidity static label</description>
        <type>label</type>
        <id>0</id>
        <label>#WorldWeather.TranslationHumidity:</label>
        <font>font12</font>
        <height>32</height>
        <textcolor>6aa5cb</textcolor>
        <visible>string.equals(#WorldWeather.View,Condition)+string.equals(#WorldWeather.ConditionView,Normal)</visible>
      </control>
	  
      <!-- *** Dewpoint label *** -->
	  
      <control>
        <description>Current Dewpoint label</description>
        <type>label</type>
        <id>0</id>
        <label>#WorldWeather.TranslationDewPoint:</label>
        <font>font12</font>
        <height>32</height>
        <textcolor>6aa5cb</textcolor>
        <visible>string.equals(#WorldWeather.View,Condition)+string.equals(#WorldWeather.ConditionView,Normal)+!string.equals(#WorldWeather.TodayDewPoint, )</visible>
      </control>
	  
      <!-- *** Current sunrise label *** -->
	  
      <control>
        <description>current sunset static label</description>
        <type>label</type>
        <id>0</id>
        <label>#WorldWeather.TranslationSunrise:</label>
        <font>font12</font>
        <height>32</height>
        <textcolor>6aa5cb</textcolor>
        <visible>string.equals(#WorldWeather.View,Condition)+string.equals(#WorldWeather.ConditionView,Normal)</visible>
      </control>
	  
      <!-- *** Current sunset label *** -->
	  
      <control>
        <description>current sunset static label</description>
        <type>label</type>
        <id>0</id>
        <label>#WorldWeather.TranslationSunset:</label>
        <font>font12</font>
        <height>32</height>
        <textcolor>6aa5cb</textcolor>
        <visible>string.equals(#WorldWeather.View,Condition)+string.equals(#WorldWeather.ConditionView,Normal)</visible>
      </control>
	  
      <!-- *** Current moonphase label *** -->
	  
      <control>
        <description>current moonphase static label</description>
        <type>label</type>
        <id>0</id>
        <label>#WorldWeather.TranslationMoonPhase:</label>
        <font>font12</font>
        <height>32</height>
        <textcolor>6aa5cb</textcolor>
        <visible>string.equals(#WorldWeather.View,Condition)+string.equals(#WorldWeather.ConditionView,Normal)</visible>
      </control>
    </control>
	
	
    <control>
      <type>group</type>
      <description>group element</description>
      <layout>StackLayout(0, Vertical, true)</layout>
      <dimColor>0xffffffff</dimColor>
		  <animation effect="fade" start="0" end="100" time="300" delay="350">WindowOpen</animation>
	    <animation effect="fade" start="100" end="0" time="0" delay="0">WindowClose</animation>
      <posX>1320</posX>
      <posY>192</posY>
      <control>
        <description>current temp label</description>
        <type>label</type>
        <id>0</id>
        <label>#WorldWeather.TodayTemperature</label>
        <font>font12</font>
        <height>32</height>
        <textcolor>ffffff</textcolor>
        <visible>string.equals(#WorldWeather.View,Condition)+string.equals(#WorldWeather.ConditionView,Normal)</visible>
      </control>
      <control>
        <description>current condition label</description>
        <type>label</type>
        <id>0</id>
        <label>#WorldWeather.TodayCondition</label>
        <font>font12</font>
        <height>32</height>
        <textcolor>ffffff</textcolor>
        <visible>string.equals(#WorldWeather.View,Condition)+string.equals(#WorldWeather.ConditionView,Normal)</visible>
      </control>
      <control>
        <description>Current Precipitation label</description>
        <type>label</type>
        <id>0</id>
        <label>#WorldWeather.TodayPrecipitation</label>
        <font>font12</font>
        <height>32</height>
        <textcolor>ffffff</textcolor>
        <visible>string.equals(#WorldWeather.View,Condition)+string.equals(#WorldWeather.ConditionView,Normal)+!string.equals(#WorldWeather.TodayPrecipitation, )</visible>
      </control>
      <control>
        <description>current visibility label</description>
        <type>label</type>
        <id>0</id>
        <label>#WorldWeather.TodayVisibility</label>
        <font>font12</font>
        <height>32</height>
        <textcolor>ffffff</textcolor>
        <visible>string.equals(#WorldWeather.View,Condition)+string.equals(#WorldWeather.ConditionView,Normal)+!string.equals(#WorldWeather.TodayVisibility, )+string.equals(#WorldWeather.TodayCloudCoverage, )</visible>
      </control>
      <control>
        <description>current visibility label</description>
        <type>label</type>
        <id>0</id>
        <label>#WorldWeather.TodayVisibility  (#WorldWeather.TodayCloudCoverage #WorldWeather.TranslationCloudCoverage)</label>
        <font>font12</font>
        <height>32</height>
        <textcolor>ffffff</textcolor>
        <visible>string.equals(#WorldWeather.View,Condition)+string.equals(#WorldWeather.ConditionView,Normal)+!string.equals(#WorldWeather.TodayVisibility, )+!string.equals(#WorldWeather.TodayCloudCoverage, )</visible>
      </control>
      <control>
        <description>current wind label</description>
        <type>label</type>
        <id>0</id>
        <label>#WorldWeather.TodayWindDirection - #WorldWeather.TodayWindSpeed</label>
        <font>font12</font>
        <height>32</height>
        <textcolor>ffffff</textcolor>
        <width>500</width>
        <visible>string.equals(#WorldWeather.View,Condition)+string.equals(#WorldWeather.ConditionView,Normal)+string.equals(#WorldWeather.TodayWindDirectionDegree, )</visible>
      </control>
      <control>
        <description>current wind label</description>
        <type>label</type>
        <id>0</id>
        <label>#WorldWeather.TodayWindDirection (#WorldWeather.TodayWindDirectionDegree) - #WorldWeather.TodayWindSpeed</label>
        <font>font12</font>
        <height>32</height>
        <textcolor>ffffff</textcolor>
        <visible>string.equals(#WorldWeather.View,Condition)+string.equals(#WorldWeather.ConditionView,Normal)+!string.equals(#WorldWeather.TodayWindDirectionDegree, )</visible>
      </control>
      <control>
        <description>current humidity label</description>
        <type>label</type>
        <id>0</id>
        <label>#WorldWeather.TodayHumidity, #WorldWeather.TodayPressure  #WorldWeather.TodayBarometricPressure</label>
        <font>font12</font>
        <height>32</height>
        <textcolor>ffffff</textcolor>
        <visible>string.equals(#WorldWeather.View,Condition)+string.equals(#WorldWeather.ConditionView,Normal)+!string.equals(#WorldWeather.TodayPressure, )</visible>
      </control>
      <control>
        <description>current humidity label</description>
        <type>label</type>
        <id>0</id>
        <label>#WorldWeather.TodayHumidity</label>
        <font>font12</font>
        <height>32</height>
        <textcolor>ffffff</textcolor>
        <visible>string.equals(#WorldWeather.View,Condition)+string.equals(#WorldWeather.ConditionView,Normal)+string.equals(#WorldWeather.TodayPressure, )</visible>
      </control>
      <control>
        <description>current dewpoint label</description>
        <type>label</type>
        <id>0</id>
        <label>#WorldWeather.TodayDewPoint</label>
        <font>font12</font>
        <height>32</height>
        <textcolor>ffffff</textcolor>
        <visible>string.equals(#WorldWeather.View,Condition)+string.equals(#WorldWeather.ConditionView,Normal)+!string.equals(#WorldWeather.TodayDewPoint, )</visible>
      </control>
      <control>
        <description>current sunset label</description>
        <type>label</type>
        <id>0</id>
        <label>#WorldWeather.LocationSunriseTime</label>
        <font>font12</font>
        <height>32</height>
        <textcolor>ffffff</textcolor>
        <visible>string.equals(#WorldWeather.View,Condition)+string.equals(#WorldWeather.ConditionView,Normal)+!string.equals(#WorldWeather.TodayDewPoint, )</visible>
      </control>
      <control>
        <description>Current sunrise label</description>
        <type>label</type>
        <id>0</id>
        <label>#WorldWeather.LocationSunsetTime</label>
        <font>font12</font>
        <height>32</height>
        <textcolor>ffffff</textcolor>
        <visible>string.equals(#WorldWeather.View,Condition)+string.equals(#WorldWeather.ConditionView,Normal)</visible>
      </control>
      <control>
        <description>current moonphase label</description>
        <type>label</type>
        <id>0</id>
        <label>#WorldWeather.LocationMoonPhase</label>
        <font>font12</font>
        <height>32</height>
        <textcolor>ffffff</textcolor>
        <visible>string.equals(#WorldWeather.View,Condition)+string.equals(#WorldWeather.ConditionView,Normal)</visible>
      </control>
    </control>
    
    <control>
        <description>current temp label</description>
        <type>label</type>
        <id>0</id>
        <posX>780</posX>
        <posY>385</posY>
        <label>#WorldWeather.TodayTemperature</label>
        <font>AvalonLight32</font>
        <align>center</align>
        <textcolor>ffffff</textcolor>
        <visible>string.equals(#WorldWeather.View,Condition)+string.equals(#WorldWeather.ConditionView,Normal)</visible>
		<animation effect="fade" start="0" end="100" time="300" delay="350">WindowOpen</animation>
		<animation effect="fade" start="100" end="0" time="0" delay="0">WindowClose</animation>
    </control>
    
    <!-- **************************  Separator lines   ***************************-->
	
    <control>
		<description>divider horizontal</description>
		<type>image</type>
		<id>0</id>
		<posX>662</posX>
		<posY>480</posY>
		<width>1103</width>
		<height>2</height>
		<texture>weather_divider.png</texture>
		<visible>string.equals(#WorldWeather.View,Condition)+string.equals(#WorldWeather.ConditionView,Normal)</visible>
		<animation effect="fade" start="0" end="100" time="300" delay="350">WindowOpen</animation>
		<animation effect="fade" start="100" end="0" time="0" delay="0">WindowClose</animation>
    </control>
	
    <!-- *** Forecast (Today) *** -->
	
    <control>
		<description>Day 0 label</description>
		<type>label</type>
		<id>0</id>
		<posX>672</posX>
		<posY>510</posY>
		<height>32</height>
		<width>295</width>
		<textcolor>6aa5cb</textcolor>
		<label>#WorldWeather.ForecastDay0Day</label>
		<visible>string.equals(#WorldWeather.View,Condition)+string.equals(#WorldWeather.ConditionView,Normal)</visible>
		<animation effect="fade" start="0" end="100" time="300" delay="350">WindowOpen</animation>
		<animation effect="fade" start="100" end="0" time="0" delay="0">WindowClose</animation>
		<font>AvalonLight14</font>
    </control>
	
    <control>
		<description>Day 0 Hi label</description>
		<type>label</type>
		<id>0</id>
		<width>110</width>
		<posX>665</posX>
		<posY>728</posY>
		<label>#WorldWeather.ForecastDay0High</label>
		<visible>string.equals(#WorldWeather.View,Condition)+string.equals(#WorldWeather.ConditionView,Normal)</visible>
		<animation effect="fade" start="0" end="100" time="300" delay="350">WindowOpen</animation>
		<animation effect="fade" start="100" end="0" time="0" delay="0">WindowClose</animation>
		<font>AvalonLight18</font>
		<textcolor>FFffffff</textcolor>
    </control>
	
    <control>
		<description>Day 0 low label</description>
		<type>label</type>
		<id>0</id>
		<posX>862</posX>
		<posY>728</posY>
		<align>right</align>
		<width>110</width>
		<label>/#WorldWeather.ForecastDay0Low</label>
		<font>AvalonLight18</font>
		<textcolor>6aa5cb</textcolor>
		<visible>string.equals(#WorldWeather.View,Condition)+string.equals(#WorldWeather.ConditionView,Normal)</visible>
		<animation effect="fade" start="0" end="100" time="300" delay="350">WindowOpen</animation>
		<animation effect="fade" start="100" end="0" time="0" delay="0">WindowClose</animation>
    </control>
	
    <control>
		<description>Day 0 general weather label</description>
		<type>label</type>
		<id>0</id>
		<posX>665</posX>
		<posY>791</posY>
		<width>295</width>
		<label>#WorldWeather.ForecastDay0Condition</label>
		<font>AvalonLight12</font>
		<textcolor>6aa5cb</textcolor>
		<visible>string.equals(#WorldWeather.View,Condition)+string.equals(#WorldWeather.ConditionView,Normal)</visible>
		<animation effect="fade" start="0" end="100" time="300" delay="350">WindowOpen</animation>
		<animation effect="fade" start="100" end="0" time="0" delay="0">WindowClose</animation>
    </control>
	
    <control>
		<description>Day 0 icon</description>
		<type>image</type>
		<id>0</id>
		<posX>672</posX>
		<posY>552</posY>
		<height>150</height>
		<width>150</width>
		<texture>#WorldWeather.ForecastDay0IconImage</texture>
		<visible>string.equals(#WorldWeather.View,Condition)+string.equals(#WorldWeather.ConditionView,Normal)</visible>
		<animation effect="fade" start="0" end="100" time="300" delay="350">WindowOpen</animation>
		<animation effect="fade" start="100" end="0" time="0" delay="0">WindowClose</animation>
    </control>
	
    <control>
		<description>divider</description>
		<type>image</type>
		<id>1</id>
		<posX>664</posX>
		<posY>784</posY>
		<height>2</height>
		<width>201</width>
		<texture>weather_horizontal_bar.png</texture>
		<visible>string.equals(#WorldWeather.View,Condition)+string.equals(#WorldWeather.ConditionView,Normal)</visible>
		<animation effect="fade" start="0" end="100" time="300" delay="350">WindowOpen</animation>
		 <animation effect="fade" start="100" end="0" time="0" delay="0">WindowClose</animation>
    </control>

<!-- *** Day 1 ***	 -->	
    <control>
		<description>Day 1 label</description>
		<type>label</type>
		<id>0</id>
		<posX>965</posX>
		<posY>510</posY>
		<height>32</height>
		<width>295</width>
		<textcolor>6aa5cb</textcolor>
		<label>#WorldWeather.ForecastDay1Day</label>
		<font>AvalonLight14</font>
		<visible>string.equals(#WorldWeather.View,Condition)+string.equals(#WorldWeather.ConditionView,Normal)</visible>
		<animation effect="fade" start="0" end="100" time="300" delay="350">WindowOpen</animation>
		<animation effect="fade" start="100" end="0" time="0" delay="0">WindowClose</animation>
    </control>
	
    <control>
		<description>Day 1 Hi label</description>
		<type>label</type>
		<id>0</id>
		<width>110</width>
		<posX>965</posX>
		<posY>728</posY>
		<label>#WorldWeather.ForecastDay1High</label>
		<font>AvalonLight18</font>
		<visible>string.equals(#WorldWeather.View,Condition)+string.equals(#WorldWeather.ConditionView,Normal)</visible>
		<animation effect="fade" start="0" end="100" time="300" delay="350">WindowOpen</animation>
		<animation effect="fade" start="100" end="0" time="0" delay="0">WindowClose</animation>
    </control>
	
    <control>
		<description>Day 1 low label</description>
		<type>label</type>
		<id>0</id>
		<posX>1162</posX>
		<posY>728</posY>
		<align>right</align>
		<width>110</width>
		<label>/#WorldWeather.ForecastDay1Low</label>
		<font>AvalonLight18</font>
		<textcolor>6aa5cb</textcolor>
		<visible>string.equals(#WorldWeather.View,Condition)+string.equals(#WorldWeather.ConditionView,Normal)</visible>
		<animation effect="fade" start="0" end="100" time="300" delay="350">WindowOpen</animation>
		<animation effect="fade" start="100" end="0" time="0" delay="0">WindowClose</animation>
    </control>
	
    <control>
      <description>Day 1 general weather label</description>
      <type>label</type>
      <id>0</id>
      <posX>966</posX>
      <posY>791</posY>
      <width>295</width>
      <label>#WorldWeather.ForecastDay1Condition</label>
      <font>AvalonLight12</font>
      <textcolor>6aa5cb</textcolor>
      <visible>string.equals(#WorldWeather.View,Condition)+string.equals(#WorldWeather.ConditionView,Normal)</visible>
		<animation effect="fade" start="0" end="100" time="300" delay="350">WindowOpen</animation>
		<animation effect="fade" start="100" end="0" time="0" delay="0">WindowClose</animation>
    </control>
	
    <control>
      <description>Day 1 icon</description>
      <type>image</type>
      <id>0</id>
      <posX>966</posX>
      <posY>552</posY>
      <height>150</height>
      <width>150</width>
      <texture>#WorldWeather.ForecastDay1IconImage</texture>
      <visible>string.equals(#WorldWeather.View,Condition)+string.equals(#WorldWeather.ConditionView,Normal)</visible>
		<animation effect="fade" start="0" end="100" time="300" delay="350">WindowOpen</animation>
		<animation effect="fade" start="100" end="0" time="0" delay="0">WindowClose</animation>
    </control>
	
    <control>
      <description>divider</description>
      <type>image</type>
      <id>1</id>
      <posX>965</posX>
      <posY>784</posY>
      <height>2</height>
      <width>201</width>
      <texture>weather_horizontal_bar.png</texture>
      <visible>string.equals(#WorldWeather.View,Condition)+string.equals(#WorldWeather.ConditionView,Normal)</visible>
		<animation effect="fade" start="0" end="100" time="300" delay="350">WindowOpen</animation>
		<animation effect="fade" start="100" end="0" time="0" delay="0">WindowClose</animation>
    </control>

<!-- *** Day 2 ***	 -->

    <control>
		<description>Day 2 label</description>
		<type>label</type>
		<id>0</id>
		<posX>1266</posX>
		<posY>510</posY>
		<height>32</height>
		<width>295</width>
		<textcolor>6aa5cb</textcolor>
		<label>#WorldWeather.ForecastDay2Day</label>
		<font>AvalonLight14</font>
		<visible>string.equals(#WorldWeather.View,Condition)+string.equals(#WorldWeather.ConditionView,Normal)</visible>
		<animation effect="fade" start="0" end="100" time="300" delay="350">WindowOpen</animation>
		<animation effect="fade" start="100" end="0" time="0" delay="0">WindowClose</animation>
    </control>
	
    <control>
		<description>Day 2 Hi label</description>
		<type>label</type>
		<id>0</id>
		<width>110</width>
		<posX>1266</posX>
		<posY>728</posY>
		<label>#WorldWeather.ForecastDay2High</label>
		<font>AvalonLight18</font>
		<visible>string.equals(#WorldWeather.View,Condition)+string.equals(#WorldWeather.ConditionView,Normal)</visible>
		<animation effect="fade" start="0" end="100" time="300" delay="350">WindowOpen</animation>
		<animation effect="fade" start="100" end="0" time="0" delay="0">WindowClose</animation>
    </control>
	
    <control>
		<description>Day 2 low label</description>
		<type>label</type>
		<id>0</id>
		<posX>1463</posX>
		<posY>728</posY>
		<align>right</align>
		<width>110</width>
		<label>/#WorldWeather.ForecastDay2Low</label>
		<font>AvalonLight18</font>
		<textcolor>6aa5cb</textcolor>
		<visible>string.equals(#WorldWeather.View,Condition)+string.equals(#WorldWeather.ConditionView,Normal)</visible>
		<animation effect="fade" start="0" end="100" time="300" delay="350">WindowOpen</animation>
		<animation effect="fade" start="100" end="0" time="0" delay="0">WindowClose</animation>
    </control>
	
    <control>
		<description>Day 2 general weather label</description>
		<type>label</type>
		<id>0</id>
		<posX>1267</posX>
		<posY>791</posY>
		<width>295</width>
		<label>#WorldWeather.ForecastDay2Condition</label>
		<font>AvalonLight12</font>
		<textcolor>6aa5cb</textcolor>
		<visible>string.equals(#WorldWeather.View,Condition)+string.equals(#WorldWeather.ConditionView,Normal)</visible>
		<animation effect="fade" start="0" end="100" time="300" delay="350">WindowOpen</animation>
		<animation effect="fade" start="100" end="0" time="0" delay="0">WindowClose</animation>
    </control>
	
    <control>
		<description>Day 2 icon</description>
		<type>image</type>
		<id>0</id>
		<posX>1267</posX>
		<posY>552</posY>
		<height>150</height>
		<width>150</width>
		<texture>#WorldWeather.ForecastDay2IconImage</texture>
		<visible>string.equals(#WorldWeather.View,Condition)+string.equals(#WorldWeather.ConditionView,Normal)</visible>
		<animation effect="fade" start="0" end="100" time="300" delay="350">WindowOpen</animation>
		<animation effect="fade" start="100" end="0" time="0" delay="0">WindowClose</animation>
    </control>
	
    <control>
		<description>divider</description>
		<type>image</type>
		<id>0</id>
		<posX>1266</posX>
		<posY>784</posY>
		<height>2</height>
		<width>201</width>
		<texture>weather_horizontal_bar.png</texture>
		<visible>string.equals(#WorldWeather.View,Condition)+string.equals(#WorldWeather.ConditionView,Normal)</visible>
		<animation effect="fade" start="0" end="100" time="300" delay="350">WindowOpen</animation>
		<animation effect="fade" start="100" end="0" time="0" delay="0">WindowClose</animation>
    </control>

<!-- *** Day 3 ***	 -->
	
    <control>
		<description>Day 3 label</description>
		<type>label</type>
		<id>0</id>
		<posX>1570</posX>
		<posY>510</posY>
		<height>32</height>
		<width>295</width>
		<textcolor>6aa5cb</textcolor>
		<label>#WorldWeather.ForecastDay3Day</label>
		<font>AvalonLight14</font>
		<visible>string.equals(#WorldWeather.View,Condition)+string.equals(#WorldWeather.ConditionView,Normal)</visible>
		<animation effect="fade" start="0" end="100" time="300" delay="350">WindowOpen</animation>
		<animation effect="fade" start="100" end="0" time="0" delay="0">WindowClose</animation>
    </control>
	
    <control>
		<description>Day 3 Hi label</description>
		<type>label</type>
		<id>0</id>
		<width>110</width>
		<posX>1570</posX>
		<posY>728</posY>
		<label>#WorldWeather.ForecastDay3High</label>
		<font>AvalonLight18</font>
		<visible>string.equals(#WorldWeather.View,Condition)+string.equals(#WorldWeather.ConditionView,Normal)</visible>
		<animation effect="fade" start="0" end="100" time="300" delay="350">WindowOpen</animation>
		<animation effect="fade" start="100" end="0" time="0" delay="0">WindowClose</animation>
    </control>
	
    <control>
		<description>Day 3 low label</description>
		<type>label</type>
		<id>0</id>
		<posX>1767</posX>
		<posY>728</posY>
		<align>right</align>
		<width>110</width>
		<label>/#WorldWeather.ForecastDay3Low</label>
		<font>AvalonLight18</font>
		<textcolor>6aa5cb</textcolor>
		<visible>string.equals(#WorldWeather.View,Condition)+string.equals(#WorldWeather.ConditionView,Normal)</visible>
		<animation effect="fade" start="0" end="100" time="300" delay="350">WindowOpen</animation>
		<animation effect="fade" start="100" end="0" time="0" delay="0">WindowClose</animation>
    </control>
	
    <control>
		<description>Day 3 general weather label</description>
		<type>label</type>
		<id>0</id>
		<posX>1571</posX>
		<posY>791</posY>
		<width>295</width>
		<label>#WorldWeather.ForecastDay3Condition</label>
		<font>AvalonLight12</font>
		<textcolor>6aa5cb</textcolor>
		<visible>string.equals(#WorldWeather.View,Condition)+string.equals(#WorldWeather.ConditionView,Normal)</visible>
		<animation effect="fade" start="0" end="100" time="300" delay="350">WindowOpen</animation>
		<animation effect="fade" start="100" end="0" time="0" delay="0">WindowClose</animation>
    </control>
	
    <control>
		<description>Day 3 icon</description>
		<type>image</type>
		<id>0</id>
		<posX>1571</posX>
		<posY>552</posY>
		<height>150</height>
		<width>150</width>
		<texture>#WorldWeather.ForecastDay3IconImage</texture>
		<visible>string.equals(#WorldWeather.View,Condition)+string.equals(#WorldWeather.ConditionView,Normal)</visible>
		<animation effect="fade" start="0" end="100" time="300" delay="350">WindowOpen</animation>
		<animation effect="fade" start="100" end="0" time="0" delay="0">WindowClose</animation>
    </control>
	
    <control>
		<description>divider</description>
		<type>image</type>
		<id>0</id>
		<posX>1570</posX>
		<posY>784</posY>
		<height>2</height>
		<width>201</width>
		<texture>weather_horizontal_bar.png</texture>
		<visible>string.equals(#WorldWeather.View,Condition)+string.equals(#WorldWeather.ConditionView,Normal)</visible>
		<animation effect="fade" start="0" end="100" time="300" delay="350">WindowOpen</animation>
		<animation effect="fade" start="100" end="0" time="0" delay="0">WindowClose</animation>
    </control>
	
<!-- *** Day 4 ***	 -->
	
    <!--
    <control>
      <description>Day 4 label</description>
      <type>button</type>
      <id>0</id>
      <posX>1022</posX>
      <posY>510</posY>
      <align>center</align>
      <textalign>center</textalign>
      <textYOff>0</textYOff>
      <height>32</height>
      <width>295</width>
      <label>#WorldWeather.ForecastDay4Day</label>
      <font>AvalonLight14</font>
      <textureNoFocus>button_focus.png</textureNoFocus>
      <visible>string.equals(#WorldWeather.View,Condition)+string.equals(#WorldWeather.ConditionView,Normal)</visible>
    </control>
	
    <control>
      <description>Day 4 Hi label</description>
      <type>label</type>
      <id>0</id>
      <align>center</align>
      <width>295</width>
      <posX>1022</posX>
      <posY>404</posY>
      <label>#WorldWeather.ForecastDay4High</label>
      <font>font12</font>
      <textcolor>coral</textcolor>
      <visible>string.equals(#WorldWeather.View,Condition)+string.equals(#WorldWeather.ConditionView,Normal)</visible>
    </control>
	
    <control>
      <description>Day 4 low label</description>
      <type>label</type>
      <id>0</id>
      <posX>1022</posX>
      <posY>429</posY>
      <align>center</align>
      <width>295</width>
      <label>#WorldWeather.ForecastDay4Low</label>
      <font>font12</font>
      <textcolor>bba9d0f7</textcolor>
      <visible>string.equals(#WorldWeather.View,Condition)+string.equals(#WorldWeather.ConditionView,Normal)</visible>
    </control>
	
    <control>
      <description>Day 4 general weather label</description>
      <type>label</type>
      <id>0</id>
      <posX>1022</posX>
      <posY>618</posY>
      <align>center</align>
      <alignY>top</alignY>
      <width>295</width>
      <label>#WorldWeather.ForecastDay4Condition</label>
      <font>AvalonLight14</font>
      <textcolor>bba9d0f7</textcolor>
      <visible>string.equals(#WorldWeather.View,Condition)+string.equals(#WorldWeather.ConditionView,Normal)</visible>
    </control>
	
    <control>
      <description>Day 4 icon</description>
      <type>image</type>
      <id>0</id>
      <posX>1052</posX>
      <posY>437</posY>
      <height>140</height>
      <width>140</width>
      <texture>#WorldWeather.ForecastDay4IconImage</texture>
      <visible>string.equals(#WorldWeather.View,Condition)+string.equals(#WorldWeather.ConditionView,Normal)</visible>
    </control>
	
    *** Actual Weather Feed *** 
	
    <control>
      <description>Actual Weather Feed Label</description>
      <type>button</type>
      <id>0</id>
      <posX>1022</posX>
      <posY>510</posY>
      <align>center</align>
      <textalign>center</textalign>
      <textYOff>0</textYOff>
      <height>32</height>
      <width>295</width>
      <label>#WorldWeather.TranslationFeed</label>
      <font>AvalonLight14</font>
      <textureFocus>OSDHeader.png</textureFocus>
      <textureNoFocus>OSDHeader.png</textureNoFocus>
      <visible>string.equals(#WorldWeather.View,Condition)+string.equals(#WorldWeather.FeedEnabled,true)+string.equals(#WorldWeather.ConditionView,Normal)+[string.equals(#WorldWeather.ForecastProvider,Google)|string.equals(#WorldWeather.ForecastProvider,Yahoo)]</visible>
    </control>
	
    <control>
      <description>Actual Weather Feed</description>
      <type>textboxscrollup</type>
      <id>0</id>
      <posX>1022</posX>
      <posY>404</posY>
      <align>center</align>
      <width>220</width>
      <height>250</height>
      <label>#WorldWeather.Feed</label>
      <visible>string.equals(#WorldWeather.View,Condition)+string.equals(#WorldWeather.FeedEnabled,true)+string.equals(#WorldWeather.ConditionView,Normal)+[string.equals(#WorldWeather.ForecastProvider,Google)|string.equals(#WorldWeather.ForecastProvider,Yahoo)]</visible>
      <font>font10</font>
      <textcolor>gainsboro</textcolor>
    </control>-->
	
  </controls>
</window>
