<?xml version="1.0" encoding="utf-8" standalone="yes"?>
<window>
  <allowoverlay>yes</allowoverlay>
  <controls
  
    <!-- *** Location *** -->    
	  <control>
	    <description>Location label</description>
	    <type>label</type>
	    <id>0</id>
	    <posX>185</posX>
	    <posY>38</posY>
	    <width>500</width>
	    <label>#(L(8))</label>
	    <textcolor>6aa5cb</textcolor>
	    <font>font22</font>
		<visible>string.equals(#WorldWeather.View,Image)</visible>
	  </control>
	  
	  <control>
	    <description>Selected item Label</description>
	    <type>fadelabel</type>
	    <id>1</id>
	    <posX>1832</posX>
	    <posY>956</posY>
	    <width>697</width>
	    <label>#WorldWeather.TranslationSatelliteImage</label>
	    <font>fontB16</font>
	    <align>right</align>
      <visible>string.equals(#WorldWeather.View,Image)</visible>
	    <animation effect="fade" start="0" end="100" time="300" delay="350">WindowOpen</animation>
	    <animation effect="fade" start="100" end="0" time="0" delay="0">WindowClose</animation>
	  </control>
	    
    <!-- *** Image 0*** -->
    <control>
      <description>Image 0</description>
      <type>image</type>
      <id>0</id>
      <posX>695</posX>
      <posY>182</posY>
      <width>1050</width>
      <height>625</height>
      <keepaspectratio>yes</keepaspectratio>
      <texture>#WorldWeather.ImageWeather0</texture>
      <visible>string.equals(#WorldWeather.View,Image)+string.equals(#WorldWeather.ImageView,Flat)+[control.hasfocus(10)|control.hasfocus(2)|control.hasfocus(3)|control.hasfocus(4)|control.hasfocus(5)|control.hasfocus(9)]</visible>
      <animation effect="fade" time="300">visiblechange</animation>
    </control>
	
    <!-- *** Image 1 *** -->
    <control>
      <description>Image 1</description>
      <type>image</type>
      <id>0</id>
      <posX>695</posX>
      <posY>182</posY>
      <width>1050</width>
      <height>625</height>
      <keepaspectratio>yes</keepaspectratio>
      <texture>#WorldWeather.ImageWeather1</texture>
      <visible>string.equals(#WorldWeather.View,Image)+control.hasfocus(11)+string.equals(#WorldWeather.ImageView,Flat)</visible>
      <animation effect="fade" time="300">visiblechange</animation>
    </control>
    <!-- *** Image 2 *** -->
    <control>
      <description>Image 2</description>
      <type>image</type>
      <id>0</id>
      <posX>695</posX>
      <posY>182</posY>
      <width>1050</width>
      <height>625</height>
      <keepaspectratio>yes</keepaspectratio>
      <texture>#WorldWeather.ImageWeather2</texture>
      <visible>string.equals(#WorldWeather.View,Image)+control.hasfocus(12)+string.equals(#WorldWeather.ImageView,Flat)</visible>
      <animation effect="fade" time="300">visiblechange</animation>
    </control>
    <!-- *** Image 3 *** -->
    <control>
      <description>Image 3</description>
      <type>image</type>
      <id>0</id>
      <posX>695</posX>
      <posY>182</posY>
      <width>1050</width>
      <height>625</height>
      <keepaspectratio>yes</keepaspectratio>
      <texture>#WorldWeather.ImageWeather3</texture>
      <visible>string.equals(#WorldWeather.View,Image)+control.hasfocus(13)+string.equals(#WorldWeather.ImageView,Flat)</visible>
      <animation effect="fade" time="300">visiblechange</animation>
    </control>
    <!-- *** Image 4 *** -->
    <control>
      <description>Image 4</description>
      <type>image</type>
      <id>0</id>
      <posX>695</posX>
      <posY>182</posY>
      <width>1050</width>
      <height>625</height>
      <keepaspectratio>yes</keepaspectratio>
      <texture>#WorldWeather.ImageWeather4</texture>
      <visible>string.equals(#WorldWeather.View,Image)+control.hasfocus(14)+string.equals(#WorldWeather.ImageView,Flat)</visible>
      <animation effect="fade" time="300">visiblechange</animation>
    </control>
    <!-- *** Image 5 *** -->
    <control>
      <description>Image 5</description>
      <type>image</type>
      <id>0</id>
      <posX>695</posX>
      <posY>182</posY>
      <width>1050</width>
      <height>625</height>
      <keepaspectratio>yes</keepaspectratio>
      <texture>#WorldWeather.ImageWeather5</texture>
      <visible>string.equals(#WorldWeather.View,Image)+control.hasfocus(15)+string.equals(#WorldWeather.ImageView,Flat)</visible>
      <animation effect="fade" time="300">visiblechange</animation>
    </control>
    <!-- *** Image 6 *** -->
    <control>
      <description>Image 6</description>
      <type>image</type>
      <id>0</id>
      <posX>695</posX>
      <posY>182</posY>
      <width>1050</width>
      <height>625</height>
      <keepaspectratio>yes</keepaspectratio>
      <texture>#WorldWeather.ImageWeather6</texture>
      <visible>string.equals(#WorldWeather.View,Image)+control.hasfocus(16)+string.equals(#WorldWeather.ImageView,Flat)</visible>
      <animation effect="fade" time="300">visiblechange</animation>
    </control>
    <!-- *** Image 7 *** -->
    <control>
      <description>Image 7</description>
      <type>image</type>
      <id>0</id>
      <posX>695</posX>
      <posY>182</posY>
      <width>1050</width>
      <height>625</height>
      <keepaspectratio>yes</keepaspectratio>
      <texture>#WorldWeather.ImageWeather7</texture>
      <visible>string.equals(#WorldWeather.View,Image)+control.hasfocus(17)+string.equals(#WorldWeather.ImageView,Flat)</visible>
      <animation effect="fade" time="300">visiblechange</animation>
    </control>
    <!-- *** Image 8 *** -->
    <control>
      <description>Image 8</description>
      <type>image</type>
      <id>0</id>
      <posX>695</posX>
      <posY>182</posY>
      <width>1050</width>
      <height>625</height>
      <keepaspectratio>yes</keepaspectratio>
      <texture>#WorldWeather.ImageWeather8</texture>
      <visible>string.equals(#WorldWeather.View,Image)+control.hasfocus(18)+string.equals(#WorldWeather.ImageView,Flat)</visible>
      <animation effect="fade" time="300">visiblechange</animation>
    </control>
    <!-- *** Image 9 *** -->
    <control>
      <description>Image 9</description>
      <type>image</type>
      <id>0</id>
      <posX>695</posX>
      <posY>182</posY>
      <width>1050</width>
      <height>625</height>
      <keepaspectratio>yes</keepaspectratio>
      <texture>#WorldWeather.ImageWeather9</texture>
      <visible>string.equals(#WorldWeather.View,Image)+control.hasfocus(19)+string.equals(#WorldWeather.ImageView,Flat)</visible>
      <animation effect="fade" time="300">visiblechange</animation>
    </control>
    <!-- *** Image 10 *** -->
    <control>
      <description>Image 10</description>
      <type>image</type>
      <id>0</id>
      <posX>695</posX>
      <posY>182</posY>
      <width>1050</width>
      <height>625</height>
      <keepaspectratio>yes</keepaspectratio>
      <texture>#WorldWeather.ImageWeather10</texture>
      <visible>string.equals(#WorldWeather.View,Image)+control.hasfocus(20)+string.equals(#WorldWeather.ImageView,Flat)</visible>
      <animation effect="fade" time="300">visiblechange</animation>
    </control>
    <!-- *** Image Facade *** -->
    <control>
      <description>group element</description>
      <type>group</type>
      <visible>!control.HasFocus(50)</visible>
      <control>
        <description>Weather facade</description>
        <type>facadeview</type>
        <id>50</id>
        <!-- *** Thumbnail *** -->
        <control>
				<description>Thumbnail Panel</description>
					<type>thumbnailpanel</type>
					<id>50</id>
					<posX>695</posX>
					<posY>182</posY>
					<width>1050</width>
					<height>700</height>
          <onleft>5</onleft>
          <onright>5</onright>      
				  <imageFolder>-</imageFolder>          
				  <imageFolderFocus>-</imageFolderFocus>  
				  <showFrame>true</showFrame>          
				  <dimColor>90ffffff</dimColor> 
				  <enableFocusZoom>no</enableFocusZoom>                    
				  <zoomXPixels>60</zoomXPixels>
				  <zoomYPixels>40</zoomYPixels>          
				  <hideUnfocusTexture>no</hideUnfocusTexture>          
			    <renderFocusText>no</renderFocusText>
				  <renderUnfocusText>no</renderUnfocusText>                    
				  <thumbZoom>no</thumbZoom>
				  <frameNoFocus>onlinevideos_thumb_nofocus.png</frameNoFocus>
			    <frameFocus>onlinevideos_thumb_focus.png</frameFocus>
			    <textureMask>onlinevideos_thumb_mask.png</textureMask>
				  <itemWidth>245</itemWidth>
				  <itemHeight>129</itemHeight>
				  <textureWidth>245</textureWidth>
				  <textureHeight>129</textureHeight>
				  <thumbWidth>245</thumbWidth>
				  <thumbHeight>129</thumbHeight>
				  <thumbPosX>0</thumbPosX>
				  <thumbPosY>0</thumbPosY>
				  <itemWidthBig>350</itemWidthBig>
				  <itemHeightBig>205</itemHeightBig>
				  <textureWidthBig>350</textureWidthBig>
				  <textureHeightBig>205</textureHeightBig>
	    		<thumbWidthBig>350</thumbWidthBig>
	    		<thumbHeightBig>205</thumbHeightBig>
	    		<thumbPosXBig>0</thumbPosXBig>
	    		<thumbPosYBig>0</thumbPosYBig>
	        <spinPosX>1832</spinPosX>
	        <spinPosY>730</spinPosY>  
          <visible>string.equals(#WorldWeather.View,Image)+string.equals(#WorldWeather.ImageView,Thumbnail)+!string.equals(#WorldWeather.ImageSatellite, )</visible>
        </control>
        <!-- *** Image filmstrip *** -->
        <control>
          <description>Filmstrip view</description>
          <type>filmstrip</type>
          <id>50</id>
          <onleft>5</onleft>
          <onright>5</onright>
          <onup>5</onup>
          <ondown>5</ondown>
					<posX>130</posX>
					<posY>422</posY>
					<width>1920</width>
					<height>768</height>
					<thumbWidth>523</thumbWidth>
					<thumbHeight>350</thumbHeight>
					<thumbPosX>0</thumbPosX>
					<thumbPosY>0</thumbPosY>
					<itemWidth>533</itemWidth>
					<itemHeight>350</itemHeight>
					<textureWidth>523</textureWidth>
					<textureHeight>350</textureHeight>
					<textYOff>0</textYOff>
					<textXOff>-2000</textXOff>
					<font>fontB12</font>
          <imageFolderFocus>-</imageFolderFocus>
          <imageFolder>-</imageFolder>
          <frame>-</frame>
          <frameFocus>-</frameFocus>
          <background>-</background>
					<thumbs flipY="true" diffuse="Thumb_Mask_test.png" mask="pictures_filmstrip_mask.png"></thumbs>
          <InfoImage />
          <showFrame>no</showFrame>
          <showFolder>yes</showFolder>
          <showBackGround>no</showBackGround>
          <showInfoImage>no</showInfoImage>
					<thumbAnimation effect="zoom" acceleration="-2" start="100,100" reversible="false" end="138,138" center="0,650" time="200">focus</thumbAnimation>
					<thumbAnimation effect="zoom" start="138,138" reversible="false" end="100,100" center="0,650" time="100">unfocus</thumbAnimation>
          <spinPosX>1565</spinPosX>
          <spinPosY>1685</spinPosY>
          <spinCanFocus>no</spinCanFocus>
          <scrollOffset>3</scrollOffset>
					<dimColor>ffffffff</dimColor>
          <visible>string.equals(#WorldWeather.View,Image)+string.equals(#WorldWeather.ImageView,Filmstrip)+!string.equals(#WorldWeather.ImageSatellite, )</visible>
        </control>
        <!-- *** Image coverflow *** -->
        <control>
				  <description>Cover Flow view</description>
				  <type>coverflow</type>
				  <colordiffuse>90ffffff</colordiffuse>
				  <dimColor>90ffffff</dimColor>
				  <id>50</id>
          <onleft>5</onleft>
          <onright>5</onright>
          <onup>5</onup>
          <ondown>5</ondown>
					<posX>0</posX>
					<posY>322</posY>
					<width>1020</width>
					<height>1080</height>
				  <selectedCard>0</selectedCard>
			  	<cardWidth>723</cardWidth>
			  	<cardHeight>484</cardHeight>
				  <angle>65</angle>
				  <sideShift>410</sideShift>
				  <sideGap>210</sideGap>
				  <sideDepth>280</sideDepth>
				  <offsetY>0</offsetY>
				  <selectedOffsetY>0</selectedOffsetY>
				  <speed>8</speed>
				  <showFrame>yes</showFrame>
				  <frame>-</frame>
				  <frameFocus>-</frameFocus>
				  <frameWidth>723</frameWidth>
				  <frameHeight>484</frameHeight>
				  <spinSpeed>8</spinSpeed>
				  <unfocusedAlpha>FF</unfocusedAlpha>
				  <folderPrefix></folderPrefix>
					<textYOff>20</textYOff>
					<textXOff>200</textXOff>
					<font>fontB12</font>
				  <label1>#selecteditem</label1>
				  <textColor>FFFFFFFF</textColor>
				  <remoteColor>FFFF0000</remoteColor>
				  <playedColor>FFA0D0FF</playedColor>
				  <downloadColor>FF00FF00</downloadColor>
				  <selectedColor>FFFFFFFF</selectedColor>
				  <shadowAngle>45</shadowAngle>
				  <shadowDistance>0</shadowDistance>
				  <shadowColor>FF000000</shadowColor>
				  <label1YOff>2405</label1YOff>
				  <label2YOff>2430</label2YOff>
				  <pageSize>5</pageSize>
				  <keepaspectratio>yes</keepaspectratio>
	        <scrollbarLeft>-</scrollbarLeft>
	        <scrollbarRight>-</scrollbarRight>
	        <scrollbarWidth>689</scrollbarWidth>
					<scrollbarHeight>4</scrollbarHeight>
	        <scrollbarYOff>597</scrollbarYOff>
				  <spinPosX>1832</spinPosX>
			    <spinPosY>880</spinPosY>
			    <cards flipY="true" diffuse="Thumb_Mask_test.png" mask="pictures_filmstrip_mask.png"></cards>
	        <visible>string.equals(#WorldWeather.View,Image)+string.equals(#WorldWeather.ImageView,Coverflow)+!string.equals(#WorldWeather.ImageSatellite, )</visible>
        </control>
      </control>
    </control>
  </controls>
</window>
